Nome,Aeroporto,Cartões aceitos,Comodidades,Completude,Descrição,Dias da semana,Falta,Foto de capa,Galeria,Horário,IATA,ID Supabase,Núm. fotos,País,Prioridade,Status curadoria,Tempo máx permanência,Terminal,Website,Última atualização banco
Air New Zealand Lounge AKL,"AKL · Auckland, Nova Zelândia",Star Alliance Gold,"Ar condicionado, Bar, Centro de negócios, Chuveiro, Comida, Vista, Wi-Fi",60,Embarque internacional,,"3+ fotos, 5+ fotos, dias da semana, tempo máx",https://upload.wikimedia.org/wikipedia/commons/c/c8/Auckland_International_Airport_2017_aerial.png,https://upload.wikimedia.org/wikipedia/commons/c/c8/Auckland_International_Airport_2017_aerial.png,05:00-23:00,AKL,1827500b-e04e-4bd5-a471-7e3055217025,1,Nova Zelândia,Baixa,Pendente,,International Terminal,,22 de maio de 2026
Sala VIP Avianca,"BOG · Bogotá, Colômbia",,,20,"Aeropuerto Internacional El Dorado (Terminal 1), Bogotá, Bogotá D.C.",,"3+ fotos, 5+ fotos, cartões aceitos, comodidades, dias da semana, horário, localização exata, tempo máx",https://upload.wikimedia.org/wikipedia/commons/e/e0/Aerial_view_of_SJU.jpg,https://upload.wikimedia.org/wikipedia/commons/e/e0/Aerial_view_of_SJU.jpg,,BOG,f2fcac6c-1643-4c48-9133-33b0279e24b7,1,Colômbia,Alta,Pendente,,,http://www.avianca.com/,26 de maio de 2026
Star Alliance First Class Lounge,"CDG · Paris, França",,,20,"Terminal 2E - Hall M (CDG Airport), Paris",,"3+ fotos, 5+ fotos, cartões aceitos, comodidades, dias da semana, horário, localização exata, tempo máx",https://upload.wikimedia.org/wikipedia/commons/1/1e/N957JB_JFK_Landing_4R_B6_A321_231_Knock_Knock_Blue%27s_There%21_Small.png,https://upload.wikimedia.org/wikipedia/commons/1/1e/N957JB_JFK_Landing_4R_B6_A321_231_Knock_Knock_Blue%27s_There%21_Small.png,,CDG,f862e0c1-e4e2-490c-8ea1-09efffa65450,1,França,Alta,Pendente,,,,26 de maio de 2026
Sala Vip American Airlines,"BOG · Bogotá, Colômbia",,,20,"Aeropuerto El Dorado, Bogotá D.C.",,"3+ fotos, 5+ fotos, cartões aceitos, comodidades, dias da semana, horário, localização exata, tempo máx",https://upload.wikimedia.org/wikipedia/commons/e/e0/Aerial_view_of_SJU.jpg,https://upload.wikimedia.org/wikipedia/commons/e/e0/Aerial_view_of_SJU.jpg,,BOG,803994d0-97b5-4f2e-bb8f-098fc7381030,1,Colômbia,Alta,Pendente,,,,26 de maio de 2026
Sala VIP LATAM,"BOG · Bogotá, Colômbia",,,20,"Aeropuerto Internacional El Dorado, Bogotá, Bogotá D.C.",,"3+ fotos, 5+ fotos, cartões aceitos, comodidades, dias da semana, horário, localização exata, tempo máx",https://upload.wikimedia.org/wikipedia/commons/0/06/Aerial_View_of_Mexico_City_Airport_on_3.21.11_%28cropped%29.jpg,https://upload.wikimedia.org/wikipedia/commons/0/06/Aerial_View_of_Mexico_City_Airport_on_3.21.11_%28cropped%29.jpg,,BOG,852a387d-e7d0-4554-ab67-f69bc50b0bee,1,Colômbia,Alta,Pendente,,,,26 de maio de 2026
LATAM First Class Lounge,"GIG · Rio de Janeiro, Brasil",,,20,"Terminal 2 (Aeroporto do Galeão), Rio de Janeiro, RJ, 21941-900",,"3+ fotos, 5+ fotos, cartões aceitos, comodidades, dias da semana, horário, localização exata, tempo máx",https://upload.wikimedia.org/wikipedia/commons/1/19/JA02WJ_JFK_Landing_22L_JL_A350_1041_Small_%2853548157200%29.png,https://upload.wikimedia.org/wikipedia/commons/1/19/JA02WJ_JFK_Landing_22L_JL_A350_1041_Small_%2853548157200%29.png,,GIG,3967ea61-a2ee-4495-a180-ec18dcaa63e5,1,Brasil,Alta,Pendente,,,https://www.latam.com,26 de maio de 2026
Lufthansa Business Lounge A26,"FRA · Frankfurt, Alemanha",,,10,"Terminal 1, near Gate A26 (FRA Airport), 60547 Frankfurt am Main",,"1+ foto, 3+ fotos, 5+ fotos, cartões aceitos, comodidades, dias da semana, horário, localização exata, tempo máx",https://upload.wikimedia.org/wikipedia/commons/4/45/Berlin_Brandenburg_Airport_Terminal_1.jpg,https://upload.wikimedia.org/wikipedia/commons/4/45/Berlin_Brandenburg_Airport_Terminal_1.jpg,,FRA,7361fc98-e8c2-4c3e-9143-4434c2a61008,0,Alemanha,Alta,Pendente,,,http://www.lufthansa.com/de/en/lounges,26 de maio de 2026
Sala VIP Diamond,"BOG · Bogotá, Colômbia",,,10,"Aeropuerto BOG (Terminal Internacional), Bogotá, Bogotá D.C.",,"1+ foto, 3+ fotos, 5+ fotos, cartões aceitos, comodidades, dias da semana, horário, localização exata, tempo máx",,,,BOG,80a370ed-5643-4a62-9a3a-ea3a7c44ac9c,0,Colômbia,Alta,Pendente,,,http://www.avianca.com/,26 de maio de 2026
Etihad Lounge,"CDG · Paris, França",,,20,"Terminal 2E - Hall L (CDG Airport), Paris",,"3+ fotos, 5+ fotos, cartões aceitos, comodidades, dias da semana, horário, localização exata, tempo máx",https://upload.wikimedia.org/wikipedia/en/f/f7/210720_NQZ_Terminal_view.jpg,https://upload.wikimedia.org/wikipedia/en/f/f7/210720_NQZ_Terminal_view.jpg,,CDG,baa60fc0-1462-4767-bea9-fcc5967789a8,1,França,Alta,Pendente,,,,26 de maio de 2026
Visa Lounge,"EZE · Buenos Aires, Argentina",,,20,"B1802 Ezeiza, Buenos Aires",,"3+ fotos, 5+ fotos, cartões aceitos, comodidades, dias da semana, horário, localização exata, tempo máx",https://upload.wikimedia.org/wikipedia/commons/9/92/Washington_Dulles_International_Airport_at_Dusk.jpg,https://upload.wikimedia.org/wikipedia/commons/9/92/Washington_Dulles_International_Airport_at_Dusk.jpg,,EZE,eb41acd3-c2cd-4cf2-a852-a9a2a90fdb8f,1,Argentina,Alta,Pendente,,,,26 de maio de 2026
The Emirates Lounge,"CDG · Paris, França",,,20,"Terminal 2C (CDG Airport), Paris",,"3+ fotos, 5+ fotos, cartões aceitos, comodidades, dias da semana, horário, localização exata, tempo máx",https://upload.wikimedia.org/wikipedia/commons/f/fd/9V-SGB_JFK_Taxiing_In_SQ_A359_941_ULR_Small.png,https://upload.wikimedia.org/wikipedia/commons/f/fd/9V-SGB_JFK_Taxiing_In_SQ_A359_941_ULR_Small.png,,CDG,f9e12303-f0ed-4744-97af-a589727ede68,1,França,Alta,Pendente,,,,26 de maio de 2026
Plaza Premium Lounge Doméstico,"GIG · Rio de Janeiro, Brasil",,,10,"Mezanino, Terminal 2 (Aeroporto do Galeão), Rio de Janeiro, RJ, 21941-900",,"1+ foto, 3+ fotos, 5+ fotos, cartões aceitos, comodidades, dias da semana, horário, localização exata, tempo máx",,,,GIG,c30c38cf-1f40-4c73-a2c9-66066b6bef48,0,Brasil,Alta,Pendente,,,,26 de maio de 2026
Privium Airside Lounge,"AMS · Amsterdã, Países Baixos",,,10,"Holland Boulevard (AMS Airport), 1118 AP Schiphol",,"1+ foto, 3+ fotos, 5+ fotos, cartões aceitos, comodidades, dias da semana, horário, localização exata, tempo máx",,,,AMS,64d57fd8-f7dc-44fe-827d-98ae131dde23,0,Países Baixos,Alta,Pendente,,,https://www.schiphol.nl/en/at-schiphol/services/privium-airside-lounge,26 de maio de 2026
KLM Crown Lounge (Schengen),"AMS · Amsterdã, Países Baixos",,,10,"Concourse D (AMS Airport), 1118 CP Schiphol",,"1+ foto, 3+ fotos, 5+ fotos, cartões aceitos, comodidades, dias da semana, horário, localização exata, tempo máx",,,,AMS,e2abae35-7670-4b7f-88b2-7cb05307abb4,0,Países Baixos,Alta,Pendente,,,https://lounge.klm.com/client/lounge25/home,26 de maio de 2026
The Centurion Lounge,"EZE · Buenos Aires, Argentina",,,20,"Terminal C (Puerta 15), B1802EZE Ezeiza, Buenos Aires",,"3+ fotos, 5+ fotos, cartões aceitos, comodidades, dias da semana, horário, localização exata, tempo máx",https://upload.wikimedia.org/wikipedia/commons/d/de/Sala_Dal%C3%AD_-_Rinc%C3%B3n_del_Vino_%285657319902%29.jpg,https://upload.wikimedia.org/wikipedia/commons/d/de/Sala_Dal%C3%AD_-_Rinc%C3%B3n_del_Vino_%285657319902%29.jpg,,EZE,ad5cb6b0-7af9-4180-8ee3-1eb7e0b38d7e,1,Argentina,Alta,Pendente,,,http://www.americanexpress.com,26 de maio de 2026
Lufthansa Business Lounge B Ost,"FRA · Frankfurt, Alemanha",,,20,"Terminal 1, near Gates B44-B48 (FRA Airport), 60547 Frankfurt am Main",,"3+ fotos, 5+ fotos, cartões aceitos, comodidades, dias da semana, horário, localização exata, tempo máx",https://upload.wikimedia.org/wikipedia/commons/0/0d/Franz_Josef_Strauss_International_Airport_%28Munich%29.jpg,https://upload.wikimedia.org/wikipedia/commons/0/0d/Franz_Josef_Strauss_International_Airport_%28Munich%29.jpg,,FRA,8025b25b-000d-44f6-8aaa-ab2a6aada7f5,1,Alemanha,Alta,Pendente,,,http://www.lufthansa.com/de/en/lounges,26 de maio de 2026
Lufthansa Business Lounge A13,"FRA · Frankfurt, Alemanha",,,20,"Terminal 1, near Gate A13 (FRA Airport), 60549 Frankfurt am Main",,"3+ fotos, 5+ fotos, cartões aceitos, comodidades, dias da semana, horário, localização exata, tempo máx",https://upload.wikimedia.org/wikipedia/commons/4/45/Berlin_Brandenburg_Airport_Terminal_1.jpg,https://upload.wikimedia.org/wikipedia/commons/4/45/Berlin_Brandenburg_Airport_Terminal_1.jpg,,FRA,027218cd-7589-4950-ab2a-58b6a6d608bb,1,Alemanha,Alta,Pendente,,,http://www.lufthansa.com/de/en/lounges,26 de maio de 2026
Plaza Premium Lounge Pública,"GIG · Rio de Janeiro, Brasil",,,10,"Piso Premium, Estacionamento, Terminal 2 (Aeroporto do Galeão), Rio de Janeiro, RJ, 21941-900",,"1+ foto, 3+ fotos, 5+ fotos, cartões aceitos, comodidades, dias da semana, horário, localização exata, tempo máx",,,,GIG,b33fc4ec-99a6-44c3-81f7-7c976f5f2e62,0,Brasil,Alta,Pendente,,,http://www.plaza-network.com,26 de maio de 2026
Salón VIP LATAM,"EZE · Buenos Aires, Argentina",,,20,"Terminal B (Pre-embarque), 1804 Ezeiza, Buenos Aires",,"3+ fotos, 5+ fotos, cartões aceitos, comodidades, dias da semana, horário, localização exata, tempo máx",https://upload.wikimedia.org/wikipedia/commons/0/06/Aerial_View_of_Mexico_City_Airport_on_3.21.11_%28cropped%29.jpg,https://upload.wikimedia.org/wikipedia/commons/0/06/Aerial_View_of_Mexico_City_Airport_on_3.21.11_%28cropped%29.jpg,,EZE,80d99d6d-6b3b-4b06-be42-ae6da017cfec,1,Argentina,Alta,Pendente,,,http://www.lan.com,26 de maio de 2026
Star Alliance Lounge 27,"AMS · Amsterdã, Países Baixos",,,20,"Departures 1 (AMS Airport), 1118 CB Schiphol",,"3+ fotos, 5+ fotos, cartões aceitos, comodidades, dias da semana, horário, localização exata, tempo máx",https://upload.wikimedia.org/wikipedia/en/f/f7/210720_NQZ_Terminal_view.jpg,https://upload.wikimedia.org/wikipedia/en/f/f7/210720_NQZ_Terminal_view.jpg,,AMS,6fc1e25d-a808-4c52-8fbf-2e182d5a2779,1,Países Baixos,Alta,Pendente,,,,26 de maio de 2026
Avianca Lounge,"BOG · Bogotá, Colômbia",,,20,"Bogotá, Bogotá D.C.",,"3+ fotos, 5+ fotos, cartões aceitos, comodidades, dias da semana, horário, localização exata, tempo máx",https://upload.wikimedia.org/wikipedia/commons/9/96/El-dorado-from-air.jpg,https://upload.wikimedia.org/wikipedia/commons/9/96/El-dorado-from-air.jpg,,BOG,cb43c3d9-ba95-4fa6-b318-8405269ac658,1,Colômbia,Alta,Pendente,,,,26 de maio de 2026
Lufthansa First Class Lounge B,"FRA · Frankfurt, Alemanha",,,20,"Terminal 1, near Gate B22 (FRA Airport), 60547 Frankfurt am Main",,"3+ fotos, 5+ fotos, cartões aceitos, comodidades, dias da semana, horário, localização exata, tempo máx",https://upload.wikimedia.org/wikipedia/commons/f/f1/Oslo_Airport_terminal_night_view.jpg,https://upload.wikimedia.org/wikipedia/commons/f/f1/Oslo_Airport_terminal_night_view.jpg,,FRA,ab0b9f38-8a5c-4ca2-bfc4-5721545e4b59,1,Alemanha,Alta,Pendente,,,http://www.lufthansa.com/de/en/lounges,26 de maio de 2026
Cathay Pacific Lounge,"CDG · Paris, França",,,20,"Terminal 2E - Hall L (CDG Airport), Paris",,"3+ fotos, 5+ fotos, cartões aceitos, comodidades, dias da semana, horário, localização exata, tempo máx",https://upload.wikimedia.org/wikipedia/commons/f/fd/9V-SGB_JFK_Taxiing_In_SQ_A359_941_ULR_Small.png,https://upload.wikimedia.org/wikipedia/commons/f/fd/9V-SGB_JFK_Taxiing_In_SQ_A359_941_ULR_Small.png,,CDG,833e99ae-cde8-4d7f-867c-5687fc5f1854,1,França,Alta,Pendente,,,,26 de maio de 2026
Star Alliance Lounge (Non-Schengen),"CDG · Paris, França",,,20,"Terminal 2E (CDG Airport), Paris",,"3+ fotos, 5+ fotos, cartões aceitos, comodidades, dias da semana, horário, localização exata, tempo máx",https://upload.wikimedia.org/wikipedia/commons/e/ef/Croisement_Thalys-Eurostar_Neige_en_Savoie_%28f%C3%A9vrier_2023%29.JPG,https://upload.wikimedia.org/wikipedia/commons/e/ef/Croisement_Thalys-Eurostar_Neige_en_Savoie_%28f%C3%A9vrier_2023%29.JPG,,CDG,98848301-d841-4c46-96a4-adb222d52a81,1,França,Alta,Pendente,,,,26 de maio de 2026
Air France Lounge La Première,"CDG · Paris, França",,,20,"Terminal 2E - Hall L (CDG Airport), Paris",,"3+ fotos, 5+ fotos, cartões aceitos, comodidades, dias da semana, horário, localização exata, tempo máx",https://upload.wikimedia.org/wikipedia/commons/b/b5/Air_France_Boeing_777-300ER_F-GSQM_IAD_VA1.jpg,https://upload.wikimedia.org/wikipedia/commons/b/b5/Air_France_Boeing_777-300ER_F-GSQM_IAD_VA1.jpg,,CDG,e86d7f76-686c-488b-9bff-baa8b9f19260,1,França,Alta,Pendente,,,,26 de maio de 2026
Lounge British Airways,"GIG · Rio de Janeiro, Brasil",,,20,"Terminal 2 (Aeroporto do Galeão), Rio de Janeiro, RJ, 21941-900",,"3+ fotos, 5+ fotos, cartões aceitos, comodidades, dias da semana, horário, localização exata, tempo máx",https://upload.wikimedia.org/wikipedia/commons/1/19/JA02WJ_JFK_Landing_22L_JL_A350_1041_Small_%2853548157200%29.png,https://upload.wikimedia.org/wikipedia/commons/1/19/JA02WJ_JFK_Landing_22L_JL_A350_1041_Small_%2853548157200%29.png,,GIG,bdb29ec1-53e6-4ae1-9463-b99bf3f3e87d,1,Brasil,Alta,Pendente,,,,26 de maio de 2026
OneWorld Lounge,"GIG · Rio de Janeiro, Brasil",,,20,"Terminal 2 (Aeroporto do Galeão), Rio de Janeiro, RJ, 21941-900",,"3+ fotos, 5+ fotos, cartões aceitos, comodidades, dias da semana, horário, localização exata, tempo máx",https://upload.wikimedia.org/wikipedia/commons/b/b1/DNA_Lounge_daytime.jpg,https://upload.wikimedia.org/wikipedia/commons/b/b1/DNA_Lounge_daytime.jpg,,GIG,c35e1136-6856-438f-a9cf-311b1c6fb663,1,Brasil,Alta,Pendente,,,,26 de maio de 2026
Sala VIP Diamond (Terminal T1 - Nacional),"BOG · Bogotá, Colômbia",,,10,"Bogotá, Bogotá D.C.",,"1+ foto, 3+ fotos, 5+ fotos, cartões aceitos, comodidades, dias da semana, horário, localização exata, tempo máx",,,,BOG,ef18755a-5494-4771-9236-6d4abccfe561,0,Colômbia,Alta,Pendente,,,,26 de maio de 2026
"Aerolineas Argentinas VIP Lounge ""Salón Condor""","EZE · Buenos Aires, Argentina",,,10,"Terminal C (Aeropuerto EZE), 1804 Ezeiza, Buenos Aires",,"1+ foto, 3+ fotos, 5+ fotos, cartões aceitos, comodidades, dias da semana, horário, localização exata, tempo máx",,,,EZE,dd076cf1-05df-445b-abeb-28e11cd9cf49,0,Argentina,Alta,Pendente,,,http://www.aerolineas.com.ar/es-AR/ReservasServicios/SalonCondor,26 de maio de 2026
Air France Lounge,"CDG · Paris, França",,,20,"Terminal 2E - Hall L (CDG Airport), Paris, Île-de-France",,"3+ fotos, 5+ fotos, cartões aceitos, comodidades, dias da semana, horário, localização exata, tempo máx",https://upload.wikimedia.org/wikipedia/commons/b/b5/Air_France_Boeing_777-300ER_F-GSQM_IAD_VA1.jpg,https://upload.wikimedia.org/wikipedia/commons/b/b5/Air_France_Boeing_777-300ER_F-GSQM_IAD_VA1.jpg,,CDG,c4fd8f71-061b-4fd7-a7d2-c30e4f8b5d3f,1,França,Alta,Pendente,,,,26 de maio de 2026
KLM Crown Lounge (Non-Schengen),"AMS · Amsterdã, Países Baixos",,,10,"Concourse F (AMS Airport), 1118 CP Luchthaven Schiphol",,"1+ foto, 3+ fotos, 5+ fotos, cartões aceitos, comodidades, dias da semana, horário, localização exata, tempo máx",,,,AMS,c221eeb6-cf8d-4a01-bb63-6674d9f3555b,0,Países Baixos,Alta,Pendente,,,https://lounge.klm.com/client/lounge52/home,26 de maio de 2026
Sala VIP Avianca Silver & Gold,"BOG · Bogotá, Colômbia",,,10,"Bogotá, Bogotá D.C.",,"1+ foto, 3+ fotos, 5+ fotos, cartões aceitos, comodidades, dias da semana, horário, localização exata, tempo máx",,,,BOG,692eeaa2-0c63-4178-9b1a-0661f06625fa,0,Colômbia,Alta,Pendente,,,,26 de maio de 2026
Star Alliance Lounge,"EZE · Buenos Aires, Argentina",,,20,"Terminal B (2º Piso), B1802EZE Ezeiza, Buenos Aires",,"3+ fotos, 5+ fotos, cartões aceitos, comodidades, dias da semana, horário, localização exata, tempo máx",https://upload.wikimedia.org/wikipedia/commons/a/ab/4X-EDN_Micha.jpg,https://upload.wikimedia.org/wikipedia/commons/a/ab/4X-EDN_Micha.jpg,,EZE,67a1c4b3-4b7a-4716-a3b2-00eacc5e4574,1,Argentina,Alta,Pendente,,,http://www.staralliance.com/en/benefits/status-benefits/lounges/star-alliance-lounge-buenos-aires/,26 de maio de 2026
Sala VIP Aeropuerto Internacional El Dorado,"BOG · Bogotá, Colômbia",,,0,,,"1+ foto, 3+ fotos, 5+ fotos, cartões aceitos, comodidades, descrição, dias da semana, horário, localização exata, tempo máx",,,,BOG,2523492d-61f9-4e2e-81f1-f0888f64d930,0,Colômbia,Alta,Pendente,,,,26 de maio de 2026
Ezeiza Lounge - American Express,"EZE · Buenos Aires, Argentina",,,20,"Terminal C, B1802 Ezeiza, Buenos Aires",,"3+ fotos, 5+ fotos, cartões aceitos, comodidades, dias da semana, horário, localização exata, tempo máx",https://upload.wikimedia.org/wikipedia/commons/f/fd/9V-SGB_JFK_Taxiing_In_SQ_A359_941_ULR_Small.png,https://upload.wikimedia.org/wikipedia/commons/f/fd/9V-SGB_JFK_Taxiing_In_SQ_A359_941_ULR_Small.png,,EZE,4167b9dd-bf86-425f-9571-4ddd00a936a2,1,Argentina,Alta,Pendente,,,http://www.americanexpress.com,26 de maio de 2026
BBVA Lounge,"EZE · Buenos Aires, Argentina",,,20,"B1802 Ezeiza, Buenos Aires",,"3+ fotos, 5+ fotos, cartões aceitos, comodidades, dias da semana, horário, localização exata, tempo máx",https://upload.wikimedia.org/wikipedia/commons/8/88/Lima_Peru_Miraflores_Hotel_Skyline.jpg,https://upload.wikimedia.org/wikipedia/commons/8/88/Lima_Peru_Miraflores_Hotel_Skyline.jpg,,EZE,bd77219a-ca38-42da-bf93-81563410d007,1,Argentina,Alta,Pendente,,,,26 de maio de 2026
Emirates Airlines First/Business Lounge,"EZE · Buenos Aires, Argentina",,,20,"Terminal C, 1804 Ezeiza, Buenos Aires",,"3+ fotos, 5+ fotos, cartões aceitos, comodidades, dias da semana, horário, localização exata, tempo máx",https://upload.wikimedia.org/wikipedia/commons/f/fd/9V-SGB_JFK_Taxiing_In_SQ_A359_941_ULR_Small.png,https://upload.wikimedia.org/wikipedia/commons/f/fd/9V-SGB_JFK_Taxiing_In_SQ_A359_941_ULR_Small.png,,EZE,fb6bd5ea-d836-4301-b107-57376aaaf3be,1,Argentina,Alta,Pendente,,,,26 de maio de 2026
First Class & Business Class Lounge,"CDG · Paris, França",,,20,"Terminal 2E, Paris",,"3+ fotos, 5+ fotos, cartões aceitos, comodidades, dias da semana, horário, localização exata, tempo máx",https://upload.wikimedia.org/wikipedia/commons/c/c8/La_Compagnie_Airbus_A321-251NX_F-HBUZ_approaching_Newark_Airport.jpg,https://upload.wikimedia.org/wikipedia/commons/c/c8/La_Compagnie_Airbus_A321-251NX_F-HBUZ_approaching_Newark_Airport.jpg,,CDG,f6950ed0-7b88-430d-b4e1-78d1635563eb,1,França,Alta,Pendente,,,,26 de maio de 2026
Salon VIP Aeropuertos Argentina 2000,"EZE · Buenos Aires, Argentina",,,20,"Terminal A, B1802EZE Ezeiza, Buenos Aires",,"3+ fotos, 5+ fotos, cartões aceitos, comodidades, dias da semana, horário, localização exata, tempo máx",https://upload.wikimedia.org/wikipedia/commons/7/7a/Parque_Bicentenario_2017_looking_south.jpg,https://upload.wikimedia.org/wikipedia/commons/7/7a/Parque_Bicentenario_2017_looking_south.jpg,,EZE,47090cbc-f4d7-43a8-a300-7a3f1ffddc02,1,Argentina,Alta,Pendente,,,,26 de maio de 2026
Qatar Airways Premium Lounge,"CDG · Paris, França",,,20,"Terminal 2E - Hall L (CDG Airport), Paris",,"3+ fotos, 5+ fotos, cartões aceitos, comodidades, dias da semana, horário, localização exata, tempo máx",https://upload.wikimedia.org/wikipedia/commons/f/fd/9V-SGB_JFK_Taxiing_In_SQ_A359_941_ULR_Small.png,https://upload.wikimedia.org/wikipedia/commons/f/fd/9V-SGB_JFK_Taxiing_In_SQ_A359_941_ULR_Small.png,,CDG,eca6be7b-32fa-42ba-b665-05edb3f73db8,1,França,Alta,Pendente,,,,26 de maio de 2026
Plaza Premium Lounge International,"GIG · Rio de Janeiro, Brasil",,,20,"3º Andar, Terminal 2 (Aeroporto do Galeão), Rio de Janeiro, RJ, 21941-900",,"3+ fotos, 5+ fotos, cartões aceitos, comodidades, dias da semana, horário, localização exata, tempo máx",https://upload.wikimedia.org/wikipedia/commons/d/da/LasVegas-MGMgrand.jpg,https://upload.wikimedia.org/wikipedia/commons/d/da/LasVegas-MGMgrand.jpg,,GIG,1724363d-66b3-4bff-9848-4ea002755df7,1,Brasil,Alta,Pendente,,,,26 de maio de 2026
Lufthansa Senator Lounge B,"FRA · Frankfurt, Alemanha",,,20,"Terminal 1, next to Gate B43 (FRA Airport), 60549 Frankfurt am Main",,"3+ fotos, 5+ fotos, cartões aceitos, comodidades, dias da semana, horário, localização exata, tempo máx",https://upload.wikimedia.org/wikipedia/commons/7/73/Detroit_Metropolitan_Airport_Aerial_-_November_2015_%2845764509704%29.jpg,https://upload.wikimedia.org/wikipedia/commons/7/73/Detroit_Metropolitan_Airport_Aerial_-_November_2015_%2845764509704%29.jpg,,FRA,18c69908-2926-433a-a00d-42b8a77f4b62,1,Alemanha,Alta,Pendente,,,http://www.lufthansa.com/de/en/lounges,26 de maio de 2026
Lufthansa Senator Lounge Z,"FRA · Frankfurt, Alemanha",,,20,"Terminal 1, near Gate Z50 (FRA Airport), 60549 Frankfurt am Main",,"3+ fotos, 5+ fotos, cartões aceitos, comodidades, dias da semana, horário, localização exata, tempo máx",https://upload.wikimedia.org/wikipedia/commons/9/92/Washington_Dulles_International_Airport_at_Dusk.jpg,https://upload.wikimedia.org/wikipedia/commons/9/92/Washington_Dulles_International_Airport_at_Dusk.jpg,,FRA,618cc5c0-691a-4ee0-84a4-7150d4305974,1,Alemanha,Alta,Pendente,,,http://www.lufthansa.com/de/en/lounges,26 de maio de 2026
Copa Airlines Sala Elite,"BOG · Bogotá, Colômbia",,,20,"Aeropuerto Internacional El Dorado - Muelle Nacion, Bogotá, Bogotá D.C.",,"3+ fotos, 5+ fotos, cartões aceitos, comodidades, dias da semana, horário, localização exata, tempo máx",https://upload.wikimedia.org/wikipedia/commons/0/06/Aerial_View_of_Mexico_City_Airport_on_3.21.11_%28cropped%29.jpg,https://upload.wikimedia.org/wikipedia/commons/0/06/Aerial_View_of_Mexico_City_Airport_on_3.21.11_%28cropped%29.jpg,,BOG,577a563c-c98d-428e-b2e3-834afd352683,1,Colômbia,Alta,Pendente,,,http://www.copa.com,26 de maio de 2026
Emirates Business Class Lounge,"GIG · Rio de Janeiro, Brasil",,,20,"Terminal 2 (Aeroporto do Galeão), Rio de Janeiro, RJ, 21941-900",,"3+ fotos, 5+ fotos, cartões aceitos, comodidades, dias da semana, horário, localização exata, tempo máx",https://upload.wikimedia.org/wikipedia/commons/2/29/London_Emirates_Stadium_arsenal.jpg,https://upload.wikimedia.org/wikipedia/commons/2/29/London_Emirates_Stadium_arsenal.jpg,,GIG,f2cef392-cd39-478b-825d-f2ff3299576a,1,Brasil,Alta,Pendente,,,,26 de maio de 2026
Gol KLM Air France VIP Lounge,"GIG · Rio de Janeiro, Brasil",,,20,"Terminal 2 (Aeroporto do Galeão), Rio de Janeiro, RJ, 21941-900",,"3+ fotos, 5+ fotos, cartões aceitos, comodidades, dias da semana, horário, localização exata, tempo máx",https://upload.wikimedia.org/wikipedia/commons/b/b5/Air_France_Boeing_777-300ER_F-GSQM_IAD_VA1.jpg,https://upload.wikimedia.org/wikipedia/commons/b/b5/Air_France_Boeing_777-300ER_F-GSQM_IAD_VA1.jpg,,GIG,17b86d37-e250-4bd2-ac46-fd90578d30ed,1,Brasil,Alta,Pendente,,,https://www.airfrance.com.br,26 de maio de 2026
TAP Premium Lounge,"LIS · Lisboa, Portugal",,,20,"Terminal 1 (LIS Airport), 1700 Lisboa",,"3+ fotos, 5+ fotos, cartões aceitos, comodidades, dias da semana, horário, localização exata, tempo máx",https://upload.wikimedia.org/wikipedia/commons/f/ff/Broadhurst_Theater_-_Frankie_and_Johnny_in_the_Clair_de_Lune_%2848193410426%29.jpg,https://upload.wikimedia.org/wikipedia/commons/f/ff/Broadhurst_Theater_-_Frankie_and_Johnny_in_the_Clair_de_Lune_%2848193410426%29.jpg,,LIS,3ae4bd63-f03c-4748-8632-469417b2aec2,1,Portugal,Alta,Pendente,,,http://flytap.com,26 de maio de 2026
Lisbon Lounge,"LIS · Lisboa, Portugal",,,20,"Terminal 1 (LIS Airport), Lisboa",,"3+ fotos, 5+ fotos, cartões aceitos, comodidades, dias da semana, horário, localização exata, tempo máx",https://upload.wikimedia.org/wikipedia/commons/e/ed/T2Dublin_Airport-doyler79.jpg,https://upload.wikimedia.org/wikipedia/commons/e/ed/T2Dublin_Airport-doyler79.jpg,,LIS,3f572215-dbc5-42a0-8b81-786234a71ec5,1,Portugal,Alta,Pendente,,,,26 de maio de 2026
LATAM VIP Lounge (Sala VIP LATAM),"GRU · São Paulo, Brasil",,,20,"Terminal 3, Mezanino Área Restrita (GRU Airport), Guarulhos, SP, 07141-900",,"3+ fotos, 5+ fotos, cartões aceitos, comodidades, dias da semana, horário, localização exata, tempo máx",https://upload.wikimedia.org/wikipedia/commons/0/06/Aerial_View_of_Mexico_City_Airport_on_3.21.11_%28cropped%29.jpg,https://upload.wikimedia.org/wikipedia/commons/0/06/Aerial_View_of_Mexico_City_Airport_on_3.21.11_%28cropped%29.jpg,,GRU,600dd54d-a9b9-4ad0-96ed-f37d64dcdb2e,1,Brasil,Alta,Pendente,,,https://www.latamairlines.com/br/pt/experiencia/aeroporto/salas-vip,26 de maio de 2026
Sala Vip Retiro,"MAD · Madrid, Espanha",,,20,"Aeropuerto T4, 28042 Madrid Автономне співтовариство Мадрид",,"3+ fotos, 5+ fotos, cartões aceitos, comodidades, dias da semana, horário, localização exata, tempo máx",https://upload.wikimedia.org/wikipedia/commons/9/95/Imagens_da_Cidade_de_S%C3%A3o_Paulo_e_Zool%C3%B3gico_da_Capital_Paulista._%2847480340301%29.jpg,https://upload.wikimedia.org/wikipedia/commons/9/95/Imagens_da_Cidade_de_S%C3%A3o_Paulo_e_Zool%C3%B3gico_da_Capital_Paulista._%2847480340301%29.jpg,,MAD,d4898f84-f568-4338-803e-6a3c11779644,1,Espanha,Alta,Pendente,,,https://www.aena.es/es/madrid-barajas-adolfo-suarez/servicios-vip/salas-vip/sala-vip-retiro-t4.html,26 de maio de 2026
Visa Infinite Lounge,"GRU · São Paulo, Brasil",,,10,"Terminal 3, Embarque Área Restrita (Aeroporto de Guarulhos), Guarulhos, SP, 07141-900",,"1+ foto, 3+ fotos, 5+ fotos, cartões aceitos, comodidades, dias da semana, horário, localização exata, tempo máx",,,,GRU,6dd164c8-f396-4bc2-945e-8d86499e727c,0,Brasil,Alta,Pendente,,,https://www.visa.com.br/about-visa/visa-airport-companion.html#3,26 de maio de 2026
Crown Lounge,"AMM · Petra, Jordânia",,,20,"Queen Alia International Airport, عمان",,"3+ fotos, 5+ fotos, cartões aceitos, comodidades, dias da semana, horário, localização exata, tempo máx",https://upload.wikimedia.org/wikipedia/commons/5/5f/Ennio_Morricone_Cannes_2007.jpg,https://upload.wikimedia.org/wikipedia/commons/5/5f/Ennio_Morricone_Cannes_2007.jpg,,AMM,bbed67ab-a7b6-4782-8f1a-05e51d979612,1,Jordânia,Média,Pendente,,,https://www.rj.com/en/fly-rj/airport-lounges/crown-lounge,26 de maio de 2026
"THE LOUNGE, Salon VIP","SCL · Santiago, Chile",,,20,"Aeropuerto Internacional Comodoro Arturo Merino Benítez (SCL) (Banco De Chile), Pudahuel, Metropolitana de Santiago de Chile",,"3+ fotos, 5+ fotos, cartões aceitos, comodidades, dias da semana, horário, localização exata, tempo máx",https://upload.wikimedia.org/wikipedia/commons/d/d9/Kultfabrik_New_York_Tabledance_Limousine.jpg,https://upload.wikimedia.org/wikipedia/commons/d/d9/Kultfabrik_New_York_Tabledance_Limousine.jpg,,SCL,8bebc879-0053-46cb-8b1e-6cf6f5aa9f66,1,Chile,Alta,Pendente,,,http://www.thelounge.cl,26 de maio de 2026
Sala VIP Plaza Mayor,"MAD · Madrid, Espanha",,,20,"Aeropuerto Barajas, Madrid Comunidad de Madrid",,"3+ fotos, 5+ fotos, cartões aceitos, comodidades, dias da semana, horário, localização exata, tempo máx",https://upload.wikimedia.org/wikipedia/commons/7/74/Cine_Metro%2C_Santurce.jpg,https://upload.wikimedia.org/wikipedia/commons/7/74/Cine_Metro%2C_Santurce.jpg,,MAD,fd921bea-e96b-4a1f-8a86-c262cc3698c4,1,Espanha,Alta,Pendente,,,https://www.aena.es/es/madrid-barajas-adolfo-suarez/servicios-vip/salas-vip/sala-vip-plaza-mayor.html,26 de maio de 2026
Sala VIP Neptuno,"MAD · Madrid, Espanha",,,10,"Terminal 4 Satélite (MAD Airport), 28042 Madrid Comunidad de Madrid",,"1+ foto, 3+ fotos, 5+ fotos, cartões aceitos, comodidades, dias da semana, horário, localização exata, tempo máx",,,,MAD,f3b569de-c4d8-4611-858b-dbc176e289ad,0,Espanha,Alta,Pendente,,,https://www.aena.es/es/madrid-barajas-adolfo-suarez/servicios-vip/salas-vip/sala-vip-neptuno.html,26 de maio de 2026
Royal Jordanian (RJ) Crew Center,"AMM · Petra, Jordânia",,,20,"QAIA, عمان",,"3+ fotos, 5+ fotos, cartões aceitos, comodidades, dias da semana, horário, localização exata, tempo máx",https://upload.wikimedia.org/wikipedia/commons/d/d1/JY-BAB_170105_LHR_5597_%2835388632922%29.jpg,https://upload.wikimedia.org/wikipedia/commons/d/d1/JY-BAB_170105_LHR_5597_%2835388632922%29.jpg,,AMM,e7351081-0354-4f49-89fd-20abd66d9b03,1,Jordânia,Média,Pendente,,,https://crew.rj.com/wtouch/wtouch.exe/index?MAC=2&VER=1,26 de maio de 2026
British Airways Lounge,"LIS · Lisboa, Portugal",,,20,"Terminal 1 (LIS Airport), Lisboa",,"3+ fotos, 5+ fotos, cartões aceitos, comodidades, dias da semana, horário, localização exata, tempo máx",https://upload.wikimedia.org/wikipedia/commons/e/ed/T2Dublin_Airport-doyler79.jpg,https://upload.wikimedia.org/wikipedia/commons/e/ed/T2Dublin_Airport-doyler79.jpg,,LIS,a21b80c8-528a-4f87-9c80-ca03a4f0232e,1,Portugal,Alta,Pendente,,,,26 de maio de 2026
Lufthansa Senator Lounge,"LHR · Londres, Reino Unido",,,20,"LHR Terminal 2 (LHR Airport), Hillingdon, Greater London",,"3+ fotos, 5+ fotos, cartões aceitos, comodidades, dias da semana, horário, localização exata, tempo máx",https://upload.wikimedia.org/wikipedia/commons/9/92/Washington_Dulles_International_Airport_at_Dusk.jpg,https://upload.wikimedia.org/wikipedia/commons/9/92/Washington_Dulles_International_Airport_at_Dusk.jpg,,LHR,da029e24-8e28-4695-b6a8-4a20184f1943,1,Reino Unido,Alta,Pendente,,,,26 de maio de 2026
Plaza Premium Departure Lounge,"LHR · Londres, Reino Unido",,,20,"Terminal 2, Departures (LHR Airport), Hillingdon, Greater London, TW6 1AP",,"3+ fotos, 5+ fotos, cartões aceitos, comodidades, dias da semana, horário, localização exata, tempo máx",https://upload.wikimedia.org/wikipedia/commons/c/c7/Terminal_5_at_London_Heathrow_Airport%2C_2008.jpg,https://upload.wikimedia.org/wikipedia/commons/c/c7/Terminal_5_at_London_Heathrow_Airport%2C_2008.jpg,,LHR,2ec65636-0533-4888-b81d-ffe223ce3ee8,1,Reino Unido,Alta,Pendente,,,https://www.plazapremiumlounge.com,26 de maio de 2026
Star Alliance Lounge,"GIG · Rio de Janeiro, Brasil",,,20,"3º Andar, Terminal 2 (Aeroporto do Galeão), Rio de Janeiro, RJ, 21941-900",,"3+ fotos, 5+ fotos, cartões aceitos, comodidades, dias da semana, horário, localização exata, tempo máx",https://upload.wikimedia.org/wikipedia/commons/d/de/Sala_Dal%C3%AD_-_Rinc%C3%B3n_del_Vino_%285657319902%29.jpg,https://upload.wikimedia.org/wikipedia/commons/d/de/Sala_Dal%C3%AD_-_Rinc%C3%B3n_del_Vino_%285657319902%29.jpg,,GIG,74d9d850-2586-462a-9d66-bd2f940e6f0b,1,Brasil,Alta,Pendente,,,,26 de maio de 2026
LATAM VIP Lounge (Salón VIP LATAM),"SCL · Santiago, Chile",,,20,"Aeropuerto Internacional Comodoro Arturo Merino Benítez (SCL), Pudahuel, Metropolitana de Santiago de Chile",,"3+ fotos, 5+ fotos, cartões aceitos, comodidades, dias da semana, horário, localização exata, tempo máx",https://upload.wikimedia.org/wikipedia/commons/0/06/Aerial_View_of_Mexico_City_Airport_on_3.21.11_%28cropped%29.jpg,https://upload.wikimedia.org/wikipedia/commons/0/06/Aerial_View_of_Mexico_City_Airport_on_3.21.11_%28cropped%29.jpg,,SCL,f176c640-de05-48c7-9235-50078cadb80b,1,Chile,Alta,Pendente,,,,26 de maio de 2026
TAP Premium Lounge Atlântico,"LIS · Lisboa, Portugal",,,10,"Lisbon Airport, 1700-008 Lisboa",,"1+ foto, 3+ fotos, 5+ fotos, cartões aceitos, comodidades, dias da semana, horário, localização exata, tempo máx",,,,LIS,5893f568-ab12-40cb-90d0-7b6b8c2b0489,0,Portugal,Alta,Pendente,,,,26 de maio de 2026
Blue Lounge,"LIS · Lisboa, Portugal",,,20,"Terminal 1 (LIS Airport), 1704-801 Lisboa",,"3+ fotos, 5+ fotos, cartões aceitos, comodidades, dias da semana, horário, localização exata, tempo máx",https://upload.wikimedia.org/wikipedia/commons/d/d3/Kings_Theatre_Flatbush_finished_jeh.jpg,https://upload.wikimedia.org/wikipedia/commons/d/d3/Kings_Theatre_Flatbush_finished_jeh.jpg,,LIS,de50ec11-4c2a-42b1-ac05-cdb92300dad5,1,Portugal,Alta,Pendente,,,http://www.groundforce.pt/content/index.php?action=detailFo&rec=1435&lang=en,26 de maio de 2026
W Lounge,"GRU · São Paulo, Brasil",,,20,"Terminal 1, Mezanino Área Restrita (GRU Airport), Guarulhos, SP, 07141-900",,"3+ fotos, 5+ fotos, cartões aceitos, comodidades, dias da semana, horário, localização exata, tempo máx",https://upload.wikimedia.org/wikipedia/commons/e/e1/Sao_paulo_airport_terminal_3.jpg,https://upload.wikimedia.org/wikipedia/commons/e/e1/Sao_paulo_airport_terminal_3.jpg,,GRU,0bde4526-180b-41cc-9d0e-be78ed34af1e,1,Brasil,Alta,Pendente,,,https://wpremiumlounge.com,26 de maio de 2026
OneWorld Business/First Lounge,"SCL · Santiago, Chile",,,20,"Pudahuel, Metropolitana de Santiago de Chile",,"3+ fotos, 5+ fotos, cartões aceitos, comodidades, dias da semana, horário, localização exata, tempo máx",https://upload.wikimedia.org/wikipedia/commons/a/a9/%C3%81rea_Metropolitana_de_Santiago_de_Chile_en_2024%2C_vista_satelital_%28cropped%29.jpeg,https://upload.wikimedia.org/wikipedia/commons/a/a9/%C3%81rea_Metropolitana_de_Santiago_de_Chile_en_2024%2C_vista_satelital_%28cropped%29.jpeg,,SCL,c4c6e67a-9be3-4f85-a5e8-7a3b9c1f0b68,1,Chile,Alta,Pendente,,,,26 de maio de 2026
ANA Lounge,"LIS · Lisboa, Portugal",,,20,"Terminal 1 (LIS Airport), 1700 Lisboa",,"3+ fotos, 5+ fotos, cartões aceitos, comodidades, dias da semana, horário, localização exata, tempo máx",https://upload.wikimedia.org/wikipedia/commons/e/eb/Perth_Intl_front_side_on_2015.jpg,https://upload.wikimedia.org/wikipedia/commons/e/eb/Perth_Intl_front_side_on_2015.jpg,,LIS,97cb0eb0-7938-49e5-a8b2-4e6c543146ae,1,Portugal,Alta,Pendente,,,https://www.ana.pt/en/lis/services-shopping/premium-services/ana-lounge,26 de maio de 2026
Petra Lounge,"AMM · Petra, Jordânia",,,20,"Jiza, Queen Alia Airport., عمان",,"3+ fotos, 5+ fotos, cartões aceitos, comodidades, dias da semana, horário, localização exata, tempo máx",https://upload.wikimedia.org/wikipedia/commons/3/39/Queen_Alia_International_Airport_-_New_Terminal_-_2013.JPG,https://upload.wikimedia.org/wikipedia/commons/3/39/Queen_Alia_International_Airport_-_New_Terminal_-_2013.JPG,,AMM,0f36fa47-2257-415e-8db7-e60be1b6f6e2,1,Jordânia,Média,Pendente,,,,26 de maio de 2026
The Lounge,"GRU · São Paulo, Brasil",,,20,"Terminal 2, Mezanino Internacional - Área Restrita (Aeroporto de Guarulhos), Guarulhos, SP, 07141-900",,"3+ fotos, 5+ fotos, cartões aceitos, comodidades, dias da semana, horário, localização exata, tempo máx",https://upload.wikimedia.org/wikipedia/commons/e/e1/Sao_paulo_airport_terminal_3.jpg,https://upload.wikimedia.org/wikipedia/commons/e/e1/Sao_paulo_airport_terminal_3.jpg,,GRU,37088506-3cef-4a23-b65d-be579cf97adb,1,Brasil,Alta,Pendente,,,https://theloungesp.com.br,26 de maio de 2026
The Emirates Lounge,"LHR · Londres, Reino Unido",,,20,"Terminal 3 (LHR Airport), Hillingdon, Greater London",,"3+ fotos, 5+ fotos, cartões aceitos, comodidades, dias da semana, horário, localização exata, tempo máx",https://upload.wikimedia.org/wikipedia/commons/0/0d/London_-_Heathrow_%28LHR_-_EGLL%29_AN1572653.jpg,https://upload.wikimedia.org/wikipedia/commons/0/0d/London_-_Heathrow_%28LHR_-_EGLL%29_AN1572653.jpg,,LHR,cca31143-3d75-40e0-bcab-4904be0f7428,1,Reino Unido,Alta,Pendente,,,,26 de maio de 2026
Bradesco Cartões Lounge,"GRU · São Paulo, Brasil",,,10,"Terminal 2, Mezanino Doméstico - Área restrita (Aeroporto de Guarulhos), Guarulhos, SP, 07190-100",,"1+ foto, 3+ fotos, 5+ fotos, cartões aceitos, comodidades, dias da semana, horário, localização exata, tempo máx",,,,GRU,5b058c06-31ec-43cd-a621-52cc5e8c29f1,0,Brasil,Alta,Pendente,,,https://banco.bradesco/html/classic/produtos-servicos/cartoes/beneficios/salas-vip.shtm,26 de maio de 2026
Marhaba Plaza Premium Lounge,"AMM · Petra, Jordânia",,,10,"Queen Alia International Airport, Departure",,"1+ foto, 3+ fotos, 5+ fotos, cartões aceitos, comodidades, dias da semana, horário, localização exata, tempo máx",,,,AMM,c6737138-a802-4308-a813-4138b0931288,0,Jordânia,Média,Pendente,,,,26 de maio de 2026
Sala de Embarque N•30 SCL,"SCL · Santiago, Chile",,,0,,,"1+ foto, 3+ fotos, 5+ fotos, cartões aceitos, comodidades, descrição, dias da semana, horário, localização exata, tempo máx",,,,SCL,6ff6d257-5df4-4513-befe-72ec582f1458,0,Chile,Alta,Pendente,,,,26 de maio de 2026
Sala VIP Iberia Goya,"MAD · Madrid, Espanha",,,10,"T4S (Aeropuerto de Madrid-Barajas (MAD)), 28042 Madrid Comunidad de Madrid",,"1+ foto, 3+ fotos, 5+ fotos, cartões aceitos, comodidades, dias da semana, horário, localização exata, tempo máx",,,,MAD,b9b26754-5d48-4a34-9e10-242d7697a3df,0,Espanha,Alta,Pendente,,,http://www.iberia.com/salas-vip/,26 de maio de 2026
Royal Jordanian CIP Lounge,"AMM · Petra, Jordânia",,,20,Amman,,"3+ fotos, 5+ fotos, cartões aceitos, comodidades, dias da semana, horário, localização exata, tempo máx",https://upload.wikimedia.org/wikipedia/commons/7/73/PK_Karachi_Airport_asv2020-01.jpg,https://upload.wikimedia.org/wikipedia/commons/7/73/PK_Karachi_Airport_asv2020-01.jpg,,AMM,ab420ef1-529c-4b31-ba6a-249fba583549,1,Jordânia,Média,Pendente,,,,26 de maio de 2026
Plaza Premium Lounge,"GRU · São Paulo, Brasil",,,20,"Terminal 2, Embarque Doméstico - Área Restrita (Aeroporto de Guarulhos), Guarulhos, SP, 07141-900",,"3+ fotos, 5+ fotos, cartões aceitos, comodidades, dias da semana, horário, localização exata, tempo máx",https://upload.wikimedia.org/wikipedia/commons/b/b9/JFK_Aerial_Nov_14_2018.jpg,https://upload.wikimedia.org/wikipedia/commons/b/b9/JFK_Aerial_Nov_14_2018.jpg,,GRU,5cc74b10-7eb9-4837-adec-01bab0741048,1,Brasil,Alta,Pendente,,,https://www.plazapremiumlounge.com,26 de maio de 2026
Mastercard Black Lounge,"GRU · São Paulo, Brasil",,,20,"Terminal 3, Mezanino Área Restrita (Aeroporto de Guarulhos), Guarulhos, SP, 07141-900",,"3+ fotos, 5+ fotos, cartões aceitos, comodidades, dias da semana, horário, localização exata, tempo máx",https://upload.wikimedia.org/wikipedia/commons/7/70/American_Express_Centurion_Card_front.jpg,https://upload.wikimedia.org/wikipedia/commons/7/70/American_Express_Centurion_Card_front.jpg,,GRU,eddd69d9-bc74-4004-8c5b-390c862a3073,1,Brasil,Alta,Pendente,,,https://www.mastercard.com.br/pt-br/consumidores/encontre-seu-cartao/cartoes-credito/mastercard-black/viagens/sala-vip-guarulhos.html,26 de maio de 2026
Executive Lounge,"LIS · Lisboa, Portugal",,,20,"Terminal 1 (LIS Airport), 1700 Lisboa",,"3+ fotos, 5+ fotos, cartões aceitos, comodidades, dias da semana, horário, localização exata, tempo máx",https://upload.wikimedia.org/wikipedia/commons/4/47/The_Beverly_Hills_Hotel_%282013%29.jpg,https://upload.wikimedia.org/wikipedia/commons/4/47/The_Beverly_Hills_Hotel_%282013%29.jpg,,LIS,4e4d0e9b-80ee-4e96-9f34-e00895b410ae,1,Portugal,Alta,Pendente,,,,26 de maio de 2026
Plaza Premium Arrivals Lounge,"LHR · Londres, Reino Unido",,,20,"Terminal 2, Arrivals Hall (LHR Airport), Hillingdon, Greater London, TW6 1AP",,"3+ fotos, 5+ fotos, cartões aceitos, comodidades, dias da semana, horário, localização exata, tempo máx",https://upload.wikimedia.org/wikipedia/commons/c/c7/Terminal_5_at_London_Heathrow_Airport%2C_2008.jpg,https://upload.wikimedia.org/wikipedia/commons/c/c7/Terminal_5_at_London_Heathrow_Airport%2C_2008.jpg,,LHR,cd3e4ef7-9114-4b9a-82f0-7ae18dc8f526,1,Reino Unido,Alta,Pendente,,,https://www.plazapremiumlounge.com,26 de maio de 2026
Lounge B,"LHR · Londres, Reino Unido",,,20,"Terminal 3 (LHR Airport), Hillingdon, Greater London",,"3+ fotos, 5+ fotos, cartões aceitos, comodidades, dias da semana, horário, localização exata, tempo máx",https://upload.wikimedia.org/wikipedia/commons/0/0d/London_-_Heathrow_%28LHR_-_EGLL%29_AN1572653.jpg,https://upload.wikimedia.org/wikipedia/commons/0/0d/London_-_Heathrow_%28LHR_-_EGLL%29_AN1572653.jpg,,LHR,e6a710bf-637c-4418-ae75-1ab50bb047d4,1,Reino Unido,Alta,Pendente,,,,26 de maio de 2026
Plaza Mayor Business Lounge,"MAD · Madrid, Espanha",,,20,"Terminal 4S (MAD Airport), 28042 Madrid Comunidad de Madrid",,"3+ fotos, 5+ fotos, cartões aceitos, comodidades, dias da semana, horário, localização exata, tempo máx",https://upload.wikimedia.org/wikipedia/commons/8/8b/New_York_-_Manhattan_-_Plaza_Hotel.jpg,https://upload.wikimedia.org/wikipedia/commons/8/8b/New_York_-_Manhattan_-_Plaza_Hotel.jpg,,MAD,88ff29ac-6151-433a-ae44-f674a19f5454,1,Espanha,Alta,Pendente,,,,26 de maio de 2026
Salon Signature Latam,"SCL · Santiago, Chile",,,20,"Pudahuel, Metropolitana de Santiago de Chile",,"3+ fotos, 5+ fotos, cartões aceitos, comodidades, dias da semana, horário, localização exata, tempo máx",https://upload.wikimedia.org/wikipedia/commons/a/a6/N2749U%40PEK_%2820211130144100%29.jpg,https://upload.wikimedia.org/wikipedia/commons/a/a6/N2749U%40PEK_%2820211130144100%29.jpg,,SCL,860b82df-125b-4ebf-a972-075ee1d0e58e,1,Chile,Alta,Pendente,,,,26 de maio de 2026
Sala VIP Iberia Dalí,"MAD · Madrid, Espanha",,,20,"Terminal 4, 28015 Madrid Comunidad de Madrid",,"3+ fotos, 5+ fotos, cartões aceitos, comodidades, dias da semana, horário, localização exata, tempo máx",https://upload.wikimedia.org/wikipedia/commons/0/06/Aerial_View_of_Mexico_City_Airport_on_3.21.11_%28cropped%29.jpg,https://upload.wikimedia.org/wikipedia/commons/0/06/Aerial_View_of_Mexico_City_Airport_on_3.21.11_%28cropped%29.jpg,,MAD,e8be335c-eae9-45f7-b995-88d7c541f72a,1,Espanha,Alta,Pendente,,,http://www.iberia.com/salas-vip/,26 de maio de 2026
Salón Neruda LAN Lounge,"SCL · Santiago, Chile",,,10,"Aeropuerto Internacional Comodoro Arturo Merino Benítez (SCL), Pudahuel, Metropolitana de Santiago de Chile",,"1+ foto, 3+ fotos, 5+ fotos, cartões aceitos, comodidades, dias da semana, horário, localização exata, tempo máx",,,,SCL,4647b969-a141-48e9-a396-24b3019d312e,0,Chile,Alta,Pendente,,,,26 de maio de 2026
Iberia Business Class Lounge,"MAD · Madrid, Espanha",,,20,"Terminal 4S (MAD Airport), 28042 Madrid Comunidad de Madrid",,"3+ fotos, 5+ fotos, cartões aceitos, comodidades, dias da semana, horário, localização exata, tempo máx",https://upload.wikimedia.org/wikipedia/commons/e/ed/T2Dublin_Airport-doyler79.jpg,https://upload.wikimedia.org/wikipedia/commons/e/ed/T2Dublin_Airport-doyler79.jpg,,MAD,7f752794-39ee-4883-83ca-fe34a4479a43,1,Espanha,Alta,Pendente,,,https://www.iberia.com/gb/vip-lounges/,26 de maio de 2026
Cathay Pacific Lounge,"LHR · Londres, Reino Unido",,,20,"LHR Terminal 2, London",,"3+ fotos, 5+ fotos, cartões aceitos, comodidades, dias da semana, horário, localização exata, tempo máx",https://upload.wikimedia.org/wikipedia/commons/0/0d/London_-_Heathrow_%28LHR_-_EGLL%29_AN1572653.jpg,https://upload.wikimedia.org/wikipedia/commons/0/0d/London_-_Heathrow_%28LHR_-_EGLL%29_AN1572653.jpg,,LHR,3da97fa3-53d6-43b4-afa7-5f089016a0f0,1,Reino Unido,Alta,Pendente,,,,26 de maio de 2026
Singapore Airlines SilverKris Lounge,"LHR · Londres, Reino Unido",,,20,"LHR Terminal 2 (LHR Airport), Hillingdon, Greater London",,"3+ fotos, 5+ fotos, cartões aceitos, comodidades, dias da semana, horário, localização exata, tempo máx",https://upload.wikimedia.org/wikipedia/commons/9/9a/Singapore_Airlines_Airbus_A350-941_F-WZFD_to_9V-SMF.jpg,https://upload.wikimedia.org/wikipedia/commons/9/9a/Singapore_Airlines_Airbus_A350-941_F-WZFD_to_9V-SMF.jpg,,LHR,24dbeaec-c0b4-4e8f-bb5f-6a507aaee7a6,1,Reino Unido,Alta,Pendente,,,,26 de maio de 2026
GOL Premium Lounge,"GRU · São Paulo, Brasil",,,20,"Terminal 2, Embarque Doméstico (GRU Airport), Guarulhos, SP, 07141-900",,"3+ fotos, 5+ fotos, cartões aceitos, comodidades, dias da semana, horário, localização exata, tempo máx",https://upload.wikimedia.org/wikipedia/commons/b/b9/JFK_Aerial_Nov_14_2018.jpg,https://upload.wikimedia.org/wikipedia/commons/b/b9/JFK_Aerial_Nov_14_2018.jpg,,GRU,12c73ea8-43ea-4ab5-a379-47a607694810,1,Brasil,Alta,Pendente,,,https://www.voegol.com.br/pt/servicos/gol-premium-lounge,26 de maio de 2026
Cathay Pacific First Class Lounge,"LHR · Londres, Reino Unido",,,20,"Terminal 3 (LHR Airport), Hillingdon, Greater London",,"3+ fotos, 5+ fotos, cartões aceitos, comodidades, dias da semana, horário, localização exata, tempo máx",https://upload.wikimedia.org/wikipedia/commons/0/0d/London_-_Heathrow_%28LHR_-_EGLL%29_AN1572653.jpg,https://upload.wikimedia.org/wikipedia/commons/0/0d/London_-_Heathrow_%28LHR_-_EGLL%29_AN1572653.jpg,,LHR,c1a3c565-4360-489d-8474-209d278fc8e0,1,Reino Unido,Alta,Pendente,,,,26 de maio de 2026
Virgin Atlantic Revivals Lounge,"LHR · Londres, Reino Unido",,,20,"Terminal 3 (LHR Airport), Hillingdon, Greater London",,"3+ fotos, 5+ fotos, cartões aceitos, comodidades, dias da semana, horário, localização exata, tempo máx",https://upload.wikimedia.org/wikipedia/commons/b/b6/MMUN008.jpg,https://upload.wikimedia.org/wikipedia/commons/b/b6/MMUN008.jpg,,LHR,9e847d14-c1e0-4e77-a997-83da975d6636,1,Reino Unido,Alta,Pendente,,,,26 de maio de 2026
Sala VIP Amnios,"MAD · Madrid, Espanha",,,10,"T4S (Aeropuerto de Madrid-Barajas (MAD)), Madrid Comunidad de Madrid",,"1+ foto, 3+ fotos, 5+ fotos, cartões aceitos, comodidades, dias da semana, horário, localização exata, tempo máx",,,,MAD,e289a256-8d28-4a6d-9dd9-496523435a70,0,Espanha,Alta,Pendente,,,http://www.businesscenterbarajas.com/,26 de maio de 2026
Sala VIP Iberia Velázquez,"MAD · Madrid, Espanha",,,10,"T4S (Aeropuerto de Madrid-Barajas (MAD)), 28042 Madrid Comunidad de Madrid",,"1+ foto, 3+ fotos, 5+ fotos, cartões aceitos, comodidades, dias da semana, horário, localização exata, tempo máx",,,,MAD,41d0915e-5b26-4ac7-b4a0-1aef94769820,0,Espanha,Alta,Pendente,,,http://www.iberia.com/salas-vip/,26 de maio de 2026
SWISS Senator Lounge ZRH E,"ZRH · Zurique, Suíça",Star Alliance Gold,"Ar condicionado, Bar, Centro de negócios, Chuveiro, Comida, Vista, Wi-Fi",50,Embarque internacional,,"1+ foto, 3+ fotos, 5+ fotos, dias da semana, tempo máx",,,05:00-22:00,ZRH,d330fc54-523c-4e32-b378-ce5f35f11fbf,0,Suíça,Baixa,Pendente,,Dock E,,22 de maio de 2026
SWISS Business Lounge ZRH A,"ZRH · Zurique, Suíça",Star Alliance Gold,"Ar condicionado, Bar, Centro de negócios, Comida, Wi-Fi",60,Embarque Schengen,,"3+ fotos, 5+ fotos, dias da semana, tempo máx",https://upload.wikimedia.org/wikipedia/commons/a/a5/Aerial_view_of_the_Zurich_Airport%2C_April_2019.jpg,https://upload.wikimedia.org/wikipedia/commons/a/a5/Aerial_view_of_the_Zurich_Airport%2C_April_2019.jpg,05:30-21:30,ZRH,77b79625-88ee-4d35-b53c-054536e22df0,1,Suíça,Baixa,Pendente,,Dock A,,22 de maio de 2026
SWISS First Class Lounge ZRH E,"ZRH · Zurique, Suíça",Star Alliance Gold,"Ar condicionado, Bar, Centro de negócios, Chuveiro, Comida, Vista, Wi-Fi",60,First Class SWISS,,"3+ fotos, 5+ fotos, dias da semana, tempo máx",https://upload.wikimedia.org/wikipedia/commons/a/a5/Aerial_view_of_the_Zurich_Airport%2C_April_2019.jpg,https://upload.wikimedia.org/wikipedia/commons/a/a5/Aerial_view_of_the_Zurich_Airport%2C_April_2019.jpg,05:00-22:00,ZRH,beec755d-9b45-4e15-a643-7c2a0b569f08,1,Suíça,Baixa,Pendente,,Dock E,,22 de maio de 2026
Sala VIP Teresina,"THE · Teresina/Senador Petrônio Portella, Desconhecido","DragonPass, Visa Airport Companion","Ar condicionado, Comida, Wi-Fi",50,Embarque doméstico,,"1+ foto, 3+ fotos, 5+ fotos, dias da semana, tempo máx",,,05:00-21:00,THE,519a70c1-4868-4687-be36-7a9c05eb523b,0,Desconhecido,Baixa,Pendente,,Terminal Único,,22 de maio de 2026
Living Heineken (HNK) VCP,"VCP · Campinas/Viracopos, Desconhecido","DragonPass, Heineken Voucher, LoungeKey, Priority Pass, Visa Airport Companion","Ar condicionado, Bar, Comida, Wi-Fi",50,Área de embarque | Voucher: Voucher de consumo,,"1+ foto, 3+ fotos, 5+ fotos, dias da semana, tempo máx",,,05:00-23:00,VCP,18ed89cd-13b8-463f-90c2-bce46b5886ec,0,Desconhecido,Baixa,Pendente,,Terminal Único,,22 de maio de 2026
W Premium Lounge · Vitória,"VIX · Vitória, Brasil","DragonPass, LoungeKey, Mastercard Airport Experiences, Priority Pass, Visa Airport Companion","Ar condicionado, Bar, Comida, Vista, Wi-Fi",50,"Andar superior, vista para a Baía de Vitória | Voucher: Vista privilegiada da Baía. Acesso via LoungeKey.",,"1+ foto, 3+ fotos, 5+ fotos, dias da semana, tempo máx",,,05:30–22:30,VIX,5cb8e386-3c24-4fec-a46a-b9b0cb9bbf98,0,Brasil,Baixa,Pendente,,Terminal Único,,23 de maio de 2026
Qantas First Lounge SYD,"SYD · Sydney, Austrália",OneWorld Emerald,"Ar condicionado, Bar, Centro de negócios, Chuveiro, Comida, Vista, Wi-Fi",60,Qantas First Class,,"3+ fotos, 5+ fotos, dias da semana, tempo máx",https://upload.wikimedia.org/wikipedia/commons/2/2d/Sydney_Airport_%28Kingsford_Smith%29_-_aerial_view_%28cropped%29.jpg,https://upload.wikimedia.org/wikipedia/commons/2/2d/Sydney_Airport_%28Kingsford_Smith%29_-_aerial_view_%28cropped%29.jpg,05:00-22:00,SYD,560179e8-34fc-4011-9da1-d8f02a6442d4,1,Austrália,Baixa,Pendente,,T1 International,,22 de maio de 2026
W Premium Lounge · Teresina,"THE · Aeroporto Senador Petrônio Portella · Teresina, Desconhecido","DragonPass, LoungeKey, Visa Airport Companion","Ar condicionado, Comida, Wi-Fi",50,Área de embarque,,"1+ foto, 3+ fotos, 5+ fotos, dias da semana, tempo máx",,,05:30–21:30,THE,22f77d89-6243-40ce-94d9-08a0ef842d84,0,Desconhecido,Baixa,Pendente,,Terminal Único,,23 de maio de 2026
LOT Polish Business Lounge WAW,"WAW · Varsóvia, Polônia",Star Alliance Gold,"Ar condicionado, Bar, Centro de negócios, Chuveiro, Comida, Wi-Fi",60,Embarque non-Schengen,,"3+ fotos, 5+ fotos, dias da semana, tempo máx",https://upload.wikimedia.org/wikipedia/commons/9/9d/LOT_Boeing_787-8_%28SP-LRA%29_arrives_London_Heathrow_11Apr2015_arp.jpg,https://upload.wikimedia.org/wikipedia/commons/9/9d/LOT_Boeing_787-8_%28SP-LRA%29_arrives_London_Heathrow_11Apr2015_arp.jpg,05:00-22:00,WAW,d7040dc6-c54b-4e92-9c3e-d4c960062979,1,Polônia,Baixa,Pendente,,Terminal A,,22 de maio de 2026
Sala VIP Azul · Vitória,"VIX · Vitória, Brasil","LoungeKey, Tudoazul Diamante","Comida, Wi-Fi",50,"Área de embarque, lado sul",,"1+ foto, 3+ fotos, 5+ fotos, dias da semana, tempo máx",,,06:00–21:00,VIX,66f2da98-49ec-4d72-85f7-5f56b602064e,0,Brasil,Baixa,Pendente,,Terminal Único,,23 de maio de 2026
Sala VIP TudoAzul Diamante VCP,"VCP · Campinas/Viracopos, Desconhecido",Tudoazul Diamante,"Ar condicionado, Bar, Comida, Wi-Fi",50,Embarque doméstico,,"1+ foto, 3+ fotos, 5+ fotos, dias da semana, tempo máx",,,05:00-22:00,VCP,1aae8a57-c527-438e-a72c-6f0e347f4c03,0,Desconhecido,Baixa,Pendente,,Terminal Único,,22 de maio de 2026
Living Heineken (HNK) VIX,"VIX · Vitória, Brasil","DragonPass, Heineken Voucher, LoungeKey, Priority Pass, Visa Airport Companion","Ar condicionado, Bar, Comida, Wi-Fi",50,Área de embarque | Voucher: Voucher de consumo,,"1+ foto, 3+ fotos, 5+ fotos, dias da semana, tempo máx",,,05:00-22:00,VIX,90181fe7-a98b-4670-b31f-786a149f9668,0,Brasil,Baixa,Pendente,,Terminal Único,,22 de maio de 2026
Dan Lounge TLV,"TLV · Jerusalém, Israel","DragonPass, LoungeKey, Priority Pass, Visa Airport Companion","Ar condicionado, Bar, Centro de negócios, Chuveiro, Comida, Wi-Fi",60,Embarque,,"3+ fotos, 5+ fotos, dias da semana, tempo máx",https://upload.wikimedia.org/wikipedia/commons/b/b8/Ben-gurion-airport-terminal--september-2012.jpg,https://upload.wikimedia.org/wikipedia/commons/b/b8/Ben-gurion-airport-terminal--september-2012.jpg,24h,TLV,97b7f023-8f7b-4447-923c-2a4ee3837066,1,Israel,Baixa,Pendente,,Terminal 3,,22 de maio de 2026
Austrian Senator Lounge VIE,"VIE · Viena, Áustria",Star Alliance Gold,"Ar condicionado, Bar, Centro de negócios, Chuveiro, Comida, Wi-Fi",60,Embarque non-Schengen,,"3+ fotos, 5+ fotos, dias da semana, tempo máx",https://upload.wikimedia.org/wikipedia/commons/7/75/OE-LPM_%40_VIE%2C_2024-08-30.jpg,https://upload.wikimedia.org/wikipedia/commons/7/75/OE-LPM_%40_VIE%2C_2024-08-30.jpg,05:00-22:00,VIE,bbc71949-e3b7-4ca9-888e-3db6eafbb445,1,Áustria,Baixa,Pendente,,Terminal 3,,22 de maio de 2026
Sky Lounge VIE Schengen,"VIE · Viena, Áustria",Star Alliance Gold,"Ar condicionado, Bar, Centro de negócios, Comida, Vista, Wi-Fi",60,Embarque Schengen,,"3+ fotos, 5+ fotos, dias da semana, tempo máx",https://upload.wikimedia.org/wikipedia/commons/8/8d/Athens_International_Airport_Eleftherios_Venizelos_%CE%94%CE%B9%CE%B5%CE%B8%CE%BD%CE%AE%CF%82_%CE%91%CE%B5%CF%81%CE%BF%CE%BB%CE%B9%CE%BC%CE%AD%CE%BD%CE%B1%CF%82_%CE%91%CE%B8%CE%B7%CE%BD%CF%8E%CE%BD_%CE%95%CE%BB%CE%B5%CF%85%CE%B8%CE%AD%CF%81%CE%B9%CE%BF%CF%82_%CE%92%CE%B5%CE%BD%CE%B9%CE%B6%CE%AD%CE%BB%CE%BF%CF%82_2019-12-01_i.jpg,https://upload.wikimedia.org/wikipedia/commons/8/8d/Athens_International_Airport_Eleftherios_Venizelos_%CE%94%CE%B9%CE%B5%CE%B8%CE%BD%CE%AE%CF%82_%CE%91%CE%B5%CF%81%CE%BF%CE%BB%CE%B9%CE%BC%CE%AD%CE%BD%CE%B1%CF%82_%CE%91%CE%B8%CE%B7%CE%BD%CF%8E%CE%BD_%CE%95%CE%BB%CE%B5%CF%85%CE%B8%CE%AD%CF%81%CE%B9%CE%BF%CF%82_%CE%92%CE%B5%CE%BD%CE%B9%CE%B6%CE%AD%CE%BB%CE%BF%CF%82_2019-12-01_i.jpg,05:00-22:00,VIE,44df798d-35ce-4e28-b872-46fc6fdd05b9,1,Áustria,Baixa,Pendente,,Terminal 3,,22 de maio de 2026
Emirates Business Class Lounge,"DXB · Dubai, Emirados Árabes Unidos",,,20,"Concourse C, near Gate C20 (DXB Airport), دبي",,"3+ fotos, 5+ fotos, cartões aceitos, comodidades, dias da semana, horário, localização exata, tempo máx",https://upload.wikimedia.org/wikipedia/commons/5/5a/FlyDubai_737-800_A6-FDB.jpg,https://upload.wikimedia.org/wikipedia/commons/5/5a/FlyDubai_737-800_A6-FDB.jpg,,DXB,d9ff5a18-2e76-457b-8b68-a8b59aab96ef,1,Emirados Árabes Unidos,Média,Pendente,,,,26 de maio de 2026
Emirates Lounge,"DEL · Agra, Índia",,,20,"Terminal 3, Indira Gandhi International Airport, New Delhi 110037, Delhi",,"3+ fotos, 5+ fotos, cartões aceitos, comodidades, dias da semana, horário, localização exata, tempo máx",https://upload.wikimedia.org/wikipedia/commons/0/06/Aerial_View_of_Mexico_City_Airport_on_3.21.11_%28cropped%29.jpg,https://upload.wikimedia.org/wikipedia/commons/0/06/Aerial_View_of_Mexico_City_Airport_on_3.21.11_%28cropped%29.jpg,,DEL,a476e121-d88e-4b74-85f6-0255e79fbc9c,1,Índia,Média,Pendente,,,http://www.emirates.com/english/flying/lounges/the_emirates_lounge.aspx,26 de maio de 2026
Mera Lounge,"CUN · Cancún, México",,,20,"Domestic Departures, Terminal 4, 77569 Benito Juárez, QROO",,"3+ fotos, 5+ fotos, cartões aceitos, comodidades, dias da semana, horário, localização exata, tempo máx",https://upload.wikimedia.org/wikipedia/commons/b/b6/MMUN008.jpg,https://upload.wikimedia.org/wikipedia/commons/b/b6/MMUN008.jpg,,CUN,dd2c55aa-3acf-4fd4-beb1-ec5986f0b4c2,1,México,Média,Pendente,,,,26 de maio de 2026
First Class Lounge DOH,"DOH · Doha, Catar",,,20,"Hamad International Airport (DOH Airport), Qatar",,"3+ fotos, 5+ fotos, cartões aceitos, comodidades, dias da semana, horário, localização exata, tempo máx",https://upload.wikimedia.org/wikipedia/commons/4/47/Qatar_Doha_International_Airport%2C_Aircraft%2C_Qatar.jpg,https://upload.wikimedia.org/wikipedia/commons/4/47/Qatar_Doha_International_Airport%2C_Aircraft%2C_Qatar.jpg,,DOH,4c38dc97-2948-43a4-a7d7-98d2752b1fd8,1,Catar,Média,Pendente,,,,26 de maio de 2026
Qatar Airways Platinum & Gold Lounge - South,"DOH · Doha, Catar",,,20,"Hamad International Airport (DOH Airport), Doha",,"3+ fotos, 5+ fotos, cartões aceitos, comodidades, dias da semana, horário, localização exata, tempo máx",https://upload.wikimedia.org/wikipedia/commons/e/ed/T2Dublin_Airport-doyler79.jpg,https://upload.wikimedia.org/wikipedia/commons/e/ed/T2Dublin_Airport-doyler79.jpg,,DOH,4aa9e4e6-19d7-4e40-9d44-bd67af9d4284,1,Catar,Média,Pendente,,,,26 de maio de 2026
Primeclass Lounge,"CPH · Copenhague, Dinamarca",,,10,"Terminal 3 (CPH Airport), 2770 Kastrup",,"1+ foto, 3+ fotos, 5+ fotos, cartões aceitos, comodidades, dias da semana, horário, localização exata, tempo máx",,,,CPH,2757075d-0433-47f9-8e10-262a5cc1a98d,0,Dinamarca,Média,Pendente,,,,26 de maio de 2026
51st & Green US Preclearance Lounge,"DUB · Dublin, Irlanda",,,10,"Terminal 1 (DUB Airport), Dublin",,"1+ foto, 3+ fotos, 5+ fotos, cartões aceitos, comodidades, dias da semana, horário, localização exata, tempo máx",,,,DUB,507279de-5d73-4f70-a9d2-b5fc45415463,0,Irlanda,Média,Pendente,,,,26 de maio de 2026
Louis Vuitton Lounge by Yannick Alléno,"DOH · Doha, Catar",,,10,"Hamad International Airport (DOH Airport), Doha",,"1+ foto, 3+ fotos, 5+ fotos, cartões aceitos, comodidades, dias da semana, horário, localização exata, tempo máx",,,,DOH,cd2a3a88-0cee-4344-b015-05f925548bcc,0,Catar,Média,Pendente,,,,26 de maio de 2026
The Lounge,"CUN · Cancún, México",,,20,"Terminal 2 del Aeropuerto Internacional de Cancún, 77569 Cancún, Quintana Roo",,"3+ fotos, 5+ fotos, cartões aceitos, comodidades, dias da semana, horário, localização exata, tempo máx",https://upload.wikimedia.org/wikipedia/commons/b/b6/MMUN008.jpg,https://upload.wikimedia.org/wikipedia/commons/b/b6/MMUN008.jpg,,CUN,130967c3-ab62-46b0-953d-7e0511929919,1,México,Média,Pendente,,,,26 de maio de 2026
Plaza Premium Lounge DEL T2,"DEL · Agra, Índia",,,20,"Terminal 2, IGI Airport, New Delhi 110037, Delhi",,"3+ fotos, 5+ fotos, cartões aceitos, comodidades, dias da semana, horário, localização exata, tempo máx",https://upload.wikimedia.org/wikipedia/commons/b/b9/JFK_Aerial_Nov_14_2018.jpg,https://upload.wikimedia.org/wikipedia/commons/b/b9/JFK_Aerial_Nov_14_2018.jpg,,DEL,b9337560-7beb-47e1-ace9-385284ffc10e,1,Índia,Média,Pendente,,,,26 de maio de 2026
Encalm Lounge Privé,"DEL · Agra, Índia",,,10,"New Delhi 110037, Delhi",,"1+ foto, 3+ fotos, 5+ fotos, cartões aceitos, comodidades, dias da semana, horário, localização exata, tempo máx",,,,DEL,f94bc21f-4b12-4be8-810d-37d5a7bfc8b5,0,Índia,Média,Pendente,,,,26 de maio de 2026
Sala B,"CUN · Cancún, México",,,20,"Terminal 4, Quintana Roo",,"3+ fotos, 5+ fotos, cartões aceitos, comodidades, dias da semana, horário, localização exata, tempo máx",https://upload.wikimedia.org/wikipedia/commons/8/8d/Cristobal_Rojas_37a.JPG,https://upload.wikimedia.org/wikipedia/commons/8/8d/Cristobal_Rojas_37a.JPG,,CUN,eb2b327f-617a-4959-bd26-e7172750d7a6,1,México,Média,Pendente,,,,26 de maio de 2026
Etihad Lounge,"DUB · Dublin, Irlanda",,,20,"DUB Terminal 2 (DUB Airport), Dublin",,"3+ fotos, 5+ fotos, cartões aceitos, comodidades, dias da semana, horário, localização exata, tempo máx",https://upload.wikimedia.org/wikipedia/commons/2/27/City_of_Manchester_Stadium_2023_cropped.jpg,https://upload.wikimedia.org/wikipedia/commons/2/27/City_of_Manchester_Stadium_2023_cropped.jpg,,DUB,2511486e-e76e-425d-ae65-de3fd1deb05c,1,Irlanda,Média,Pendente,,,,26 de maio de 2026
Plaza Premium Lounge (B),"DEL · Agra, Índia",,,20,"Level 4, International Departures, Terminal 3, Indira Gandhi International Airport, New Delhi 110037, Delhi",,"3+ fotos, 5+ fotos, cartões aceitos, comodidades, dias da semana, horário, localização exata, tempo máx",https://upload.wikimedia.org/wikipedia/commons/9/9f/Winnipeg_James_Armstrong_Richardson_International_Airport%2C_Winnipeg%2C_Manitoba_%2829035393407%29.jpg,https://upload.wikimedia.org/wikipedia/commons/9/9f/Winnipeg_James_Armstrong_Richardson_International_Airport%2C_Winnipeg%2C_Manitoba_%2829035393407%29.jpg,,DEL,18e978df-df69-4476-8b60-f97e17416b7a,1,Índia,Média,Pendente,,,http://www.plaza-network.com,26 de maio de 2026
Qatar Airways Business Class Lounge,"DOH · Doha, Catar",,,20,"Hamad International Airport (DOH Airport), Doha",,"3+ fotos, 5+ fotos, cartões aceitos, comodidades, dias da semana, horário, localização exata, tempo máx",https://upload.wikimedia.org/wikipedia/commons/a/a3/Hamad_International_Airport_Qatar.jpg,https://upload.wikimedia.org/wikipedia/commons/a/a3/Hamad_International_Airport_Qatar.jpg,,DOH,d6740fdb-8302-431c-8049-dfc0971d0dde,1,Catar,Média,Pendente,,,,26 de maio de 2026
Eventyr Lounge,"CPH · Copenhague, Dinamarca",,,10,"Copenhagen Airport - Terminal 3 (CPH Airport), 2770 Kastrup",,"1+ foto, 3+ fotos, 5+ fotos, cartões aceitos, comodidades, dias da semana, horário, localização exata, tempo máx",,,,CPH,a84de63a-5edd-484b-8ea6-dc6d1b49c42e,0,Dinamarca,Média,Pendente,,,,26 de maio de 2026
Jet Airways Lounge,"DEL · Agra, Índia",,,20,"T3 Indira Gandhi International Airport, New Delhi 110037, Delhi",,"3+ fotos, 5+ fotos, cartões aceitos, comodidades, dias da semana, horário, localização exata, tempo máx",https://upload.wikimedia.org/wikipedia/commons/0/02/British_Airways_A350-1000_%28G-XWBD%29_%40_LHR%2C_Jan_2020.jpg,https://upload.wikimedia.org/wikipedia/commons/0/02/British_Airways_A350-1000_%28G-XWBD%29_%40_LHR%2C_Jan_2020.jpg,,DEL,a07aaa79-78d8-4a9f-8ade-4ba5c6b2529b,1,Índia,Média,Pendente,,,,26 de maio de 2026
Emirates First Class Lounge,"DXB · Dubai, Emirados Árabes Unidos",,,20,"Terminal 3, Concourse B (DXB Airport), دبي",,"3+ fotos, 5+ fotos, cartões aceitos, comodidades, dias da semana, horário, localização exata, tempo máx",https://upload.wikimedia.org/wikipedia/commons/5/5a/FlyDubai_737-800_A6-FDB.jpg,https://upload.wikimedia.org/wikipedia/commons/5/5a/FlyDubai_737-800_A6-FDB.jpg,,DXB,18fdeb14-aafc-492f-9da0-c8ba43d61b18,1,Emirados Árabes Unidos,Média,Pendente,,,https://www.emirates.com/english/experience/our-lounges/first-class/,26 de maio de 2026
Emirates Business Class Lounge T3,"DXB · Dubai, Emirados Árabes Unidos",,,20,"Terminal 3 (DXB Airport), Dubai",,"3+ fotos, 5+ fotos, cartões aceitos, comodidades, dias da semana, horário, localização exata, tempo máx",https://upload.wikimedia.org/wikipedia/commons/2/2d/Sydney_Airport_%28Kingsford_Smith%29_-_aerial_view_%28cropped%29.jpg,https://upload.wikimedia.org/wikipedia/commons/2/2d/Sydney_Airport_%28Kingsford_Smith%29_-_aerial_view_%28cropped%29.jpg,,DXB,73bb6bbc-df1b-42b7-9845-0cd3af760617,1,Emirados Árabes Unidos,Média,Pendente,,,,26 de maio de 2026
CPH Apartments Business Lounge,"CPH · Copenhague, Dinamarca",,,20,"Copenhagen Airport (CPH Airport), 2770 Kastrup",,"3+ fotos, 5+ fotos, cartões aceitos, comodidades, dias da semana, horário, localização exata, tempo máx",https://upload.wikimedia.org/wikipedia/commons/3/34/Palm_Springs_from_the_Museum_Trail.jpg,https://upload.wikimedia.org/wikipedia/commons/3/34/Palm_Springs_from_the_Museum_Trail.jpg,,CPH,f49d8e69-e773-463b-b555-944edb63654e,1,Dinamarca,Média,Pendente,,,https://arp-lounges.dk,26 de maio de 2026
Aer Lingus Lounge,"DUB · Dublin, Irlanda",,,20,"DUB Terminal 2 (DUB Airport), Dublin",,"3+ fotos, 5+ fotos, cartões aceitos, comodidades, dias da semana, horário, localização exata, tempo máx",https://upload.wikimedia.org/wikipedia/commons/e/ed/T2Dublin_Airport-doyler79.jpg,https://upload.wikimedia.org/wikipedia/commons/e/ed/T2Dublin_Airport-doyler79.jpg,,DUB,406f2360-786d-4519-98ed-394386d3847c,1,Irlanda,Média,Pendente,,,,26 de maio de 2026
Emirates Business Class Lounge C20,"DXB · Dubai, Emirados Árabes Unidos",,,10,"Concourse C, near Gate C20 (DXB Airport), Dubai",,"1+ foto, 3+ fotos, 5+ fotos, cartões aceitos, comodidades, dias da semana, horário, localização exata, tempo máx",,,,DXB,dddc4a27-fdee-4797-9aee-85f2f225140a,0,Emirados Árabes Unidos,Média,Pendente,,,,26 de maio de 2026
SAS Business/Scandinavian Lounge,"CPH · Copenhague, Dinamarca",,,20,"Terminal 3 (CPH Airport), 2770 Kastrup",,"3+ fotos, 5+ fotos, cartões aceitos, comodidades, dias da semana, horário, localização exata, tempo máx",https://upload.wikimedia.org/wikipedia/commons/0/0a/Scandinavian_Airlines_System_%2849606868433%29.jpg,https://upload.wikimedia.org/wikipedia/commons/0/0a/Scandinavian_Airlines_System_%2849606868433%29.jpg,,CPH,b72a8185-a174-44b6-a188-3a1d63a72216,1,Dinamarca,Média,Pendente,,,http://www.sas.se/en/Travel-info/airport/SAS-lounge/,26 de maio de 2026
Players Lounge,"CPH · Copenhague, Dinamarca",,,20,"Copenhagen Airport, 2770 Kastrup",,"3+ fotos, 5+ fotos, cartões aceitos, comodidades, dias da semana, horário, localização exata, tempo máx",https://upload.wikimedia.org/wikipedia/commons/3/34/Palm_Springs_from_the_Museum_Trail.jpg,https://upload.wikimedia.org/wikipedia/commons/3/34/Palm_Springs_from_the_Museum_Trail.jpg,,CPH,1314633e-d4cd-4e1f-a1b7-17c280539e3b,1,Dinamarca,Média,Pendente,,,,26 de maio de 2026
Al Safwa First Lounge,"DOH · Doha, Catar",,,20,"Hamad International Airport (DOH Airport), Doha",,"3+ fotos, 5+ fotos, cartões aceitos, comodidades, dias da semana, horário, localização exata, tempo máx",https://upload.wikimedia.org/wikipedia/commons/a/a3/Hamad_International_Airport_Qatar.jpg,https://upload.wikimedia.org/wikipedia/commons/a/a3/Hamad_International_Airport_Qatar.jpg,,DOH,dde933fe-7b8c-4b58-9696-a264c51d7a0f,1,Catar,Média,Pendente,,,https://www.qatarairways.com/en/privilege-club/Lounge-service.html,26 de maio de 2026
Sas One Lounge,"CPH · Copenhague, Dinamarca",,,20,"Terminal 2 (CPH Airport), 2770 Kastrup",,"3+ fotos, 5+ fotos, cartões aceitos, comodidades, dias da semana, horário, localização exata, tempo máx",https://upload.wikimedia.org/wikipedia/commons/0/0a/Scandinavian_Airlines_System_%2849606868433%29.jpg,https://upload.wikimedia.org/wikipedia/commons/0/0a/Scandinavian_Airlines_System_%2849606868433%29.jpg,,CPH,ad890b63-6af9-4867-9bfa-b3769ab8468a,1,Dinamarca,Média,Pendente,,,http://www.sasone.dk/,26 de maio de 2026
Qatar Airways Arrivals Lounge,"DOH · Doha, Catar",,,20,"Hamad International Airport (DOH Airport), Doha",,"3+ fotos, 5+ fotos, cartões aceitos, comodidades, dias da semana, horário, localização exata, tempo máx",https://upload.wikimedia.org/wikipedia/commons/8/8d/Athens_International_Airport_Eleftherios_Venizelos_%CE%94%CE%B9%CE%B5%CE%B8%CE%BD%CE%AE%CF%82_%CE%91%CE%B5%CF%81%CE%BF%CE%BB%CE%B9%CE%BC%CE%AD%CE%BD%CE%B1%CF%82_%CE%91%CE%B8%CE%B7%CE%BD%CF%8E%CE%BD_%CE%95%CE%BB%CE%B5%CF%85%CE%B8%CE%AD%CF%81%CE%B9%CE%BF%CF%82_%CE%92%CE%B5%CE%BD%CE%B9%CE%B6%CE%AD%CE%BB%CE%BF%CF%82_2019-12-01_i.jpg,https://upload.wikimedia.org/wikipedia/commons/8/8d/Athens_International_Airport_Eleftherios_Venizelos_%CE%94%CE%B9%CE%B5%CE%B8%CE%BD%CE%AE%CF%82_%CE%91%CE%B5%CF%81%CE%BF%CE%BB%CE%B9%CE%BC%CE%AD%CE%BD%CE%B1%CF%82_%CE%91%CE%B8%CE%B7%CE%BD%CF%8E%CE%BD_%CE%95%CE%BB%CE%B5%CF%85%CE%B8%CE%AD%CF%81%CE%B9%CE%BF%CF%82_%CE%92%CE%B5%CE%BD%CE%B9%CE%B6%CE%AD%CE%BB%CE%BF%CF%82_2019-12-01_i.jpg,,DOH,8c044831-931c-4000-a2de-34677bd3ee3e,1,Catar,Média,Pendente,,,http://qatarairways.com,26 de maio de 2026
Plaza Premium Lounge (Domestic Arrivals),"DEL · Agra, Índia",,,20,"Arrival Hall, Domestic Arrivals, Terminal 3, Indira Gandhi International Airport, New Delhi 110037, Delhi",,"3+ fotos, 5+ fotos, cartões aceitos, comodidades, dias da semana, horário, localização exata, tempo máx",https://upload.wikimedia.org/wikipedia/commons/8/85/ISS067-E-148114_-_View_of_Earth_%28cropped%29.jpg,https://upload.wikimedia.org/wikipedia/commons/8/85/ISS067-E-148114_-_View_of_Earth_%28cropped%29.jpg,,DEL,45bb9bee-602c-4c37-83a5-489b1fb0daf8,1,Índia,Média,Pendente,,,http://www.plaza-network.com,26 de maio de 2026
Danske Bank Aviator Business Lounge,"CPH · Copenhague, Dinamarca",,,20,"Terminal 2 (CPH Airport), 2770 Kastrup",,"3+ fotos, 5+ fotos, cartões aceitos, comodidades, dias da semana, horário, localização exata, tempo máx",https://upload.wikimedia.org/wikipedia/commons/0/0a/Scandinavian_Airlines_System_%2849606868433%29.jpg,https://upload.wikimedia.org/wikipedia/commons/0/0a/Scandinavian_Airlines_System_%2849606868433%29.jpg,,CPH,3d9ee61a-acc5-4a3a-af1d-d47d493f9c06,1,Dinamarca,Média,Pendente,,,,26 de maio de 2026
HIA VIP Lounge,"DOH · Doha, Catar",,,20,"Hamad International Airport (DOH Airport), Doha",,"3+ fotos, 5+ fotos, cartões aceitos, comodidades, dias da semana, horário, localização exata, tempo máx",https://upload.wikimedia.org/wikipedia/commons/a/a1/Miami_International_Airport_%28KMIA-MIA%29_%288204606870%29.jpg,https://upload.wikimedia.org/wikipedia/commons/a/a1/Miami_International_Airport_%28KMIA-MIA%29_%288204606870%29.jpg,,DOH,ebf70f7a-f03d-40ef-a893-1073844a98e3,1,Catar,Média,Pendente,,,http://www.qatarairways.com,26 de maio de 2026
Emirates First Class Lounge T3A,"DXB · Dubai, Emirados Árabes Unidos",,,10,"Terminal 3, Concourse A (DXB Airport), Dubai",,"1+ foto, 3+ fotos, 5+ fotos, cartões aceitos, comodidades, dias da semana, horário, localização exata, tempo máx",,,,DXB,362969ff-3407-4905-9c0e-d006f7925794,0,Emirados Árabes Unidos,Média,Pendente,,,,26 de maio de 2026
East Lounge,"DUB · Dublin, Irlanda",,,20,"DUB Terminal 1 (DUB Airport), Dublin",,"3+ fotos, 5+ fotos, cartões aceitos, comodidades, dias da semana, horário, localização exata, tempo máx",https://upload.wikimedia.org/wikipedia/commons/e/ed/T2Dublin_Airport-doyler79.jpg,https://upload.wikimedia.org/wikipedia/commons/e/ed/T2Dublin_Airport-doyler79.jpg,,DUB,96e06109-1498-4792-9ec6-3d6a1d3058c1,1,Irlanda,Média,Pendente,,,,26 de maio de 2026
Al Majlis VIP Lounge,"DXB · Dubai, Emirados Árabes Unidos",,,10,"Terminal 3 (DXB Airport), Dubai",,"1+ foto, 3+ fotos, 5+ fotos, cartões aceitos, comodidades, dias da semana, horário, localização exata, tempo máx",,,,DXB,4e5f4735-3459-485a-9893-9b2a69f027a5,0,Emirados Árabes Unidos,Média,Pendente,,,,26 de maio de 2026
Al Mourjan Business Lounge - The Garden,"DOH · Doha, Catar",,,20,"Hamad International Airport (DOH Airport), Doha",,"3+ fotos, 5+ fotos, cartões aceitos, comodidades, dias da semana, horário, localização exata, tempo máx",https://upload.wikimedia.org/wikipedia/commons/a/a3/Hamad_International_Airport_Qatar.jpg,https://upload.wikimedia.org/wikipedia/commons/a/a3/Hamad_International_Airport_Qatar.jpg,,DOH,f700093a-c451-42b9-948d-d06102a3a6cf,1,Catar,Média,Pendente,,,,26 de maio de 2026
American Express Lounge,"DEL · Agra, Índia",,,20,"Terminal 3, Departures., New Delhi 110037, Delhi",,"3+ fotos, 5+ fotos, cartões aceitos, comodidades, dias da semana, horário, localização exata, tempo máx",https://upload.wikimedia.org/wikipedia/commons/9/91/Mexico_monterrey_airport_6.jpg,https://upload.wikimedia.org/wikipedia/commons/9/91/Mexico_monterrey_airport_6.jpg,,DEL,9594282e-a1e5-4b14-b4ce-4950e14f6413,1,Índia,Média,Pendente,,,http://americanexpress.com,26 de maio de 2026
First And Business Class Lounge,"CPH · Copenhague, Dinamarca",,,20,"Terminal 3 (CPH Airport), 2770 Kastrup",,"3+ fotos, 5+ fotos, cartões aceitos, comodidades, dias da semana, horário, localização exata, tempo máx",https://upload.wikimedia.org/wikipedia/commons/0/0a/Scandinavian_Airlines_System_%2849606868433%29.jpg,https://upload.wikimedia.org/wikipedia/commons/0/0a/Scandinavian_Airlines_System_%2849606868433%29.jpg,,CPH,06debf0e-5757-49f2-bd19-dacbd69de85d,1,Dinamarca,Média,Pendente,,,,26 de maio de 2026
DAA Business Lounge,"DUB · Dublin, Irlanda",,,20,"Terminal 2 (DUB Airport), Dublin",,"3+ fotos, 5+ fotos, cartões aceitos, comodidades, dias da semana, horário, localização exata, tempo máx",https://upload.wikimedia.org/wikipedia/commons/e/ed/T2Dublin_Airport-doyler79.jpg,https://upload.wikimedia.org/wikipedia/commons/e/ed/T2Dublin_Airport-doyler79.jpg,,DUB,9168b9e1-1601-486f-bc2e-d66ee0859f72,1,Irlanda,Média,Pendente,,,,26 de maio de 2026
Al Mourjan Business Lounge,"DOH · Doha, Catar",,,20,"Hamad International Airport (DOH Airport), Doha",,"3+ fotos, 5+ fotos, cartões aceitos, comodidades, dias da semana, horário, localização exata, tempo máx",https://upload.wikimedia.org/wikipedia/commons/a/a3/Hamad_International_Airport_Qatar.jpg,https://upload.wikimedia.org/wikipedia/commons/a/a3/Hamad_International_Airport_Qatar.jpg,,DOH,21c35328-7096-42d6-ba92-569580709adf,1,Catar,Média,Pendente,,,http://qatarairways.com,26 de maio de 2026
MERA Business Lounge,"CUN · Cancún, México",,,20,"Terminal 2 (Aeropuerto Internacional de Cancún), 77569 Cancún, Quintana Roo",,"3+ fotos, 5+ fotos, cartões aceitos, comodidades, dias da semana, horário, localização exata, tempo máx",https://upload.wikimedia.org/wikipedia/commons/b/b6/MMUN008.jpg,https://upload.wikimedia.org/wikipedia/commons/b/b6/MMUN008.jpg,,CUN,b693a295-d71e-4ea9-8d5e-5bd0f29fb8f5,1,México,Média,Pendente,,,,26 de maio de 2026
First Class Lounge (صالة الدرجة الأولی),"DOH · Doha, Catar",,,10,"Concourse E (DOH Airport), الدوحة",,"1+ foto, 3+ fotos, 5+ fotos, cartões aceitos, comodidades, dias da semana, horário, localização exata, tempo máx",,,,DOH,ff15389c-cdfa-420f-aaa8-a231b5daeffc,0,Catar,Média,Pendente,,,,26 de maio de 2026
Martello Lounge,"DUB · Dublin, Irlanda",,,20,"Terminal 1 (DUB Airport), Dublin",,"3+ fotos, 5+ fotos, cartões aceitos, comodidades, dias da semana, horário, localização exata, tempo máx",https://upload.wikimedia.org/wikipedia/commons/f/f7/Key_west_international_airport.jpg,https://upload.wikimedia.org/wikipedia/commons/f/f7/Key_west_international_airport.jpg,,DUB,406126e9-3bde-4c74-8f63-5e58f14ae79c,1,Irlanda,Média,Pendente,,,,26 de maio de 2026
Emirates Business Class Lounge Concourse A,"DXB · Dubai, Emirados Árabes Unidos",,,20,"Concourse A (DXB Airport), Dubai",,"3+ fotos, 5+ fotos, cartões aceitos, comodidades, dias da semana, horário, localização exata, tempo máx",https://upload.wikimedia.org/wikipedia/commons/2/25/22_boeing_772_app_cmb.jpg,https://upload.wikimedia.org/wikipedia/commons/2/25/22_boeing_772_app_cmb.jpg,,DXB,17067c18-b075-45db-aac7-6223b2783351,1,Emirados Árabes Unidos,Média,Pendente,,,,26 de maio de 2026
The Lounge (Air Transat),"CUN · Cancún, México",,,20,"77569 Benito Juárez, QROO",,"3+ fotos, 5+ fotos, cartões aceitos, comodidades, dias da semana, horário, localização exata, tempo máx",https://upload.wikimedia.org/wikipedia/commons/b/b6/MMUN008.jpg,https://upload.wikimedia.org/wikipedia/commons/b/b6/MMUN008.jpg,,CUN,6d0fa075-ced3-4535-8fe4-3e9a30b62095,1,México,Média,Pendente,,,,26 de maio de 2026
Emirates First Class Lounge T3B,"DXB · Dubai, Emirados Árabes Unidos",,,10,"Terminal 3, Concourse B (DXB Airport), Dubai",,"1+ foto, 3+ fotos, 5+ fotos, cartões aceitos, comodidades, dias da semana, horário, localização exata, tempo máx",,,,DXB,67f1eb61-2767-4a01-8454-9dc4c32021b9,0,Emirados Árabes Unidos,Média,Pendente,,,,26 de maio de 2026
Qatar Airways Platinum & Gold Lounge - North,"DOH · Doha, Catar",,,20,"Hamad International Airport (DOH Airport), Doha",,"3+ fotos, 5+ fotos, cartões aceitos, comodidades, dias da semana, horário, localização exata, tempo máx",https://upload.wikimedia.org/wikipedia/commons/e/ed/T2Dublin_Airport-doyler79.jpg,https://upload.wikimedia.org/wikipedia/commons/e/ed/T2Dublin_Airport-doyler79.jpg,,DOH,96b28e82-6783-4f1d-a1f5-e9cf5d99e6a0,1,Catar,Média,Pendente,,,,26 de maio de 2026
W Premium Lounge · Aracaju,"AJU · Aeroporto Santa Maria · Aracaju, Desconhecido","DragonPass, LoungeKey, Priority Pass, Visa Airport Companion","Ar condicionado, Bar, Comida, Wi-Fi",50,Próximo à área de embarque,,"1+ foto, 3+ fotos, 5+ fotos, dias da semana, tempo máx",,,05:30–21:30,AJU,d632cc5d-d258-4456-827a-677a3ba47f53,0,Desconhecido,Baixa,Pendente,,Terminal Único,,23 de maio de 2026
Delta One Lounge ATL,"ATL · Atlanta/Hartsfield-Jackson, Estados Unidos",SkyTeam Elite Plus,"Ar condicionado, Bar, Centro de negócios, Chuveiro, Comida, Vista, Wi-Fi",60,Delta One premium lounge,,"3+ fotos, 5+ fotos, dias da semana, tempo máx",https://upload.wikimedia.org/wikipedia/commons/2/2b/ATL%281%29_%28cropped%29.jpg,https://upload.wikimedia.org/wikipedia/commons/2/2b/ATL%281%29_%28cropped%29.jpg,06:00-22:00,ATL,99a034c2-36c9-4366-a504-ba3c77276364,1,Estados Unidos,Baixa,Pendente,,Terminal F,,22 de maio de 2026
Royal Silk Lounge BKK,"BKK · Bangkok, Tailândia",Star Alliance Gold,"Ar condicionado, Bar, Centro de negócios, Chuveiro, Comida, Sala de orações, Wi-Fi",60,Thai Airways Business,,"3+ fotos, 5+ fotos, dias da semana, tempo máx",https://upload.wikimedia.org/wikipedia/commons/9/9c/HS-THH%40PEK_%2820180820153254%29.jpg,https://upload.wikimedia.org/wikipedia/commons/9/9c/HS-THH%40PEK_%2820180820153254%29.jpg,24h,BKK,cafaa816-8b3d-46e8-8368-a0b448028718,1,Tailândia,Baixa,Pendente,,Concourse D,,22 de maio de 2026
Aegean Business Lounge ATH,"ATH · Atenas, Grécia",Star Alliance Gold,"Ar condicionado, Bar, Centro de negócios, Chuveiro, Comida, Vista, Wi-Fi",60,Embarque non-Schengen,,"3+ fotos, 5+ fotos, dias da semana, tempo máx",https://upload.wikimedia.org/wikipedia/commons/a/af/Iberia_Airbus_A350-941XWB_EC-NDR_departing_JFK_Airport.jpg,https://upload.wikimedia.org/wikipedia/commons/a/af/Iberia_Airbus_A350-941XWB_EC-NDR_departing_JFK_Airport.jpg,05:00-22:00,ATH,317439b5-b000-420e-9f20-3f3641eea18d,1,Grécia,Baixa,Pendente,,Main Terminal,,22 de maio de 2026
Etihad Premium Lounge AUH,"AUH · Abu Dhabi, Emirados Árabes Unidos",Priority Pass,"Ar condicionado, Bar, Centro de negócios, Chuveiro, Comida, Sala de orações, Vista, Wi-Fi",60,Business/First Etihad,,"3+ fotos, 5+ fotos, dias da semana, tempo máx",https://upload.wikimedia.org/wikipedia/commons/d/d4/SVPI_Airport%2C_Ahmedabad.jpg,https://upload.wikimedia.org/wikipedia/commons/d/d4/SVPI_Airport%2C_Ahmedabad.jpg,24h,AUH,bc8923fa-f22f-4c07-a163-fa9c5affad7e,1,Emirados Árabes Unidos,Baixa,Pendente,,Terminal A,,22 de maio de 2026
Sala VIP Cuiabá,"CGB · Cuiabá/Marechal Rondon, Desconhecido","DragonPass, Visa Airport Companion","Ar condicionado, Comida, Wi-Fi",50,Embarque doméstico,,"1+ foto, 3+ fotos, 5+ fotos, dias da semana, tempo máx",,,05:00-22:00,CGB,c80057e7-0589-463b-9798-0816bfc8f663,0,Desconhecido,Baixa,Pendente,,Terminal Único,,22 de maio de 2026
LATAM VIP Lounge CNF,"CNF · Belo Horizonte, Brasil","Latampass Black, OneWorld Emerald, OneWorld Sapphire","Ar condicionado, Bar, Centro de negócios, Comida, Wi-Fi",50,Embarque doméstico,,"1+ foto, 3+ fotos, 5+ fotos, dias da semana, tempo máx",,,05:00-22:00,CNF,728d33ac-ce4a-43d6-ad8e-2cf55cc9fe55,0,Brasil,Baixa,Pendente,,Terminal 1,,22 de maio de 2026
Sala VIP Belém,"BEL · Belém, Brasil","DragonPass, Mastercard Airport Experiences, Visa Airport Companion","Ar condicionado, Comida, Wi-Fi",50,Embarque doméstico,,"1+ foto, 3+ fotos, 5+ fotos, dias da semana, tempo máx",,,05:00-22:00,BEL,ee6cfff7-7ad9-4f5c-9ae1-9b438c3bb372,0,Brasil,Baixa,Pendente,,Terminal Único,,22 de maio de 2026
Sala VIP Miró BCN T1,"BCN · Barcelona, Espanha","LoungeKey, Priority Pass","Ar condicionado, Bar, Centro de negócios, Comida, Wi-Fi",50,Embarque Schengen,,"1+ foto, 3+ fotos, 5+ fotos, dias da semana, tempo máx",,,05:00-23:00,BCN,f85a11c5-ba2d-400e-b73d-c6274ddbc340,0,Espanha,Baixa,Pendente,,Terminal 1,,22 de maio de 2026
Brussels Airlines THE LOFT BRU,"BRU · Bruxelas, Bélgica",Star Alliance Gold,"Ar condicionado, Bar, Centro de negócios, Chuveiro, Comida, Wi-Fi",50,Embarque non-Schengen,,"1+ foto, 3+ fotos, 5+ fotos, dias da semana, tempo máx",,,05:00-22:00,BRU,5e542584-24af-4baa-874e-51878fea0682,0,Bélgica,Baixa,Pendente,,Terminal A,,22 de maio de 2026
W Premium Lounge · Cuiabá,"CGB · Aeroporto Internacional Marechal Rondon · Cuiabá, Desconhecido","DragonPass, LoungeKey, Priority Pass, Visa Airport Companion","Ar condicionado, Bar, Comida, Wi-Fi",50,"Mezanino, próximo ao embarque",,"1+ foto, 3+ fotos, 5+ fotos, dias da semana, tempo máx",,,05:00–22:00,CGB,210ea259-eff2-41d3-9b5a-228ced5a8ae5,0,Desconhecido,Baixa,Pendente,,Terminal Único,,23 de maio de 2026
W Premium Lounge · Campo Grande,"CGR · Aeroporto Internacional de Campo Grande, Desconhecido","DragonPass, LoungeKey, Mastercard Airport Experiences","Ar condicionado, Comida, Wi-Fi",50,Próximo aos portões de embarque,,"1+ foto, 3+ fotos, 5+ fotos, dias da semana, tempo máx",,,06:00–21:00,CGR,36721cfa-6291-475e-9c03-845a30115148,0,Desconhecido,Baixa,Pendente,,Terminal Único,,23 de maio de 2026
Swiss Business Lounge A,"ZRH · Zurique, Suíça",,,20,"Gates A, Level 2 (ZRH Airport), 8302 Kloten",,"3+ fotos, 5+ fotos, cartões aceitos, comodidades, dias da semana, horário, localização exata, tempo máx",https://upload.wikimedia.org/wikipedia/commons/a/a5/Aerial_view_of_the_Zurich_Airport%2C_April_2019.jpg,https://upload.wikimedia.org/wikipedia/commons/a/a5/Aerial_view_of_the_Zurich_Airport%2C_April_2019.jpg,,ZRH,c1a515fc-4822-4c37-a3ce-6584ba308bfa,1,Suíça,Média,Pendente,,,http://www.swiss.com,26 de maio de 2026
Plaza Premium Lounge BSB,"BSB · Brasília, Brasil","DragonPass, LoungeKey, Mastercard Airport Experiences, Plaza Premium, Priority Pass, Visa Airport Companion","Ar condicionado, Bar, Centro de negócios, Chuveiro, Comida, Wi-Fi",50,Embarque doméstico,,"1+ foto, 3+ fotos, 5+ fotos, dias da semana, tempo máx",,,05:00-23:00,BSB,95887018-ec56-4823-86d2-273c7b58a82f,0,Brasil,Baixa,Pendente,,Terminal 1,,22 de maio de 2026
SWISS Senator Lounge E,"ZRH · Zurique, Suíça",,,20,"Gates E (ZRH Airport), 8302 Kloten",,"3+ fotos, 5+ fotos, cartões aceitos, comodidades, dias da semana, horário, localização exata, tempo máx",https://upload.wikimedia.org/wikipedia/commons/9/92/Washington_Dulles_International_Airport_at_Dusk.jpg,https://upload.wikimedia.org/wikipedia/commons/9/92/Washington_Dulles_International_Airport_at_Dusk.jpg,,ZRH,b5703d13-1530-4ba7-ab1b-3c18ed6ec75a,1,Suíça,Média,Pendente,,,https://www.swiss.com/ch/en/fly/airport/lounges/lounges-zurich,26 de maio de 2026
Menzies Aviation Lounge ARN,"ARN · Estocolmo, Suécia","DragonPass, LoungeKey, Priority Pass, Visa Airport Companion","Ar condicionado, Bar, Comida, Wi-Fi",50,Embarque,,"1+ foto, 3+ fotos, 5+ fotos, dias da semana, tempo máx",,,05:00-22:00,ARN,c3b98bc9-9b53-45ab-8c6c-730d6c163224,0,Suécia,Baixa,Pendente,,Terminal 5,,22 de maio de 2026
BRB Lounge · Campo Grande,"CGR · Aeroporto Internacional de Campo Grande, Desconhecido","DragonPass, LoungeKey, Priority Pass, Visa Airport Companion","Ar condicionado, Bar, Comida, Wi-Fi",50,"Piso superior, área de embarque",,"1+ foto, 3+ fotos, 5+ fotos, dias da semana, tempo máx",,,05:00–22:00,CGR,2f991eb8-6413-452f-864c-754239589cce,0,Desconhecido,Baixa,Pendente,,Terminal Único,,23 de maio de 2026
American Express Centurion Lounge BOS,"BOS · Boston, Estados Unidos","Amex Centurion, Amex Platinum","Ar condicionado, Bar, Centro de negócios, Chuveiro, Comida, Wi-Fi",50,Embarque,,"1+ foto, 3+ fotos, 5+ fotos, dias da semana, tempo máx",,,05:00-22:00,BOS,ed5ba45c-d91d-4cb4-8465-c7ca501c29bb,0,Estados Unidos,Baixa,Pendente,,Terminal B,,22 de maio de 2026
Ahlein Lounge CAI,"CAI · Cairo, Egito","DragonPass, LoungeKey, Priority Pass","Ar condicionado, Bar, Comida, Sala de orações, Wi-Fi",50,Embarque,,"1+ foto, 3+ fotos, 5+ fotos, dias da semana, tempo máx",,,24h,CAI,2462d9ce-7ee7-48bf-affb-98443391406f,0,Egito,Baixa,Pendente,,Terminal 2,,22 de maio de 2026
Living Heineken (HNK) CNF,"CNF · Belo Horizonte, Brasil","DragonPass, Heineken Voucher, LoungeKey, Priority Pass, Visa Airport Companion","Ar condicionado, Bar, Comida, Wi-Fi",50,Área de embarque | Voucher: Voucher de consumo,,"1+ foto, 3+ fotos, 5+ fotos, dias da semana, tempo máx",,,05:00-23:00,CNF,8a834ea2-bc79-4bdc-99a5-4718c64fef21,0,Brasil,Baixa,Pendente,,Terminal 1,,22 de maio de 2026
MasterCard Business Lounge BUD,"BUD · Budapeste, Hungria","LoungeKey, Mastercard Airport Experiences, Priority Pass","Ar condicionado, Bar, Comida, Wi-Fi",60,Embarque,,"3+ fotos, 5+ fotos, dias da semana, tempo máx",https://upload.wikimedia.org/wikipedia/commons/2/21/Gatwick_Airport_%2850850159593%29.jpg,https://upload.wikimedia.org/wikipedia/commons/2/21/Gatwick_Airport_%2850850159593%29.jpg,05:00-22:00,BUD,0a4d44a4-5e88-40aa-a9fe-95a4bfc71f82,1,Hungria,Baixa,Pendente,,Terminal 2A,,22 de maio de 2026
Garuda Indonesia Business Lounge CGK,"CGK · Jakarta, Indonésia",SkyTeam Elite Plus,"Ar condicionado, Bar, Centro de negócios, Chuveiro, Comida, Sala de orações, Wi-Fi",60,Embarque internacional,,"3+ fotos, 5+ fotos, dias da semana, tempo máx",https://upload.wikimedia.org/wikipedia/commons/2/28/Soekarno-Hatta_Airport_aerial_view.jpg,https://upload.wikimedia.org/wikipedia/commons/2/28/Soekarno-Hatta_Airport_aerial_view.jpg,05:00-23:00,CGK,9d8d4fc9-3a59-46b4-8476-1130b3dd98e9,1,Indonésia,Baixa,Pendente,,Terminal 3,,22 de maio de 2026
Living Heineken (HNK) BSB,"BSB · Brasília, Brasil","DragonPass, Heineken Voucher, LoungeKey, Priority Pass, Visa Airport Companion","Ar condicionado, Bar, Comida, Wi-Fi",50,Área de embarque | Voucher: Voucher de consumo,,"1+ foto, 3+ fotos, 5+ fotos, dias da semana, tempo máx",,,05:00-23:00,BSB,7d9c83c5-b881-4d52-a2d9-0457c52701b3,0,Brasil,Baixa,Pendente,,Terminal 1,,22 de maio de 2026
Miracle Lounge BKK,"BKK · Bangkok, Tailândia","DragonPass, LoungeKey, Priority Pass","Ar condicionado, Bar, Centro de negócios, Chuveiro, Comida, Wi-Fi",50,Lounge pago,,"1+ foto, 3+ fotos, 5+ fotos, dias da semana, tempo máx",,,24h,BKK,0e840ead-8c04-441e-9cef-99bf057e2bc3,0,Tailândia,Baixa,Pendente,,Multiple concourses,,22 de maio de 2026
GVK Lounge BOM T2,"BOM · Mumbai, Índia","DragonPass, LoungeKey, Priority Pass, Visa Airport Companion","Ar condicionado, Bar, Centro de negócios, Chuveiro, Comida, Sala de orações, Wi-Fi",60,Embarque internacional,,"3+ fotos, 5+ fotos, dias da semana, tempo máx",https://upload.wikimedia.org/wikipedia/commons/8/8e/Chhatrapati_Shivaji_International_Airport_3.jpg,https://upload.wikimedia.org/wikipedia/commons/8/8e/Chhatrapati_Shivaji_International_Airport_3.jpg,24h,BOM,df5d5f86-185f-4b7b-b81e-027825ff9ebc,1,Índia,Baixa,Pendente,,Terminal 2,,22 de maio de 2026
Primeclass Lounge,"ZRH · Zurique, Suíça",,,10,"Gates E (ZRH Airport), 8302 Kloten",,"1+ foto, 3+ fotos, 5+ fotos, cartões aceitos, comodidades, dias da semana, horário, localização exata, tempo máx",,,,ZRH,c06b4a97-1424-4936-a17b-10d93f92cb03,0,Suíça,Média,Pendente,,,,26 de maio de 2026
American Express Centurion Lounge ATL,"ATL · Atlanta/Hartsfield-Jackson, Estados Unidos","Amex Centurion, Amex Platinum","Ar condicionado, Bar, Centro de negócios, Chuveiro, Comida, Wi-Fi",50,Embarque,,"1+ foto, 3+ fotos, 5+ fotos, dias da semana, tempo máx",,,05:00-22:00,ATL,fa0783c4-9890-491c-a8f6-82264d58b189,0,Estados Unidos,Baixa,Pendente,,Concourse B,,22 de maio de 2026
Sala VIP Campo Grande,"CGR · Campo Grande Intl, Desconhecido","DragonPass, Visa Airport Companion","Ar condicionado, Comida, Wi-Fi",60,Embarque doméstico,,"3+ fotos, 5+ fotos, dias da semana, tempo máx",https://upload.wikimedia.org/wikipedia/commons/1/10/Rimini_airport_terminal_2018.JPG,https://upload.wikimedia.org/wikipedia/commons/1/10/Rimini_airport_terminal_2018.JPG,05:00-22:00,CGR,08a4b257-2968-49aa-97e8-5d413db6924e,1,Desconhecido,Baixa,Pendente,,Terminal Único,,22 de maio de 2026
SWISS First Lounge E,"ZRH · Zurique, Suíça",,,20,"Gates E (ZRH Airport), 8302 Kloten",,"3+ fotos, 5+ fotos, cartões aceitos, comodidades, dias da semana, horário, localização exata, tempo máx",https://upload.wikimedia.org/wikipedia/commons/a/a5/Aerial_view_of_the_Zurich_Airport%2C_April_2019.jpg,https://upload.wikimedia.org/wikipedia/commons/a/a5/Aerial_view_of_the_Zurich_Airport%2C_April_2019.jpg,,ZRH,637d942f-6984-4c80-8331-828b5b237e01,1,Suíça,Média,Pendente,,,https://www.swiss.com/ch/EN/fly/airport/lounges,26 de maio de 2026
Swiss Alpine Lounge,"ZRH · Zurique, Suíça",,,20,"Gates A (ZRH Airport), 8302 Kloten",,"3+ fotos, 5+ fotos, cartões aceitos, comodidades, dias da semana, horário, localização exata, tempo máx",https://upload.wikimedia.org/wikipedia/commons/9/93/Le_Constellation_-_2_janvier_2026.jpg,https://upload.wikimedia.org/wikipedia/commons/9/93/Le_Constellation_-_2_janvier_2026.jpg,,ZRH,8cdbb635-9634-4fa2-ae9e-2b212d3cf78d,1,Suíça,Média,Pendente,,,,26 de maio de 2026
Royal Orchid Spa & Lounge BKK,"BKK · Bangkok, Tailândia",Star Alliance Gold,"Ar condicionado, Bar, Centro de negócios, Chuveiro, Comida, Sala de orações, Wi-Fi",50,Thai Airways First Class com spa,,"1+ foto, 3+ fotos, 5+ fotos, dias da semana, tempo máx",,,24h,BKK,f9b19274-9ca5-4fe6-9d15-da483147e204,0,Tailândia,Baixa,Pendente,,Concourse F,,22 de maio de 2026
Sala VIP Pau Casals BCN T1,"BCN · Barcelona, Espanha","LoungeKey, OneWorld Emerald, OneWorld Sapphire, Priority Pass","Ar condicionado, Bar, Centro de negócios, Chuveiro, Comida, Wi-Fi",50,Embarque internacional,,"1+ foto, 3+ fotos, 5+ fotos, dias da semana, tempo máx",,,05:00-23:00,BCN,405c74f6-fd66-4c87-8118-fe9300651b29,0,Espanha,Baixa,Pendente,,Terminal 1,,22 de maio de 2026
Goldair Handling Lounge ATH,"ATH · Atenas, Grécia","DragonPass, LoungeKey, Priority Pass, Visa Airport Companion","Ar condicionado, Bar, Comida, Wi-Fi",50,Embarque,,"1+ foto, 3+ fotos, 5+ fotos, dias da semana, tempo máx",,,05:00-22:00,ATH,ce35a13e-dee8-4a10-9844-12decb806975,0,Grécia,Baixa,Pendente,,Main Terminal,,22 de maio de 2026
Sala VIP Smiles Diamante BSB,"BSB · Brasília, Brasil",Smiles Diamante,"Ar condicionado, Bar, Comida, Wi-Fi",50,Embarque doméstico,,"1+ foto, 3+ fotos, 5+ fotos, dias da semana, tempo máx",,,05:00-22:00,BSB,6430d4ac-dffd-4838-b872-556fe65cd1ee,0,Brasil,Baixa,Pendente,,Terminal 1,,22 de maio de 2026
LATAM VIP Lounge BSB,"BSB · Brasília, Brasil","Latampass Black, OneWorld Emerald, OneWorld Sapphire","Ar condicionado, Bar, Centro de negócios, Comida, Wi-Fi",50,Embarque doméstico,,"1+ foto, 3+ fotos, 5+ fotos, dias da semana, tempo máx",,,05:00-23:00,BSB,e91f2f24-11db-418a-a8f0-3eff475b0df0,0,Brasil,Baixa,Pendente,,Terminal 1,,22 de maio de 2026
Delta Sky Club ATL F,"ATL · Atlanta/Hartsfield-Jackson, Estados Unidos",SkyTeam Elite Plus,"Ar condicionado, Bar, Centro de negócios, Chuveiro, Comida, Vista, Wi-Fi",60,Embarque internacional,,"3+ fotos, 5+ fotos, dias da semana, tempo máx",https://upload.wikimedia.org/wikipedia/commons/2/2b/ATL%281%29_%28cropped%29.jpg,https://upload.wikimedia.org/wikipedia/commons/2/2b/ATL%281%29_%28cropped%29.jpg,05:00-23:00,ATL,1fbb3008-78b2-4468-8970-2f702a145aa3,1,Estados Unidos,Baixa,Pendente,,Terminal F (Intl),,22 de maio de 2026
Plaza Premium Lounge CNF,"CNF · Belo Horizonte, Brasil","DragonPass, LoungeKey, Plaza Premium, Priority Pass, Visa Airport Companion","Ar condicionado, Bar, Centro de negócios, Chuveiro, Comida, Wi-Fi",50,Embarque doméstico,,"1+ foto, 3+ fotos, 5+ fotos, dias da semana, tempo máx",,,05:00-22:00,CNF,e2ad2b96-6095-44c8-b7c2-a9f3a1a1faae,0,Brasil,Baixa,Pendente,,Terminal 1,,22 de maio de 2026
SWISS First Lounge A,"ZRH · Zurique, Suíça",,,20,"Gates A, Level 2 (ZRH Airport), 8302 Kloten",,"3+ fotos, 5+ fotos, cartões aceitos, comodidades, dias da semana, horário, localização exata, tempo máx",https://upload.wikimedia.org/wikipedia/commons/a/a5/Aerial_view_of_the_Zurich_Airport%2C_April_2019.jpg,https://upload.wikimedia.org/wikipedia/commons/a/a5/Aerial_view_of_the_Zurich_Airport%2C_April_2019.jpg,,ZRH,5a5a3809-2e7c-4a40-9c4f-c338d7ab841b,1,Suíça,Média,Pendente,,,http://www.swiss.com,26 de maio de 2026
SWISS Senator Lounge A,"ZRH · Zurique, Suíça",,,20,"Gates A (ZRH Airport), 8302 Kloten",,"3+ fotos, 5+ fotos, cartões aceitos, comodidades, dias da semana, horário, localização exata, tempo máx",https://upload.wikimedia.org/wikipedia/commons/9/92/Washington_Dulles_International_Airport_at_Dusk.jpg,https://upload.wikimedia.org/wikipedia/commons/9/92/Washington_Dulles_International_Airport_at_Dusk.jpg,,ZRH,ecc5d41f-ebb6-4d98-9dc6-6882d0049cab,1,Suíça,Média,Pendente,,,http://swiss.com,26 de maio de 2026
Sala VIP Aracaju,"AJU · Aracaju/Santa Maria, Desconhecido","DragonPass, Visa Airport Companion","Ar condicionado, Comida, Wi-Fi",50,Embarque doméstico,,"1+ foto, 3+ fotos, 5+ fotos, dias da semana, tempo máx",,,05:00-22:00,AJU,356c8aa1-6e68-4f18-82b8-810e5a375c92,0,Desconhecido,Baixa,Pendente,,Terminal Único,,22 de maio de 2026
Sala VIP Azul · Cuiabá,"CGB · Aeroporto Internacional Marechal Rondon · Cuiabá, Desconhecido","LoungeKey, Tudoazul Diamante","Comida, Wi-Fi",50,Área de embarque,,"1+ foto, 3+ fotos, 5+ fotos, dias da semana, tempo máx",,,06:00–20:00,CGB,bfdf541a-e6b5-4469-abfa-b5b8825ebe85,0,Desconhecido,Baixa,Pendente,,Terminal Único,,23 de maio de 2026
SAS Gold Lounge ARN,"ARN · Estocolmo, Suécia",Star Alliance Gold,"Ar condicionado, Bar, Centro de negócios, Chuveiro, Comida, Vista, Wi-Fi",60,Embarque non-Schengen,,"3+ fotos, 5+ fotos, dias da semana, tempo máx",https://upload.wikimedia.org/wikipedia/commons/0/0a/Scandinavian_Airlines_System_%2849606868433%29.jpg,https://upload.wikimedia.org/wikipedia/commons/0/0a/Scandinavian_Airlines_System_%2849606868433%29.jpg,05:00-22:00,ARN,393feee3-3c7f-479d-9b76-78aa5ec137be,1,Suécia,Baixa,Pendente,,Terminal 5,,22 de maio de 2026
SWISS Business Lounge E,"ZRH · Zurique, Suíça",,,20,"Gates E (ZRH Airport), 8302 Kloten",,"3+ fotos, 5+ fotos, cartões aceitos, comodidades, dias da semana, horário, localização exata, tempo máx",https://upload.wikimedia.org/wikipedia/commons/a/a5/Aerial_view_of_the_Zurich_Airport%2C_April_2019.jpg,https://upload.wikimedia.org/wikipedia/commons/a/a5/Aerial_view_of_the_Zurich_Airport%2C_April_2019.jpg,,ZRH,12d0c66f-8c13-41c8-b122-2755a9972dd9,1,Suíça,Média,Pendente,,,https://loungereview.com/lounges/swiss-business-lounge-zrh-e/,26 de maio de 2026
SWISS Arrival Lounge,"ZRH · Zurique, Suíça",,,20,"Arrival 2 (ZRH Airport), 8058 Zürich-Flughafen",,"3+ fotos, 5+ fotos, cartões aceitos, comodidades, dias da semana, horário, localização exata, tempo máx",https://upload.wikimedia.org/wikipedia/commons/a/a5/Aerial_view_of_the_Zurich_Airport%2C_April_2019.jpg,https://upload.wikimedia.org/wikipedia/commons/a/a5/Aerial_view_of_the_Zurich_Airport%2C_April_2019.jpg,,ZRH,e13b76a5-79d6-4e3c-a55f-47a87aca4b9e,1,Suíça,Média,Pendente,,,http://www.swiss.com,26 de maio de 2026
Sala VIP Buquebus AEP,"AEP · Buenos Aires/Jorge Newbery, Argentina","LoungeKey, Priority Pass","Ar condicionado, Comida, Wi-Fi",50,Embarque doméstico,,"1+ foto, 3+ fotos, 5+ fotos, dias da semana, tempo máx",,,05:00-22:00,AEP,af292a06-66c0-4ff5-98ea-af9b1a818c73,0,Argentina,Baixa,Pendente,,Terminal Único,,22 de maio de 2026
SAS Lounge CPH,"CPH · Copenhague, Dinamarca",Star Alliance Gold,"Ar condicionado, Bar, Centro de negócios, Chuveiro, Comida, Vista, Wi-Fi",60,Embarque internacional non-Schengen,,"3+ fotos, 5+ fotos, dias da semana, tempo máx",https://upload.wikimedia.org/wikipedia/commons/0/0a/Scandinavian_Airlines_System_%2849606868433%29.jpg,https://upload.wikimedia.org/wikipedia/commons/0/0a/Scandinavian_Airlines_System_%2849606868433%29.jpg,05:00-22:00,CPH,98a65215-948c-4e74-976b-d88677112bd9,1,Dinamarca,Baixa,Pendente,,Terminal 3,,22 de maio de 2026
Living Heineken (HNK) CWB,"CWB · Curitiba, Brasil","DragonPass, Heineken Voucher, LoungeKey, Priority Pass, Visa Airport Companion","Ar condicionado, Bar, Comida, Wi-Fi",50,Área de embarque | Voucher: Voucher de consumo,,"1+ foto, 3+ fotos, 5+ fotos, dias da semana, tempo máx",,,05:00-23:00,CWB,0ebb885f-9c9b-4dc0-bd45-8e75a734ced1,0,Brasil,Baixa,Pendente,,Terminal Único,,22 de maio de 2026
Al Mourjan Business Lounge DOH,"DOH · Doha, Catar","OneWorld Emerald, OneWorld Sapphire","Ar condicionado, Bar, Centro de negócios, Chuveiro, Comida, Nap, Sala de orações, Vista, Wi-Fi",60,Embarque internacional Qatar Airways Business,,"3+ fotos, 5+ fotos, dias da semana, tempo máx",https://upload.wikimedia.org/wikipedia/commons/a/a3/Hamad_International_Airport_Qatar.jpg,https://upload.wikimedia.org/wikipedia/commons/a/a3/Hamad_International_Airport_Qatar.jpg,24h,DOH,e1933137-56d6-4f80-bd1d-6bd49edc4fde,1,Catar,Baixa,Pendente,,Main Terminal,,22 de maio de 2026
Al Maha Lounge DOH (Premium),"DOH · Doha, Catar","DragonPass, LoungeKey, Priority Pass","Ar condicionado, Bar, Centro de negócios, Chuveiro, Comida, Sala de orações, Wi-Fi",50,Lounge premium pago/Priority Pass,,"1+ foto, 3+ fotos, 5+ fotos, dias da semana, tempo máx",,,24h,DOH,ecd8a990-be28-40b1-9439-880e59b38b48,0,Catar,Baixa,Pendente,,Main Terminal,,22 de maio de 2026
American Express Centurion Lounge DFW,"DFW · Dallas/Fort Worth, Estados Unidos","Amex Centurion, Amex Platinum","Ar condicionado, Bar, Centro de negócios, Chuveiro, Comida, Vista, Wi-Fi",60,Embarque internacional,,"3+ fotos, 5+ fotos, dias da semana, tempo máx",https://upload.wikimedia.org/wikipedia/commons/b/b9/JFK_Aerial_Nov_14_2018.jpg,https://upload.wikimedia.org/wikipedia/commons/b/b9/JFK_Aerial_Nov_14_2018.jpg,05:00-22:00,DFW,66d58269-2e1e-44cb-9b37-176c5a95b347,1,Estados Unidos,Baixa,Pendente,,Terminal D,,22 de maio de 2026
Aspire Lounge CPH,"CPH · Copenhague, Dinamarca","DragonPass, LoungeKey, Priority Pass, Visa Airport Companion","Ar condicionado, Bar, Centro de negócios, Chuveiro, Comida, Wi-Fi",50,Embarque internacional,,"1+ foto, 3+ fotos, 5+ fotos, dias da semana, tempo máx",,,05:00-22:00,CPH,719708e6-206a-4c37-91b6-3f2c33d9a466,0,Dinamarca,Baixa,Pendente,,Terminal 2,,22 de maio de 2026
Bidvest Premier Lounge CPT,"CPT · Cidade do Cabo, África do Sul","DragonPass, LoungeKey, Priority Pass, Visa Airport Companion","Ar condicionado, Bar, Centro de negócios, Comida, Vista, Wi-Fi",50,Embarque,,"1+ foto, 3+ fotos, 5+ fotos, dias da semana, tempo máx",,,05:00-22:00,CPT,2217fec0-fb6a-4961-bf8e-a5898fb0ffaa,0,África do Sul,Baixa,Pendente,,Terminal A,,22 de maio de 2026
Oryx Lounge DOH,"DOH · Doha, Catar","DragonPass, LoungeKey, Priority Pass","Ar condicionado, Bar, Chuveiro, Comida, Sala de orações, Wi-Fi",60,Lounge pago para passageiros economy,,"3+ fotos, 5+ fotos, dias da semana, tempo máx",https://upload.wikimedia.org/wikipedia/commons/4/47/Qatar_Doha_International_Airport%2C_Aircraft%2C_Qatar.jpg,https://upload.wikimedia.org/wikipedia/commons/4/47/Qatar_Doha_International_Airport%2C_Aircraft%2C_Qatar.jpg,24h,DOH,845e0e19-1436-4199-8ba7-c415031ae640,1,Catar,Baixa,Pendente,,Main Terminal,,22 de maio de 2026
Capital One Lounge DFW,"DFW · Dallas/Fort Worth, Estados Unidos","Capital One Lounges, Priority Pass","Ar condicionado, Bar, Centro de negócios, Comida, Vista, Wi-Fi",60,Embarque,,"3+ fotos, 5+ fotos, dias da semana, tempo máx",https://upload.wikimedia.org/wikipedia/commons/3/39/American_Airlines_Boeing_777-300ER_%282-1_crop%29.jpg,https://upload.wikimedia.org/wikipedia/commons/3/39/American_Airlines_Boeing_777-300ER_%282-1_crop%29.jpg,05:30-22:00,DFW,b88353ff-f358-4f45-ab23-c7302718e5bb,1,Estados Unidos,Baixa,Pendente,,Terminal D,,22 de maio de 2026
Air India Maharajah Lounge DEL,"DEL · Agra, Índia",Star Alliance Gold,"Ar condicionado, Bar, Centro de negócios, Chuveiro, Comida, Sala de orações, Wi-Fi",60,Embarque internacional First/Business,,"3+ fotos, 5+ fotos, dias da semana, tempo máx",https://upload.wikimedia.org/wikipedia/commons/4/45/VT-JRF_%40_JFK%2C_2024-11-04.png,https://upload.wikimedia.org/wikipedia/commons/4/45/VT-JRF_%40_JFK%2C_2024-11-04.png,24h,DEL,e62bfd6b-a924-4b83-910d-2abbf4430e1b,1,Índia,Baixa,Pendente,,Terminal 3,,22 de maio de 2026
Plaza Premium Lounge DEL T3,"DEL · Agra, Índia","DragonPass, LoungeKey, Plaza Premium, Priority Pass","Ar condicionado, Bar, Centro de negócios, Chuveiro, Comida, Sala de orações, Wi-Fi",60,Embarque internacional,,"3+ fotos, 5+ fotos, dias da semana, tempo máx",https://upload.wikimedia.org/wikipedia/commons/b/b9/JFK_Aerial_Nov_14_2018.jpg,https://upload.wikimedia.org/wikipedia/commons/b/b9/JFK_Aerial_Nov_14_2018.jpg,24h,DEL,f5fb3f8b-ce3a-4de0-a62b-f09f40126618,1,Índia,Baixa,Pendente,,Terminal 3,,22 de maio de 2026
LATAM VIP Lounge CWB,"CWB · Curitiba, Brasil","Latampass Black, OneWorld Emerald, OneWorld Sapphire","Ar condicionado, Bar, Comida, Wi-Fi",50,Embarque doméstico,,"1+ foto, 3+ fotos, 5+ fotos, dias da semana, tempo máx",,,05:00-22:00,CWB,6e75cb4b-e00b-4751-8884-30e863692f38,0,Brasil,Baixa,Pendente,,Terminal Único,,22 de maio de 2026
Al Safwa First Class Lounge DOH,"DOH · Doha, Catar",OneWorld Emerald,"Ar condicionado, Bar, Centro de negócios, Chuveiro, Comida, Nap, Sala de orações, Vista, Wi-Fi",60,First Class lounge exclusivo Qatar,,"3+ fotos, 5+ fotos, dias da semana, tempo máx",https://upload.wikimedia.org/wikipedia/commons/a/a3/Hamad_International_Airport_Qatar.jpg,https://upload.wikimedia.org/wikipedia/commons/a/a3/Hamad_International_Airport_Qatar.jpg,24h,DOH,e0279ade-1470-43eb-8ed4-0849e4a9f158,1,Catar,Baixa,Pendente,,Main Terminal,,22 de maio de 2026
Flagship Lounge DFW,"DFW · Dallas/Fort Worth, Estados Unidos",OneWorld Emerald,"Ar condicionado, Bar, Centro de negócios, Chuveiro, Comida, Vista, Wi-Fi",60,AA First Class,,"3+ fotos, 5+ fotos, dias da semana, tempo máx",https://upload.wikimedia.org/wikipedia/commons/3/39/American_Airlines_Boeing_777-300ER_%282-1_crop%29.jpg,https://upload.wikimedia.org/wikipedia/commons/3/39/American_Airlines_Boeing_777-300ER_%282-1_crop%29.jpg,05:00-22:00,DFW,47c8b99e-3e4c-4221-a537-1eb658729946,1,Estados Unidos,Baixa,Pendente,,Terminal D,,22 de maio de 2026
American Express Centurion Lounge DCA,"DCA · Washington/Reagan, Estados Unidos","Amex Centurion, Amex Platinum","Ar condicionado, Bar, Centro de negócios, Chuveiro, Comida, Vista, Wi-Fi",60,Embarque,,"3+ fotos, 5+ fotos, dias da semana, tempo máx",https://upload.wikimedia.org/wikipedia/commons/1/1d/Ronald_Reagan_Washington_National_Airport_overhead_2023.png,https://upload.wikimedia.org/wikipedia/commons/1/1d/Ronald_Reagan_Washington_National_Airport_overhead_2023.png,05:00-22:00,DCA,7d8b1bc9-1fdb-4cc0-a169-a48ed8e0bce7,1,Estados Unidos,Baixa,Pendente,,Terminal B/C,,22 de maio de 2026
Sala VIP Flytour FLN,"FLN · Florianópolis, Brasil","DragonPass, Mastercard Airport Experiences, Visa Airport Companion","Ar condicionado, Bar, Comida, Wi-Fi",50,Embarque doméstico,,"1+ foto, 3+ fotos, 5+ fotos, dias da semana, tempo máx",,,05:00-22:00,FLN,c0a6b4e3-d8fb-46e8-9008-a907840ba0ff,0,Brasil,Baixa,Pendente,,Terminal Único,,22 de maio de 2026
SkyTeam Lounge DXB,"DXB · Dubai, Emirados Árabes Unidos",SkyTeam Elite Plus,"Ar condicionado, Bar, Centro de negócios, Chuveiro, Comida, Sala de orações, Wi-Fi",60,Embarque internacional SkyTeam,,"3+ fotos, 5+ fotos, dias da semana, tempo máx",https://upload.wikimedia.org/wikipedia/commons/0/06/Aerial_View_of_Mexico_City_Airport_on_3.21.11_%28cropped%29.jpg,https://upload.wikimedia.org/wikipedia/commons/0/06/Aerial_View_of_Mexico_City_Airport_on_3.21.11_%28cropped%29.jpg,24h,DXB,14197615-b651-4b5f-88b1-3c3a3fa5f5bc,1,Emirados Árabes Unidos,Baixa,Pendente,,Terminal 1,,22 de maio de 2026
Living Heineken (HNK) FLN,"FLN · Florianópolis, Brasil","DragonPass, Heineken Voucher, LoungeKey, Priority Pass, Visa Airport Companion","Ar condicionado, Bar, Comida, Wi-Fi",50,Área de embarque | Voucher: Voucher de consumo,,"1+ foto, 3+ fotos, 5+ fotos, dias da semana, tempo máx",,,05:00-22:00,FLN,471d5b85-ce23-464a-a18d-9176fa4eb181,0,Brasil,Baixa,Pendente,,Terminal Único,,22 de maio de 2026
United Club EWR C,"EWR · Newark Liberty, Estados Unidos",Star Alliance Gold,"Ar condicionado, Bar, Centro de negócios, Comida, Wi-Fi",60,Embarque,,"3+ fotos, 5+ fotos, dias da semana, tempo máx",https://upload.wikimedia.org/wikipedia/commons/d/d1/New_York_City_by_Sentinel-2_%28cropped%29.jpg,https://upload.wikimedia.org/wikipedia/commons/d/d1/New_York_City_by_Sentinel-2_%28cropped%29.jpg,04:30-22:00,EWR,269068d5-8bb2-4741-b27c-873c71ad3760,1,Estados Unidos,Baixa,Pendente,,Terminal C,,22 de maio de 2026
Marhaba Lounge DXB T3,"DXB · Dubai, Emirados Árabes Unidos","DragonPass, LoungeKey, Priority Pass, Visa Airport Companion","Ar condicionado, Bar, Chuveiro, Comida, Sala de orações, Wi-Fi",50,Lounge premium pago,,"1+ foto, 3+ fotos, 5+ fotos, dias da semana, tempo máx",,,24h,DXB,4bac62fd-9773-43c1-a661-259fbf0a1618,0,Emirados Árabes Unidos,Baixa,Pendente,,Terminal 3,,22 de maio de 2026
Aer Lingus Lounge DUB,"DUB · Dublin, Irlanda","OneWorld Emerald, OneWorld Sapphire","Ar condicionado, Bar, Centro de negócios, Chuveiro, Comida, Wi-Fi",60,Embarque internacional Aer Lingus,,"3+ fotos, 5+ fotos, dias da semana, tempo máx",https://upload.wikimedia.org/wikipedia/commons/e/ed/T2Dublin_Airport-doyler79.jpg,https://upload.wikimedia.org/wikipedia/commons/e/ed/T2Dublin_Airport-doyler79.jpg,04:30-22:00,DUB,c4bbe8c0-4e7e-41b9-a0f9-856074f703c6,1,Irlanda,Baixa,Pendente,,Terminal 2,,22 de maio de 2026
Emirates First Class Lounge DXB A,"DXB · Dubai, Emirados Árabes Unidos",SkyTeam Elite Plus,"Ar condicionado, Bar, Centro de negócios, Chuveiro, Comida, Sala de orações, Vista, Wi-Fi",60,First Class Emirates exclusivo,,"3+ fotos, 5+ fotos, dias da semana, tempo máx",https://upload.wikimedia.org/wikipedia/commons/5/5a/FlyDubai_737-800_A6-FDB.jpg,https://upload.wikimedia.org/wikipedia/commons/5/5a/FlyDubai_737-800_A6-FDB.jpg,24h,DXB,2502cec0-f9af-4d22-ac0b-4165d23361f7,1,Emirados Árabes Unidos,Baixa,Pendente,,Terminal 3 Concourse A,,22 de maio de 2026
ITA Airways Piazza Navona Lounge FCO,"FCO · Roma, Itália",SkyTeam Elite Plus,"Ar condicionado, Bar, Centro de negócios, Chuveiro, Comida, Vista, Wi-Fi",50,Embarque internacional,,"1+ foto, 3+ fotos, 5+ fotos, dias da semana, tempo máx",,,05:00-22:00,FCO,aec74c18-638e-4d7f-9963-9a1ab8521963,0,Itália,Baixa,Pendente,,Terminal 3,,22 de maio de 2026
Emirates Business Class Lounge DXB B,"DXB · Dubai, Emirados Árabes Unidos",SkyTeam Elite Plus,"Ar condicionado, Bar, Centro de negócios, Chuveiro, Comida, Sala de orações, Vista, Wi-Fi",60,Business Class Emirates,,"3+ fotos, 5+ fotos, dias da semana, tempo máx",https://upload.wikimedia.org/wikipedia/commons/2/25/22_boeing_772_app_cmb.jpg,https://upload.wikimedia.org/wikipedia/commons/2/25/22_boeing_772_app_cmb.jpg,24h,DXB,25abb501-8c27-43b2-b97e-e198cde08ca1,1,Emirados Árabes Unidos,Baixa,Pendente,,Terminal 3 Concourse B,,22 de maio de 2026
51st & Green Lounge DUB T2,"DUB · Dublin, Irlanda","DragonPass, LoungeKey, Priority Pass, Visa Airport Companion","Ar condicionado, Bar, Centro de negócios, Comida, Wi-Fi",50,Embarque US Preclearance,,"1+ foto, 3+ fotos, 5+ fotos, dias da semana, tempo máx",,,04:30-22:00,DUB,85e56769-58cd-40cd-bd33-fffdbaa884e2,0,Irlanda,Baixa,Pendente,,Terminal 2,,22 de maio de 2026
Ahlan Lounge DXB T1,"DXB · Dubai, Emirados Árabes Unidos","DragonPass, LoungeKey, Priority Pass","Ar condicionado, Bar, Chuveiro, Comida, Sala de orações, Wi-Fi",50,Embarque internacional,,"1+ foto, 3+ fotos, 5+ fotos, dias da semana, tempo máx",,,24h,DXB,f951762a-d5cf-43b3-b064-4999124273da,0,Emirados Árabes Unidos,Baixa,Pendente,,Terminal 1,,22 de maio de 2026
Plaza Premium Lounge EDI,"EDI · Edimburgo, Reino Unido","DragonPass, LoungeKey, Plaza Premium, Priority Pass, Visa Airport Companion","Ar condicionado, Bar, Centro de negócios, Comida, Wi-Fi",60,Embarque,,"3+ fotos, 5+ fotos, dias da semana, tempo máx",https://upload.wikimedia.org/wikipedia/commons/f/f4/Jim_Nabors_at_Indianapolis_500.jpg,https://upload.wikimedia.org/wikipedia/commons/f/f4/Jim_Nabors_at_Indianapolis_500.jpg,05:00-21:00,EDI,0f17bde9-1a56-402a-ac0c-2ad0a3b0cf2f,1,Reino Unido,Baixa,Pendente,,Main Terminal,,22 de maio de 2026
Plaza Premium Lounge FCO T3,"FCO · Roma, Itália","DragonPass, LoungeKey, Plaza Premium, Priority Pass, Visa Airport Companion","Ar condicionado, Bar, Centro de negócios, Chuveiro, Comida, Wi-Fi",50,Embarque internacional,,"1+ foto, 3+ fotos, 5+ fotos, dias da semana, tempo máx",,,05:00-22:00,FCO,36e6cb03-5690-48bf-87c5-9aaacf958b73,0,Itália,Baixa,Pendente,,Terminal 3,,22 de maio de 2026
ITA Airways Piazza di Spagna Lounge FCO,"FCO · Roma, Itália",SkyTeam Elite Plus,"Ar condicionado, Bar, Centro de negócios, Chuveiro, Comida, Wi-Fi",50,Embarque Schengen,,"1+ foto, 3+ fotos, 5+ fotos, dias da semana, tempo máx",,,05:00-22:00,FCO,a228745c-7ed6-4fe2-aa4f-b71ed981c256,0,Itália,Baixa,Pendente,,Terminal 1,,22 de maio de 2026
United Polaris Lounge EWR,"EWR · Newark Liberty, Estados Unidos",Star Alliance Gold,"Ar condicionado, Bar, Centro de negócios, Chuveiro, Comida, Wi-Fi",60,Embarque internacional,,"3+ fotos, 5+ fotos, dias da semana, tempo máx",https://upload.wikimedia.org/wikipedia/commons/d/d1/New_York_City_by_Sentinel-2_%28cropped%29.jpg,https://upload.wikimedia.org/wikipedia/commons/d/d1/New_York_City_by_Sentinel-2_%28cropped%29.jpg,11:00-22:30,EWR,fcbff854-dec6-45de-839f-36a89328fe1e,1,Estados Unidos,Baixa,Pendente,,Terminal C,,22 de maio de 2026
Oman Air Lounge,"BKK · Bangkok, Tailândia",,,20,"Concourse E (BKK Airport), Bang Phli, สมุทรปราการ 10540",,"3+ fotos, 5+ fotos, cartões aceitos, comodidades, dias da semana, horário, localização exata, tempo máx",https://upload.wikimedia.org/wikipedia/commons/9/9c/HS-THH%40PEK_%2820180820153254%29.jpg,https://upload.wikimedia.org/wikipedia/commons/9/9c/HS-THH%40PEK_%2820180820153254%29.jpg,,BKK,27b23c0f-be82-4f93-86d3-a152e87f92c4,1,Tailândia,Média,Pendente,,,,26 de maio de 2026
Atelier Relaxium Lounge,"CPH · Copenhague, Dinamarca",,,10,"Terminal 2 (CPH Airport), 2770 Kastrup",,"1+ foto, 3+ fotos, 5+ fotos, cartões aceitos, comodidades, dias da semana, horário, localização exata, tempo máx",,,,CPH,eadab2c0-71c4-4717-aac9-b6c30abf727c,0,Dinamarca,Média,Pendente,,,,26 de maio de 2026
SAS Gold Lounge,"ARN · Estocolmo, Suécia",,,20,"SkyCity, Terminal 5 (ARN Airport), 190 45 Stockholm-Arlanda",,"3+ fotos, 5+ fotos, cartões aceitos, comodidades, dias da semana, horário, localização exata, tempo máx",https://upload.wikimedia.org/wikipedia/commons/0/0a/Scandinavian_Airlines_System_%2849606868433%29.jpg,https://upload.wikimedia.org/wikipedia/commons/0/0a/Scandinavian_Airlines_System_%2849606868433%29.jpg,,ARN,a3876b92-1c93-4d5b-8c1f-0e5bc0abdb78,1,Suécia,Média,Pendente,,,http://www.sas.se,26 de maio de 2026
Etihad Airways Business Class Lounge Pier B,"AUH · Abu Dhabi, Emirados Árabes Unidos",,,20,"Terminal 3, Pier B (AUH Airport), Abu Dhabi",,"3+ fotos, 5+ fotos, cartões aceitos, comodidades, dias da semana, horário, localização exata, tempo máx",https://upload.wikimedia.org/wikipedia/commons/0/0d/London_-_Heathrow_%28LHR_-_EGLL%29_AN1572653.jpg,https://upload.wikimedia.org/wikipedia/commons/0/0d/London_-_Heathrow_%28LHR_-_EGLL%29_AN1572653.jpg,,AUH,af4ba382-342a-41e6-b220-179dd8f06f5f,1,Emirados Árabes Unidos,Média,Pendente,,,,26 de maio de 2026
Dilmun Lounge,"BAH · Bahrein, Bahrein",,,10,"Bahrain International Airport (BAH Airport), Muharraq",,"1+ foto, 3+ fotos, 5+ fotos, cartões aceitos, comodidades, dias da semana, horário, localização exata, tempo máx",,,,BAH,5bd40cd8-23cd-4468-a36f-6d66286f251a,0,Bahrein,Média,Pendente,,,,26 de maio de 2026
Avianca Sala VIP BOG,"BOG · Bogotá, Colômbia",Star Alliance Gold,"Ar condicionado, Bar, Centro de negócios, Chuveiro, Comida, Wi-Fi",60,Embarque internacional Avianca,,"3+ fotos, 5+ fotos, dias da semana, tempo máx",https://upload.wikimedia.org/wikipedia/commons/e/e0/Aerial_view_of_SJU.jpg,https://upload.wikimedia.org/wikipedia/commons/e/e0/Aerial_view_of_SJU.jpg,24h,BOG,9504404a-2862-491c-a5aa-5c559beb326a,1,Colômbia,Média,Pendente,,Terminal 1 Internacional,,22 de maio de 2026
American Express Centurion Lounge,"ARN · Estocolmo, Suécia",,,20,"Terminal 5 (ARN Airport), 190 45 Stockholm-Arlanda",,"3+ fotos, 5+ fotos, cartões aceitos, comodidades, dias da semana, horário, localização exata, tempo máx",https://upload.wikimedia.org/wikipedia/commons/d/de/Sala_Dal%C3%AD_-_Rinc%C3%B3n_del_Vino_%285657319902%29.jpg,https://upload.wikimedia.org/wikipedia/commons/d/de/Sala_Dal%C3%AD_-_Rinc%C3%B3n_del_Vino_%285657319902%29.jpg,,ARN,3a5d49c9-6bd0-4f24-bf1d-da9c492e4d8f,1,Suécia,Média,Pendente,,,,26 de maio de 2026
ZAIN VIP Lounge,"AMM · Petra, Jordânia",,,10,,,"3+ fotos, 5+ fotos, cartões aceitos, comodidades, descrição, dias da semana, horário, localização exata, tempo máx",https://upload.wikimedia.org/wikipedia/commons/3/39/Queen_Alia_International_Airport_-_New_Terminal_-_2013.JPG,https://upload.wikimedia.org/wikipedia/commons/3/39/Queen_Alia_International_Airport_-_New_Terminal_-_2013.JPG,,AMM,693f07e9-18fc-467b-9609-0e0a8426d06d,1,Jordânia,Média,Pendente,,,,26 de maio de 2026
VIP Club,"BSB · Brasília, Brasil",,,20,"Terminal 1 (Aeroporto de Brasília), Brasília, DF, 71608-900",,"3+ fotos, 5+ fotos, cartões aceitos, comodidades, dias da semana, horário, localização exata, tempo máx",https://upload.wikimedia.org/wikipedia/commons/4/4c/Backstreet_Boys-_Larger_Than_Life.jpg,https://upload.wikimedia.org/wikipedia/commons/4/4c/Backstreet_Boys-_Larger_Than_Life.jpg,,BSB,b2fa6779-156b-4389-8331-e84bc17949e0,1,Brasil,Média,Pendente,,,http://www.bsb.aero,26 de maio de 2026
Sala VIP Mastercard Black,"BSB · Brasília, Brasil",,,20,"Aeropuerto Internacional de Brasília Presidente Juscelino Kubitschek (BSB), Brasília, DF",,"3+ fotos, 5+ fotos, cartões aceitos, comodidades, dias da semana, horário, localização exata, tempo máx",https://upload.wikimedia.org/wikipedia/commons/0/06/Aerial_View_of_Mexico_City_Airport_on_3.21.11_%28cropped%29.jpg,https://upload.wikimedia.org/wikipedia/commons/0/06/Aerial_View_of_Mexico_City_Airport_on_3.21.11_%28cropped%29.jpg,,BSB,9ad5b49c-58d2-47ee-8315-b2a1879a41c7,1,Brasil,Média,Pendente,,,,26 de maio de 2026
BA Lounge,"BCN · Barcelona, Espanha",,,20,"Terminal 1 (BCN Airport), 08820 El Prat de Llobregat Catalunya",,"3+ fotos, 5+ fotos, cartões aceitos, comodidades, dias da semana, horário, localização exata, tempo máx",https://upload.wikimedia.org/wikipedia/commons/9/92/Washington_Dulles_International_Airport_at_Dusk.jpg,https://upload.wikimedia.org/wikipedia/commons/9/92/Washington_Dulles_International_Airport_at_Dusk.jpg,,BCN,791cc1f3-4b0a-450a-8464-cd789f2994c5,1,Espanha,Média,Pendente,,,,26 de maio de 2026
Air France Lounge CDG 2F,"CDG · Paris, França",SkyTeam Elite Plus,"Ar condicionado, Bar, Centro de negócios, Comida, Wi-Fi",50,Embarque Schengen,,"1+ foto, 3+ fotos, 5+ fotos, dias da semana, tempo máx",,,05:00-22:00,CDG,87cca4b7-0da8-47d0-ab3b-5c66bdf51ab5,0,França,Média,Pendente,,Terminal 2F,,22 de maio de 2026
Menzies Pearl Lounge - T4 (Gate C37),"ARN · Estocolmo, Suécia",,,10,"Terminal 4 (ARN Airport), 190 60 Stockholm-Arlanda",,"1+ foto, 3+ fotos, 5+ fotos, cartões aceitos, comodidades, dias da semana, horário, localização exata, tempo máx",,,,ARN,93c43415-5268-4e60-bba0-511f23a0c1a0,0,Suécia,Média,Pendente,,,,26 de maio de 2026
VIP Lounge,"BAH · Bahrein, Bahrein",,,20,"Bahrain International Lounge, Al-Ḥidd",,"3+ fotos, 5+ fotos, cartões aceitos, comodidades, dias da semana, horário, localização exata, tempo máx",https://upload.wikimedia.org/wikipedia/commons/a/a7/Bahrain_International_Airport_%28New_Terminal%29.jpg,https://upload.wikimedia.org/wikipedia/commons/a/a7/Bahrain_International_Airport_%28New_Terminal%29.jpg,,BAH,abe9ce54-fcd9-4c48-8fd3-f9c6e11351ba,1,Bahrein,Média,Pendente,,,,26 de maio de 2026
Extime Lounge CDG 2F,"CDG · Paris, França","DragonPass, LoungeKey, Priority Pass, Visa Airport Companion","Ar condicionado, Bar, Centro de negócios, Comida, Wi-Fi",50,Embarque Schengen,,"1+ foto, 3+ fotos, 5+ fotos, dias da semana, tempo máx",,,05:00-22:00,CDG,56d76414-b998-4046-9bac-32f51b99002b,0,França,Média,Pendente,,Terminal 2F,,22 de maio de 2026
VIP Lounge Abu Dhabi Airport,"AUH · Abu Dhabi, Emirados Árabes Unidos",,,20,"Terminal 1 (AUH Airport), Abu Dhabi",,"3+ fotos, 5+ fotos, cartões aceitos, comodidades, dias da semana, horário, localização exata, tempo máx",https://upload.wikimedia.org/wikipedia/commons/0/0c/Abu_Dhabi_%28UAE%29%2C_Zayed_International_Airport%2C_Terminal_A_%2803%29.jpg,https://upload.wikimedia.org/wikipedia/commons/0/0c/Abu_Dhabi_%28UAE%29%2C_Zayed_International_Airport%2C_Terminal_A_%2803%29.jpg,,AUH,41483776-6e98-4868-baf6-b67cd22870f0,1,Emirados Árabes Unidos,Média,Pendente,,,,26 de maio de 2026
KLM Crown Lounge AMS 25,"AMS · Amsterdã, Países Baixos",SkyTeam Elite Plus,"Ar condicionado, Bar, Centro de negócios, Comida, Wi-Fi",50,Embarque Schengen,,"1+ foto, 3+ fotos, 5+ fotos, dias da semana, tempo máx",,,05:00-22:00,AMS,22b0270a-bedf-400c-8c2c-4fb8d9466d23,0,Países Baixos,Média,Pendente,,Lounge 25,,22 de maio de 2026
Star Alliance Lounge CDG 1,"CDG · Paris, França",Star Alliance Gold,"Ar condicionado, Bar, Centro de negócios, Chuveiro, Comida, Wi-Fi",60,Embarque internacional,,"3+ fotos, 5+ fotos, dias da semana, tempo máx",https://upload.wikimedia.org/wikipedia/commons/1/1e/N957JB_JFK_Landing_4R_B6_A321_231_Knock_Knock_Blue%27s_There%21_Small.png,https://upload.wikimedia.org/wikipedia/commons/1/1e/N957JB_JFK_Landing_4R_B6_A321_231_Knock_Knock_Blue%27s_There%21_Small.png,05:30-22:00,CDG,24017150-a52f-43af-9d75-93f48768e5be,1,França,Média,Pendente,,Terminal 1,,22 de maio de 2026
VIP Lounge BAH,"BAH · Bahrein, Bahrein",,,20,"Bahrain International Airport (BAH Airport), Muharraq",,"3+ fotos, 5+ fotos, cartões aceitos, comodidades, dias da semana, horário, localização exata, tempo máx",https://upload.wikimedia.org/wikipedia/commons/a/a7/Bahrain_International_Airport_%28New_Terminal%29.jpg,https://upload.wikimedia.org/wikipedia/commons/a/a7/Bahrain_International_Airport_%28New_Terminal%29.jpg,,BAH,1c789824-3242-4336-80db-11333d74d2a5,1,Bahrein,Média,Pendente,,,,26 de maio de 2026
Smoking Zone,"BCN · Barcelona, Espanha",,,20,"Terminal 1 (Aeroport de Barcelona-El Prat), 08820 El Prat de Llobregat Catalunya",,"3+ fotos, 5+ fotos, cartões aceitos, comodidades, dias da semana, horário, localização exata, tempo máx",https://upload.wikimedia.org/wikipedia/commons/5/59/PALACIO_LEGISLATIVO_01.JPG,https://upload.wikimedia.org/wikipedia/commons/5/59/PALACIO_LEGISLATIVO_01.JPG,,BCN,c521a203-738f-4fea-b541-ac025f14aa7a,1,Espanha,Média,Pendente,,,http://www.klm.es,26 de maio de 2026
Smoking Lounge,"BAH · Bahrein, Bahrein",,,20,"Bahrain International Airport (BAH) (near Gate 12), Bahrain",,"3+ fotos, 5+ fotos, cartões aceitos, comodidades, dias da semana, horário, localização exata, tempo máx",https://upload.wikimedia.org/wikipedia/commons/2/25/22_boeing_772_app_cmb.jpg,https://upload.wikimedia.org/wikipedia/commons/2/25/22_boeing_772_app_cmb.jpg,,BAH,ef626c99-7c1e-4559-ad16-3ec68cb5749f,1,Bahrein,Média,Pendente,,,,26 de maio de 2026
Arena VIP Club,"BSB · Brasília, Brasil",,,20,"Brasília, DF, 71608-000",,"3+ fotos, 5+ fotos, cartões aceitos, comodidades, dias da semana, horário, localização exata, tempo máx",https://upload.wikimedia.org/wikipedia/commons/b/bd/T_in_the_Park_Festival_2010.jpg,https://upload.wikimedia.org/wikipedia/commons/b/bd/T_in_the_Park_Festival_2010.jpg,,BSB,1d8d060c-8ddd-49ca-be45-f6d7516881af,1,Brasil,Média,Pendente,,,,26 de maio de 2026
Al Reem Lounge,"AUH · Abu Dhabi, Emirados Árabes Unidos",,,20,"Abu Dhabi International Airport (AUH Airport), Abu Dhabi",,"3+ fotos, 5+ fotos, cartões aceitos, comodidades, dias da semana, horário, localização exata, tempo máx",https://upload.wikimedia.org/wikipedia/commons/0/0c/Abu_Dhabi_%28UAE%29%2C_Zayed_International_Airport%2C_Terminal_A_%2803%29.jpg,https://upload.wikimedia.org/wikipedia/commons/0/0c/Abu_Dhabi_%28UAE%29%2C_Zayed_International_Airport%2C_Terminal_A_%2803%29.jpg,,AUH,cf3c34fb-a518-44e0-b0fc-23a9a5b6498f,1,Emirados Árabes Unidos,Média,Pendente,,,,26 de maio de 2026
Qatar Airways Lounge BKK,"BKK · Bangkok, Tailândia",,,20,"Concourse D (BKK Airport), Bang Phli, จังหวัดฉะเชิงเทรา 10540",,"3+ fotos, 5+ fotos, cartões aceitos, comodidades, dias da semana, horário, localização exata, tempo máx",https://upload.wikimedia.org/wikipedia/commons/0/0d/London_-_Heathrow_%28LHR_-_EGLL%29_AN1572653.jpg,https://upload.wikimedia.org/wikipedia/commons/0/0d/London_-_Heathrow_%28LHR_-_EGLL%29_AN1572653.jpg,,BKK,6d9c6ec1-2778-49cf-a324-bfb65490cfd7,1,Tailândia,Média,Pendente,,,,26 de maio de 2026
SAS Business/Scandinavian Lounge,"ARN · Estocolmo, Suécia",,,20,"SkyCity, Terminal 5 (ARN Airport), 190 45 Stockholm-Arlanda",,"3+ fotos, 5+ fotos, cartões aceitos, comodidades, dias da semana, horário, localização exata, tempo máx",https://upload.wikimedia.org/wikipedia/commons/0/0a/Scandinavian_Airlines_System_%2849606868433%29.jpg,https://upload.wikimedia.org/wikipedia/commons/0/0a/Scandinavian_Airlines_System_%2849606868433%29.jpg,,ARN,c04a8f6c-641e-4c2d-b2f0-278f47d701cc,1,Suécia,Média,Pendente,,,https://www.sas.se/en/travel-info/airport/lounges/,26 de maio de 2026
60° Lounge,"ARN · Estocolmo, Suécia",,,20,"Terminal 2 (ARN Airport), 190 45 Stockholm-Arlanda",,"3+ fotos, 5+ fotos, cartões aceitos, comodidades, dias da semana, horário, localização exata, tempo máx",https://upload.wikimedia.org/wikipedia/commons/e/e2/Arlanda_1_Publish.jpg,https://upload.wikimedia.org/wikipedia/commons/e/e2/Arlanda_1_Publish.jpg,,ARN,39e115e2-cbcb-4576-b5cc-631dbbff7b57,1,Suécia,Média,Pendente,,,,26 de maio de 2026
The View Lounge @ Brussels Airport B Gates,"BRU · Bruxelas, Bélgica",,,20,Zaventem,,"3+ fotos, 5+ fotos, cartões aceitos, comodidades, dias da semana, horário, localização exata, tempo máx",https://upload.wikimedia.org/wikipedia/commons/b/b9/JFK_Aerial_Nov_14_2018.jpg,https://upload.wikimedia.org/wikipedia/commons/b/b9/JFK_Aerial_Nov_14_2018.jpg,,BRU,2eeefd19-6c27-40a5-af53-33bc616b73c1,1,Bélgica,Média,Pendente,,,https://www.brusselsairlines.com/us/en/extra-services/lounges/brussels-airport-lounges,26 de maio de 2026
Pearl Lounge,"AUH · Abu Dhabi, Emirados Árabes Unidos",,,20,"Terminal A (AUH Airport), أبوظبي",,"3+ fotos, 5+ fotos, cartões aceitos, comodidades, dias da semana, horário, localização exata, tempo máx",https://upload.wikimedia.org/wikipedia/commons/0/0b/CAU_emblem.png,https://upload.wikimedia.org/wikipedia/commons/0/0b/CAU_emblem.png,,AUH,fddf0030-2016-4b82-aac5-bc91fe02140c,1,Emirados Árabes Unidos,Média,Pendente,,,https://www.plazapremiumlounge.com,26 de maio de 2026
Sala VIP El Dorado BOG,"BOG · Bogotá, Colômbia","DragonPass, LoungeKey, Priority Pass, Visa Airport Companion","Ar condicionado, Bar, Comida, Wi-Fi",50,Embarque,,"1+ foto, 3+ fotos, 5+ fotos, dias da semana, tempo máx",,,05:00-23:00,BOG,33e6fbdc-98a3-4ea0-9595-74526377863b,0,Colômbia,Média,Pendente,,Terminal 1,,22 de maio de 2026
Sala VIP TudoAzul Diamante CGH,"CGH · São Paulo/Congonhas, Desconhecido",Tudoazul Diamante,"Ar condicionado, Bar, Comida, Wi-Fi",50,Embarque doméstico,,"1+ foto, 3+ fotos, 5+ fotos, dias da semana, tempo máx",,,05:00-22:00,CGH,2282c20e-ba26-4baa-ab13-18ad1739f03c,0,Desconhecido,Média,Pendente,,Terminal Único,,22 de maio de 2026
VIP Lounge -Abu Dhabi Airport,"AUH · Abu Dhabi, Emirados Árabes Unidos",,,10,أبوظبي,,"1+ foto, 3+ fotos, 5+ fotos, cartões aceitos, comodidades, dias da semana, horário, localização exata, tempo máx",,,,AUH,f796f6da-ca9c-4d39-bdfd-42c7cc3016c5,0,Emirados Árabes Unidos,Média,Pendente,,,,26 de maio de 2026
Hala Bahrain Lounge,"BAH · Bahrein, Bahrein",,,10,,,"3+ fotos, 5+ fotos, cartões aceitos, comodidades, descrição, dias da semana, horário, localização exata, tempo máx",https://upload.wikimedia.org/wikipedia/commons/a/a7/Bahrain_International_Airport_%28New_Terminal%29.jpg,https://upload.wikimedia.org/wikipedia/commons/a/a7/Bahrain_International_Airport_%28New_Terminal%29.jpg,,BAH,a965f144-8412-4dd2-988c-c0f865b4a0c4,1,Bahrein,Média,Pendente,,,,26 de maio de 2026
Miracle First Class Lounge,"BKK · Bangkok, Tailândia",,,20,"Concourse D (BKK Airport), Bang Phli, สมุทรปราการ 10540",,"3+ fotos, 5+ fotos, cartões aceitos, comodidades, dias da semana, horário, localização exata, tempo máx",https://upload.wikimedia.org/wikipedia/commons/8/86/Boeing_767-201%28ER%29%2C_US_Airways_JP7088690.jpg,https://upload.wikimedia.org/wikipedia/commons/8/86/Boeing_767-201%28ER%29%2C_US_Airways_JP7088690.jpg,,BKK,16b8265d-4623-4b9d-a9e5-6013204a3349,1,Tailândia,Média,Pendente,,,,26 de maio de 2026
Brussels Airlines Business Lounge,"BRU · Bruxelas, Bélgica",,,20,"Leopoldlaan, 1930 Zaventem",,"3+ fotos, 5+ fotos, cartões aceitos, comodidades, dias da semana, horário, localização exata, tempo máx",https://upload.wikimedia.org/wikipedia/commons/3/3e/Boeing_787-8_%27V8-DLC%27_%2821920761932%29.jpg,https://upload.wikimedia.org/wikipedia/commons/3/3e/Boeing_787-8_%27V8-DLC%27_%2821920761932%29.jpg,,BRU,e7738412-cd4d-420c-a85c-a97db2e38b3a,1,Bélgica,Média,Pendente,,,https://www.brusselsairlines.com,26 de maio de 2026
Goldair Handling Lounge,"ATH · Atenas, Grécia",,,10,"Επίπεδο Αναχωρήσεων κοντά στην πύλη Β13 (Διεθνής Αερολιμένας Αθηνών ΑΤΗ), 190 19 Σπάτα, Αττική",,"1+ foto, 3+ fotos, 5+ fotos, cartões aceitos, comodidades, dias da semana, horário, localização exata, tempo máx",,,,ATH,22f4e505-5a60-43a5-b670-04f51638083e,0,Grécia,Média,Pendente,,,,26 de maio de 2026
Royal Silk Lounge,"BKK · Bangkok, Tailândia",,,20,"Concourse C, 3rd Fl. (BKK Airport), Bang Phli, สมุทรปราการ 10540",,"3+ fotos, 5+ fotos, cartões aceitos, comodidades, dias da semana, horário, localização exata, tempo máx",https://upload.wikimedia.org/wikipedia/commons/9/9c/HS-THH%40PEK_%2820180820153254%29.jpg,https://upload.wikimedia.org/wikipedia/commons/9/9c/HS-THH%40PEK_%2820180820153254%29.jpg,,BKK,eea6004d-abea-4cef-a26d-37736eb1d358,1,Tailândia,Média,Pendente,,,,26 de maio de 2026
Golden Falcon Lounge,"BAH · Bahrein, Bahrein",,,20,"Bahrain International Airport (BAH Airport), Muharraq",,"3+ fotos, 5+ fotos, cartões aceitos, comodidades, dias da semana, horário, localização exata, tempo máx",https://upload.wikimedia.org/wikipedia/commons/7/74/Venn_diagram_space_travelers_orbit_shades7.png,https://upload.wikimedia.org/wikipedia/commons/7/74/Venn_diagram_space_travelers_orbit_shades7.png,,BAH,353d06d7-10ee-469e-9804-1e60ed965e86,1,Bahrein,Média,Pendente,,,,26 de maio de 2026
Winston Smoking Lounge 2,"ATH · Atenas, Grécia",,,20,"Gate B12 (Next to Lufthansa Business Lounge), 190 04 Σπάτων-Λούτσας",,"3+ fotos, 5+ fotos, cartões aceitos, comodidades, dias da semana, horário, localização exata, tempo máx",https://upload.wikimedia.org/wikipedia/commons/c/c3/Britannia_Adelphi%2C_Liverpool_2018.jpg,https://upload.wikimedia.org/wikipedia/commons/c/c3/Britannia_Adelphi%2C_Liverpool_2018.jpg,,ATH,0c689aab-1885-4eb9-80db-902f5199974d,1,Grécia,Média,Pendente,,,,26 de maio de 2026
Star Alliance Lounge T1,"BCN · Barcelona, Espanha",,,10,,,"3+ fotos, 5+ fotos, cartões aceitos, comodidades, descrição, dias da semana, horário, localização exata, tempo máx",https://upload.wikimedia.org/wikipedia/commons/a/a0/BCN_AIRPORT_FROM_FLIGHT_BCN-ORY_A320_EC-MLE_%2843952944862%29.jpg,https://upload.wikimedia.org/wikipedia/commons/a/a0/BCN_AIRPORT_FROM_FLIGHT_BCN-ORY_A320_EC-MLE_%2843952944862%29.jpg,,BCN,71acf705-4514-433d-806c-950e6682d731,1,Espanha,Média,Pendente,,,,26 de maio de 2026
Lounge Gol Smiles Platinum/Diamante,"BSB · Brasília, Brasil",,,10,"Aeroporto de Brasília, Brasília, DF",,"1+ foto, 3+ fotos, 5+ fotos, cartões aceitos, comodidades, dias da semana, horário, localização exata, tempo máx",,,,BSB,0b433802-c077-4524-a2ab-17721ea0bac5,0,Brasil,Média,Pendente,,,,26 de maio de 2026
Iberia VIP Lounge,"BCN · Barcelona, Espanha",,,20,"Terminal 1 (BCN Airport), El Prat de Llobregat Catalunya",,"3+ fotos, 5+ fotos, cartões aceitos, comodidades, dias da semana, horário, localização exata, tempo máx",https://upload.wikimedia.org/wikipedia/commons/e/ed/T2Dublin_Airport-doyler79.jpg,https://upload.wikimedia.org/wikipedia/commons/e/ed/T2Dublin_Airport-doyler79.jpg,,BCN,90af424a-8dfc-4d7d-980e-008a8aef5e93,1,Espanha,Média,Pendente,,,,26 de maio de 2026
Lufthansa Business Lounge,"ATH · Atenas, Grécia",,,20,"Επίπεδο Αναχωρήσεων κοντά στην πύλη Β12 (Διεθνής Αερολιμένας Αθηνών ATH), 190 19 Σπάτα, Αττική",,"3+ fotos, 5+ fotos, cartões aceitos, comodidades, dias da semana, horário, localização exata, tempo máx",https://upload.wikimedia.org/wikipedia/commons/a/af/Iberia_Airbus_A350-941XWB_EC-NDR_departing_JFK_Airport.jpg,https://upload.wikimedia.org/wikipedia/commons/a/af/Iberia_Airbus_A350-941XWB_EC-NDR_departing_JFK_Airport.jpg,,ATH,860b5f8c-6262-490a-9078-99a11399c978,1,Grécia,Média,Pendente,,,http://www.lufthansa.com/de/en/lounges,26 de maio de 2026
Smoking Lounge BAH,"BAH · Bahrein, Bahrein",,,20,"Bahrain International Airport (BAH Airport), Muharraq",,"3+ fotos, 5+ fotos, cartões aceitos, comodidades, dias da semana, horário, localização exata, tempo máx",https://upload.wikimedia.org/wikipedia/commons/2/25/22_boeing_772_app_cmb.jpg,https://upload.wikimedia.org/wikipedia/commons/2/25/22_boeing_772_app_cmb.jpg,,BAH,38f3c7e9-241f-4fa8-926a-fd843997bb0a,1,Bahrein,Média,Pendente,,,,26 de maio de 2026
King Power Lounge BKK E,"BKK · Bangkok, Tailândia",,,20,"Concourse E (BKK Airport), Bang Phli, สมุทรปราการ 10540",,"3+ fotos, 5+ fotos, cartões aceitos, comodidades, dias da semana, horário, localização exata, tempo máx",https://upload.wikimedia.org/wikipedia/commons/5/53/View_from_Gell%C3%A9rt_Hill_to_the_Danube%2C_Hungary_-_Budapest_%2828493220635%29.jpg,https://upload.wikimedia.org/wikipedia/commons/5/53/View_from_Gell%C3%A9rt_Hill_to_the_Danube%2C_Hungary_-_Budapest_%2828493220635%29.jpg,,BKK,771b47b7-c6b2-42cb-9663-7a76830acb67,1,Tailândia,Média,Pendente,,,,26 de maio de 2026
Royal First Lounge,"BKK · Bangkok, Tailândia",,,20,"Concourse D, 3rd Fl (BKK Airport), Bang Phli, สมุทรปราการ 10540",,"3+ fotos, 5+ fotos, cartões aceitos, comodidades, dias da semana, horário, localização exata, tempo máx",https://upload.wikimedia.org/wikipedia/commons/5/53/View_from_Gell%C3%A9rt_Hill_to_the_Danube%2C_Hungary_-_Budapest_%2828493220635%29.jpg,https://upload.wikimedia.org/wikipedia/commons/5/53/View_from_Gell%C3%A9rt_Hill_to_the_Danube%2C_Hungary_-_Budapest_%2828493220635%29.jpg,,BKK,4915931e-c0f2-49f5-a9f2-1646e1e00b02,1,Tailândia,Média,Pendente,,,http://www.thaiairways.com,26 de maio de 2026
Aviator Lounge,"ARN · Estocolmo, Suécia",,,20,"Terminal 2 (ARN Airport), 190 45 Stockholm-Arlanda",,"3+ fotos, 5+ fotos, cartões aceitos, comodidades, dias da semana, horário, localização exata, tempo máx",https://upload.wikimedia.org/wikipedia/commons/0/0a/Scandinavian_Airlines_System_%2849606868433%29.jpg,https://upload.wikimedia.org/wikipedia/commons/0/0a/Scandinavian_Airlines_System_%2849606868433%29.jpg,,ARN,71c29942-bbe6-4aa3-aba6-8cac1cc74fd4,1,Suécia,Média,Pendente,,,,26 de maio de 2026
Aegean Business Lounge,"ATH · Atenas, Grécia",,,20,"Area A - Extra Schengen (Διεθνής Αερολιμένας Αθηνών ATH), 190 04 Αττική, Αττική",,"3+ fotos, 5+ fotos, cartões aceitos, comodidades, dias da semana, horário, localização exata, tempo máx",https://upload.wikimedia.org/wikipedia/commons/a/af/Iberia_Airbus_A350-941XWB_EC-NDR_departing_JFK_Airport.jpg,https://upload.wikimedia.org/wikipedia/commons/a/af/Iberia_Airbus_A350-941XWB_EC-NDR_departing_JFK_Airport.jpg,,ATH,58806962-f395-49fd-b1c5-90f93b979a15,1,Grécia,Média,Pendente,,,https://en.aegeanair.com/travel-information/at-the-airport/lounges-info/,26 de maio de 2026
Star Alliance Business Lounge,"BRU · Bruxelas, Bélgica",,,20,"Leopoldlaan, 1930 Zaventem",,"3+ fotos, 5+ fotos, cartões aceitos, comodidades, dias da semana, horário, localização exata, tempo máx",https://upload.wikimedia.org/wikipedia/commons/b/b9/JFK_Aerial_Nov_14_2018.jpg,https://upload.wikimedia.org/wikipedia/commons/b/b9/JFK_Aerial_Nov_14_2018.jpg,,BRU,16967f84-cbd3-427f-a9e5-498ab3cf4aa8,1,Bélgica,Média,Pendente,,,,26 de maio de 2026
Sala VIP Pau Casals,"BCN · Barcelona, Espanha",,,10,"Terminal 1 (BCN Airport), 08820 El Prat de Llobregat Catalunya",,"1+ foto, 3+ fotos, 5+ fotos, cartões aceitos, comodidades, dias da semana, horário, localização exata, tempo máx",,,,BCN,b4bd9742-9a75-4846-bbc0-662c98b1b8ae,0,Espanha,Média,Pendente,,,http://www.tous.com,26 de maio de 2026
Air France Lounge CDG 2E (L),"CDG · Paris, França",SkyTeam Elite Plus,"Ar condicionado, Bar, Centro de negócios, Chuveiro, Comida, Vista, Wi-Fi",60,Embarque internacional,,"3+ fotos, 5+ fotos, dias da semana, tempo máx",https://upload.wikimedia.org/wikipedia/commons/e/ef/Croisement_Thalys-Eurostar_Neige_en_Savoie_%28f%C3%A9vrier_2023%29.JPG,https://upload.wikimedia.org/wikipedia/commons/e/ef/Croisement_Thalys-Eurostar_Neige_en_Savoie_%28f%C3%A9vrier_2023%29.JPG,05:30-23:00,CDG,58ae3560-4469-438a-a9b6-fbe0c918cb2a,1,França,Média,Pendente,,Terminal 2E Hall L,,22 de maio de 2026
E-Lounge,"ATH · Atenas, Grécia",,,20,190 04 Anatoliki Attiki,,"3+ fotos, 5+ fotos, cartões aceitos, comodidades, dias da semana, horário, localização exata, tempo máx",https://upload.wikimedia.org/wikipedia/commons/8/8d/Athens_International_Airport_Eleftherios_Venizelos_%CE%94%CE%B9%CE%B5%CE%B8%CE%BD%CE%AE%CF%82_%CE%91%CE%B5%CF%81%CE%BF%CE%BB%CE%B9%CE%BC%CE%AD%CE%BD%CE%B1%CF%82_%CE%91%CE%B8%CE%B7%CE%BD%CF%8E%CE%BD_%CE%95%CE%BB%CE%B5%CF%85%CE%B8%CE%AD%CF%81%CE%B9%CE%BF%CF%82_%CE%92%CE%B5%CE%BD%CE%B9%CE%B6%CE%AD%CE%BB%CE%BF%CF%82_2019-12-01_i.jpg,https://upload.wikimedia.org/wikipedia/commons/8/8d/Athens_International_Airport_Eleftherios_Venizelos_%CE%94%CE%B9%CE%B5%CE%B8%CE%BD%CE%AE%CF%82_%CE%91%CE%B5%CF%81%CE%BF%CE%BB%CE%B9%CE%BC%CE%AD%CE%BD%CE%B1%CF%82_%CE%91%CE%B8%CE%B7%CE%BD%CF%8E%CE%BD_%CE%95%CE%BB%CE%B5%CF%85%CE%B8%CE%AD%CF%81%CE%B9%CE%BF%CF%82_%CE%92%CE%B5%CE%BD%CE%B9%CE%B6%CE%AD%CE%BB%CE%BF%CF%82_2019-12-01_i.jpg,,ATH,1f391e0c-e001-4b18-b039-a5456324cffa,1,Grécia,Média,Pendente,,,,26 de maio de 2026
Brussels Airport VIP Lounge,"BRU · Bruxelas, Bélgica",,,20,"Leopoldlaan, 1930 Zaventem",,"3+ fotos, 5+ fotos, cartões aceitos, comodidades, dias da semana, horário, localização exata, tempo máx",https://upload.wikimedia.org/wikipedia/commons/e/ed/T2Dublin_Airport-doyler79.jpg,https://upload.wikimedia.org/wikipedia/commons/e/ed/T2Dublin_Airport-doyler79.jpg,,BRU,9c6a2c56-a411-4b4e-8cfe-1586b97ca4e3,1,Bélgica,Média,Pendente,,,,26 de maio de 2026
GVK First and Business Lounge,"BOM · Mumbai, Índia",,,20,"Terminal 2, Chhatrapati Shivaji International Airport, Mumbai 400099, Mahārāshtra",,"3+ fotos, 5+ fotos, cartões aceitos, comodidades, dias da semana, horário, localização exata, tempo máx",https://upload.wikimedia.org/wikipedia/commons/8/8e/Chhatrapati_Shivaji_International_Airport_3.jpg,https://upload.wikimedia.org/wikipedia/commons/8/8e/Chhatrapati_Shivaji_International_Airport_3.jpg,,BOM,39ebb07e-19f3-4249-9319-f0484562eb50,1,Índia,Média,Pendente,,,,26 de maio de 2026
Cathay Pacific First and Business Class Lounge,"BAH · Bahrein, Bahrein",,,20,"Bahrain international airport (Opposite Gate 16, Level 3), محرق",,"3+ fotos, 5+ fotos, cartões aceitos, comodidades, dias da semana, horário, localização exata, tempo máx",https://upload.wikimedia.org/wikipedia/commons/f/fd/9V-SGB_JFK_Taxiing_In_SQ_A359_941_ULR_Small.png,https://upload.wikimedia.org/wikipedia/commons/f/fd/9V-SGB_JFK_Taxiing_In_SQ_A359_941_ULR_Small.png,,BAH,39f09a53-c60e-4df1-a900-2eea5665a75d,1,Bahrein,Média,Pendente,,,http://www.cathaypacific.com,26 de maio de 2026
Goldair Handling Extra Schengen Lounge,"ATH · Atenas, Grécia",,,10,Σπάτα Λούτσα,,"1+ foto, 3+ fotos, 5+ fotos, cartões aceitos, comodidades, dias da semana, horário, localização exata, tempo máx",,,,ATH,4a87f61c-9ba4-4f67-8d5d-33ae333a100e,0,Grécia,Média,Pendente,,,,26 de maio de 2026
Aristotle Onassis Lounge (Αριστοτέλης Ωνάσης Lounge),"ATH · Atenas, Grécia",,,10,"Επίπεδο Αναχωρήσεων (Διεθνής Αερολιμένας Αθηνών ATH), 190 19 Σπάτα, Αττική",,"1+ foto, 3+ fotos, 5+ fotos, cartões aceitos, comodidades, dias da semana, horário, localização exata, tempo máx",,,,ATH,53bed40b-585c-4dd6-aba4-9da773013b14,0,Grécia,Média,Pendente,,,http://skyserv.aero,26 de maio de 2026
Marhaba Lounge,"BAH · Bahrein, Bahrein",,,10,"Bahrain International Airport, محرق",,"1+ foto, 3+ fotos, 5+ fotos, cartões aceitos, comodidades, dias da semana, horário, localização exata, tempo máx",,,,BAH,01246fdc-8c57-46b5-a420-241ec448dfea,0,Bahrein,Média,Pendente,,,http://www.marhabaservices.com/english/our-locations/bahrain-international-airport,26 de maio de 2026
Etihad First & Business Class Arrival Lounge,"AUH · Abu Dhabi, Emirados Árabes Unidos",,,20,"Terminal 3, Arrivals (AUH Airport), Abu Dhabi",,"3+ fotos, 5+ fotos, cartões aceitos, comodidades, dias da semana, horário, localização exata, tempo máx",https://upload.wikimedia.org/wikipedia/commons/0/0c/Abu_Dhabi_%28UAE%29%2C_Zayed_International_Airport%2C_Terminal_A_%2803%29.jpg,https://upload.wikimedia.org/wikipedia/commons/0/0c/Abu_Dhabi_%28UAE%29%2C_Zayed_International_Airport%2C_Terminal_A_%2803%29.jpg,,AUH,b7247d18-cce6-44c7-b2ac-2e628e6a6359,1,Emirados Árabes Unidos,Média,Pendente,,,,26 de maio de 2026
Al Dhabi Lounge,"AUH · Abu Dhabi, Emirados Árabes Unidos",,,20,"Abu Dhabi International Airport, Terminal 1 (AUH Airport), Abu Dhabi",,"3+ fotos, 5+ fotos, cartões aceitos, comodidades, dias da semana, horário, localização exata, tempo máx",https://upload.wikimedia.org/wikipedia/commons/0/0c/Abu_Dhabi_%28UAE%29%2C_Zayed_International_Airport%2C_Terminal_A_%2803%29.jpg,https://upload.wikimedia.org/wikipedia/commons/0/0c/Abu_Dhabi_%28UAE%29%2C_Zayed_International_Airport%2C_Terminal_A_%2803%29.jpg,,AUH,59ba2850-8938-4f7b-a378-30283e64622e,1,Emirados Árabes Unidos,Média,Pendente,,,,26 de maio de 2026
Aegean Cip Lounge,"ATH · Atenas, Grécia",,,10,"Gate A13, 190 04 Spata-Loutsa",,"1+ foto, 3+ fotos, 5+ fotos, cartões aceitos, comodidades, dias da semana, horário, localização exata, tempo máx",,,,ATH,1b948022-7799-4afd-885d-e3508aebfbb3,0,Grécia,Média,Pendente,,,,26 de maio de 2026
Brussels Airlines Lounge,"BRU · Bruxelas, Bélgica",,,20,"Leopoldlaan, 1930 Zaventem",,"3+ fotos, 5+ fotos, cartões aceitos, comodidades, dias da semana, horário, localização exata, tempo máx",https://upload.wikimedia.org/wikipedia/commons/b/b9/JFK_Aerial_Nov_14_2018.jpg,https://upload.wikimedia.org/wikipedia/commons/b/b9/JFK_Aerial_Nov_14_2018.jpg,,BRU,91004a5c-0430-432e-8334-fea738047881,1,Bélgica,Média,Pendente,,,https://www.brusselsairlines.com,26 de maio de 2026
Bangkok Airways Boutique Lounge (Domestic),"BKK · Bangkok, Tailândia",,,20,"Concourse A (BKK Airport), Bang Phli, สมุทรปราการ 10540",,"3+ fotos, 5+ fotos, cartões aceitos, comodidades, dias da semana, horário, localização exata, tempo máx",https://upload.wikimedia.org/wikipedia/commons/c/c2/Aerial_photograph_of_Malaysia_on_15_January_2026_-_02.jpg,https://upload.wikimedia.org/wikipedia/commons/c/c2/Aerial_photograph_of_Malaysia_on_15_January_2026_-_02.jpg,,BKK,6d637b7f-7acf-441b-ad93-3e052f6df669,1,Tailândia,Média,Pendente,,,,26 de maio de 2026
Pearl Lounge T5,"ARN · Estocolmo, Suécia",,,20,"Terminal 5 (ARN Airport), 190 45 Stockholm-Arlanda",,"3+ fotos, 5+ fotos, cartões aceitos, comodidades, dias da semana, horário, localização exata, tempo máx",https://upload.wikimedia.org/wikipedia/commons/a/ae/The_west_entrance_of_the_30th_Street_Station_serving_Amtrak%2C_SEPTA%2C_and_NJ_Transit_trains_in_Philadelphia%2C_Pennsylvania%2C_viewed_from_John_F._Kennedy_Boulevard_03.jpg,https://upload.wikimedia.org/wikipedia/commons/a/ae/The_west_entrance_of_the_30th_Street_Station_serving_Amtrak%2C_SEPTA%2C_and_NJ_Transit_trains_in_Philadelphia%2C_Pennsylvania%2C_viewed_from_John_F._Kennedy_Boulevard_03.jpg,,ARN,d4c76b60-eb51-417b-963e-9dd939ce7caf,1,Suécia,Média,Pendente,,,,26 de maio de 2026
American Express Lounge Platinum Lounge,"ARN · Estocolmo, Suécia",,,20,"Terminal 5 (ARN Airport), 190 45 Stockholm-Arlanda",,"3+ fotos, 5+ fotos, cartões aceitos, comodidades, dias da semana, horário, localização exata, tempo máx",https://upload.wikimedia.org/wikipedia/commons/e/ed/T2Dublin_Airport-doyler79.jpg,https://upload.wikimedia.org/wikipedia/commons/e/ed/T2Dublin_Airport-doyler79.jpg,,ARN,1dd65c50-3295-47ec-84de-7983bc1915c9,1,Suécia,Média,Pendente,,,http://www.americanexpress.se/lounge,26 de maio de 2026
American Express Platinum Lounge,"BOM · Mumbai, Índia",,,20,"Mumbai 400099, Mahārāshtra",,"3+ fotos, 5+ fotos, cartões aceitos, comodidades, dias da semana, horário, localização exata, tempo máx",https://upload.wikimedia.org/wikipedia/commons/c/ca/TC5PRESS.JPG,https://upload.wikimedia.org/wikipedia/commons/c/ca/TC5PRESS.JPG,,BOM,06025343-c645-4f34-9266-308ef9cb7879,1,Índia,Média,Pendente,,,http://www.americanexpress.com/india/campaigns/plat_rcp/platinumlounge_mumbai.html,26 de maio de 2026
General Aviation VIP Lounge,"ATH · Atenas, Grécia",,,20,"Κτίριο Γενικής Αεροπορίας (Διεθνής Αερολιμένας Αθηνών ATH), 190 19 Σπάτα, Αττική",,"3+ fotos, 5+ fotos, cartões aceitos, comodidades, dias da semana, horário, localização exata, tempo máx",https://upload.wikimedia.org/wikipedia/commons/e/ed/T2Dublin_Airport-doyler79.jpg,https://upload.wikimedia.org/wikipedia/commons/e/ed/T2Dublin_Airport-doyler79.jpg,,ATH,e3c603b9-ae58-4b54-9174-5c0ba087f823,1,Grécia,Média,Pendente,,,https://www.universalaviation.aero/locations/greece/athens-lgav,26 de maio de 2026
Al Dhabi Lounge (قاعة الظبي),"AUH · Abu Dhabi, Emirados Árabes Unidos",,,10,"Terminal 1 (AUH Airport), أبوظبي",,"1+ foto, 3+ fotos, 5+ fotos, cartões aceitos, comodidades, dias da semana, horário, localização exata, tempo máx",,,,AUH,e175898a-b896-4a0f-b4cb-275bcf56ccb2,0,Emirados Árabes Unidos,Média,Pendente,,,,26 de maio de 2026
Air France Lounge - T2,"ARN · Estocolmo, Suécia",,,20,"Terminal 2 (ARN Airport), 190 45 Stockholm-Arlanda",,"3+ fotos, 5+ fotos, cartões aceitos, comodidades, dias da semana, horário, localização exata, tempo máx",https://upload.wikimedia.org/wikipedia/commons/8/8e/Chhatrapati_Shivaji_International_Airport_3.jpg,https://upload.wikimedia.org/wikipedia/commons/8/8e/Chhatrapati_Shivaji_International_Airport_3.jpg,,ARN,e74fb9bf-77a1-49f7-8203-925d500155e8,1,Suécia,Média,Pendente,,,,26 de maio de 2026
Staralliance VIP Lounge,"BCN · Barcelona, Espanha",,,10,"Carretera del Prat de Llobregat, 08820 El Prat de Llobregat Catalunya",,"1+ foto, 3+ fotos, 5+ fotos, cartões aceitos, comodidades, dias da semana, horário, localização exata, tempo máx",,,,BCN,ed48bbca-b99e-4ed5-913d-ebabc4ebbdb0,0,Espanha,Média,Pendente,,,,26 de maio de 2026
Etihad Business Class Lounge,"AUH · Abu Dhabi, Emirados Árabes Unidos",,,20,"Terminal 3 (AUH Airport), Abu Dhabi",,"3+ fotos, 5+ fotos, cartões aceitos, comodidades, dias da semana, horário, localização exata, tempo máx",https://upload.wikimedia.org/wikipedia/commons/0/0c/Abu_Dhabi_%28UAE%29%2C_Zayed_International_Airport%2C_Terminal_A_%2803%29.jpg,https://upload.wikimedia.org/wikipedia/commons/0/0c/Abu_Dhabi_%28UAE%29%2C_Zayed_International_Airport%2C_Terminal_A_%2803%29.jpg,,AUH,3b3f7ecd-013a-4cab-982f-40f071e68390,1,Emirados Árabes Unidos,Média,Pendente,,,https://www.etihad.com/en-gb/fly-etihad/experience/premium/lounges,26 de maio de 2026
Sala de Autoridades,"BSB · Brasília, Brasil",,,10,"Aeroporto Internacional de Brasília, Brasília, DF",,"1+ foto, 3+ fotos, 5+ fotos, cartões aceitos, comodidades, dias da semana, horário, localização exata, tempo máx",,,,BSB,a6f1b7f5-37b5-4c9a-a23d-1a6221a64fb4,0,Brasil,Média,Pendente,,,,26 de maio de 2026
SAS Business Lounge,"BRU · Bruxelas, Bélgica",,,20,"Leopoldlaan, 1930 Zaventem",,"3+ fotos, 5+ fotos, cartões aceitos, comodidades, dias da semana, horário, localização exata, tempo máx",https://upload.wikimedia.org/wikipedia/commons/b/b9/JFK_Aerial_Nov_14_2018.jpg,https://upload.wikimedia.org/wikipedia/commons/b/b9/JFK_Aerial_Nov_14_2018.jpg,,BRU,75a8512f-f71c-4930-b0e2-861acda88f2f,1,Bélgica,Média,Pendente,,,http://brusselsairlines.be,26 de maio de 2026
BCN VIP Lounge,"BCN · Barcelona, Espanha",,,20,"Terminal 2A (BCN Airport), 08820 El Prat de Llobregat Catalunya",,"3+ fotos, 5+ fotos, cartões aceitos, comodidades, dias da semana, horário, localização exata, tempo máx",https://upload.wikimedia.org/wikipedia/commons/e/ed/T2Dublin_Airport-doyler79.jpg,https://upload.wikimedia.org/wikipedia/commons/e/ed/T2Dublin_Airport-doyler79.jpg,,BCN,2ddc8f51-a9d5-409a-9eff-eebcc027bd18,1,Espanha,Média,Pendente,,,,26 de maio de 2026
Sala VIP Smiles Diamante CGH,"CGH · São Paulo/Congonhas, Desconhecido",Smiles Diamante,"Ar condicionado, Bar, Comida, Wi-Fi",50,Embarque doméstico,,"1+ foto, 3+ fotos, 5+ fotos, dias da semana, tempo máx",,,05:00-22:00,CGH,03d4c86b-c5ab-43a7-b0b0-ff63ba428389,0,Desconhecido,Média,Pendente,,Terminal Único,,22 de maio de 2026
Air France La Premiere Lounge CDG,"CDG · Paris, França",SkyTeam Elite Plus,"Ar condicionado, Bar, Centro de negócios, Chuveiro, Comida, Vista, Wi-Fi",60,First Class lounge exclusivo,,"3+ fotos, 5+ fotos, dias da semana, tempo máx",https://upload.wikimedia.org/wikipedia/commons/b/b5/Air_France_Boeing_777-300ER_F-GSQM_IAD_VA1.jpg,https://upload.wikimedia.org/wikipedia/commons/b/b5/Air_France_Boeing_777-300ER_F-GSQM_IAD_VA1.jpg,06:00-22:00,CDG,aa54b6c3-7172-4043-b3a7-eb03b4691df0,1,França,Média,Pendente,,Terminal 2E Hall M,,22 de maio de 2026
Pearl Lounge AUH,"AUH · Abu Dhabi, Emirados Árabes Unidos",,,20,"Abu Dhabi International Airport, Terminal 1 (AUH Airport), Abu Dhabi",,"3+ fotos, 5+ fotos, cartões aceitos, comodidades, dias da semana, horário, localização exata, tempo máx",https://upload.wikimedia.org/wikipedia/en/8/8e/Exterior_of_Ngurah_Rai_International_Airport_in_2014.jpg,https://upload.wikimedia.org/wikipedia/en/8/8e/Exterior_of_Ngurah_Rai_International_Airport_in_2014.jpg,,AUH,412970d2-290a-4079-b1d1-ea991ed544ca,1,Emirados Árabes Unidos,Média,Pendente,,,,26 de maio de 2026
EVA Air (BR) Evergreen Lounge,"BKK · Bangkok, Tailândia",,,20,"Concourse F (BKK Airiport), Bang Phli, สมุทรปราการ 10540",,"3+ fotos, 5+ fotos, cartões aceitos, comodidades, dias da semana, horário, localização exata, tempo máx",https://upload.wikimedia.org/wikipedia/commons/0/08/20240107_Boeing_787-10_of_EVA_Air_%28B-17813%29_at_SHA_01.jpg,https://upload.wikimedia.org/wikipedia/commons/0/08/20240107_Boeing_787-10_of_EVA_Air_%28B-17813%29_at_SHA_01.jpg,,BKK,7de4db1e-cf24-45de-ac8a-dcd8916af866,1,Tailândia,Média,Pendente,,,,26 de maio de 2026
Aspire Lounge AMS 26,"AMS · Amsterdã, Países Baixos","DragonPass, LoungeKey, Priority Pass, Visa Airport Companion","Ar condicionado, Bar, Chuveiro, Comida, Wi-Fi",60,Embarque Schengen,,"3+ fotos, 5+ fotos, dias da semana, tempo máx",https://upload.wikimedia.org/wikipedia/en/f/f7/210720_NQZ_Terminal_view.jpg,https://upload.wikimedia.org/wikipedia/en/f/f7/210720_NQZ_Terminal_view.jpg,05:00-22:00,AMS,7154822f-b841-4254-aceb-0ed8517704e9,1,Países Baixos,Média,Pendente,,Lounge 26,,22 de maio de 2026
The Pearl Lounge,"BAH · Bahrein, Bahrein",,,20,"Bahrain International Airport (BAH Airport), Muharraq",,"3+ fotos, 5+ fotos, cartões aceitos, comodidades, dias da semana, horário, localização exata, tempo máx",https://upload.wikimedia.org/wikipedia/commons/f/fd/9V-SGB_JFK_Taxiing_In_SQ_A359_941_ULR_Small.png,https://upload.wikimedia.org/wikipedia/commons/f/fd/9V-SGB_JFK_Taxiing_In_SQ_A359_941_ULR_Small.png,,BAH,41deae5f-ec58-4d89-9ca8-15fab48a6ebb,1,Bahrein,Média,Pendente,,,,26 de maio de 2026
Dilmun Lounge (ديلما لونج),"BAH · Bahrein, Bahrein",,,10,"Bahrain international Airport, Al-Ḥidd",,"1+ foto, 3+ fotos, 5+ fotos, cartões aceitos, comodidades, dias da semana, horário, localização exata, tempo máx",,,,BAH,7144d0be-8983-4b87-b78b-279db95c9d64,0,Bahrein,Média,Pendente,,,http://www.bas.com.bh/Pages.aspx?id=4zf%20r69lKLM=,26 de maio de 2026
Etihad First and Business Class Lounge T1,"AUH · Abu Dhabi, Emirados Árabes Unidos",,,20,"Terminal 1 (AUH Airport), Abu Dhabi",,"3+ fotos, 5+ fotos, cartões aceitos, comodidades, dias da semana, horário, localização exata, tempo máx",https://upload.wikimedia.org/wikipedia/commons/8/8e/Chhatrapati_Shivaji_International_Airport_3.jpg,https://upload.wikimedia.org/wikipedia/commons/8/8e/Chhatrapati_Shivaji_International_Airport_3.jpg,,AUH,50291333-3f3d-4b86-8f1a-b69718ca27b1,1,Emirados Árabes Unidos,Média,Pendente,,,,26 de maio de 2026
Stockholm - Arlanda Lounge,"ARN · Estocolmo, Suécia",,,20,"Terminal 5 (ARN Airport), 190 45 Stockholm-Arlanda",,"3+ fotos, 5+ fotos, cartões aceitos, comodidades, dias da semana, horário, localização exata, tempo máx",https://upload.wikimedia.org/wikipedia/commons/e/e2/Arlanda_1_Publish.jpg,https://upload.wikimedia.org/wikipedia/commons/e/e2/Arlanda_1_Publish.jpg,,ARN,5b84fb60-89a0-4250-9da4-53040f0d73d2,1,Suécia,Média,Pendente,,,,26 de maio de 2026
Cathay Pacific First and Business Class Lounge BKK,"BKK · Bangkok, Tailândia",,,20,"Concourse G (BKK Airport), Bang Phli, จังหวัดฉะเชิงเทรา 10540",,"3+ fotos, 5+ fotos, cartões aceitos, comodidades, dias da semana, horário, localização exata, tempo máx",https://upload.wikimedia.org/wikipedia/commons/2/25/22_boeing_772_app_cmb.jpg,https://upload.wikimedia.org/wikipedia/commons/2/25/22_boeing_772_app_cmb.jpg,,BKK,b30924ff-e172-4a01-871c-ecb98fae9882,1,Tailândia,Média,Pendente,,,http://www.cathaypacific.com,26 de maio de 2026
KLM Crown Lounge AMS 52,"AMS · Amsterdã, Países Baixos",SkyTeam Elite Plus,"Ar condicionado, Bar, Centro de negócios, Chuveiro, Comida, Vista, Wi-Fi",50,Embarque non-Schengen,,"1+ foto, 3+ fotos, 5+ fotos, dias da semana, tempo máx",,,05:00-23:00,AMS,36b98197-9985-4c7e-8025-99ad89007527,0,Países Baixos,Média,Pendente,,Lounge 52,,22 de maio de 2026
Etihad Airways Business Class Lounge,"AUH · Abu Dhabi, Emirados Árabes Unidos",,,20,"Terminal A (AUH Airport), أبوظبي",,"3+ fotos, 5+ fotos, cartões aceitos, comodidades, dias da semana, horário, localização exata, tempo máx",https://upload.wikimedia.org/wikipedia/commons/0/0c/Abu_Dhabi_%28UAE%29%2C_Zayed_International_Airport%2C_Terminal_A_%2803%29.jpg,https://upload.wikimedia.org/wikipedia/commons/0/0c/Abu_Dhabi_%28UAE%29%2C_Zayed_International_Airport%2C_Terminal_A_%2803%29.jpg,,AUH,8fb48417-671c-4ddd-867d-a55f679637f8,1,Emirados Árabes Unidos,Média,Pendente,,,http://etihad.com,26 de maio de 2026
Premium VIP Lounge - Priority Pass,"BCN · Barcelona, Espanha",,,20,08820 El Prat de Llobregat Catalunya,,"3+ fotos, 5+ fotos, cartões aceitos, comodidades, dias da semana, horário, localização exata, tempo máx",https://upload.wikimedia.org/wikipedia/commons/d/de/Sala_Dal%C3%AD_-_Rinc%C3%B3n_del_Vino_%285657319902%29.jpg,https://upload.wikimedia.org/wikipedia/commons/d/de/Sala_Dal%C3%AD_-_Rinc%C3%B3n_del_Vino_%285657319902%29.jpg,,BCN,533f5f99-16e1-47b6-830b-c4a0e1fd646f,1,Espanha,Média,Pendente,,,,26 de maio de 2026
LATAM VIP Lounge CGH,"CGH · São Paulo/Congonhas, Desconhecido","Latampass Black, OneWorld Emerald, OneWorld Sapphire","Ar condicionado, Bar, Centro de negócios, Comida, Wi-Fi",50,Embarque doméstico,,"1+ foto, 3+ fotos, 5+ fotos, dias da semana, tempo máx",,,05:00-23:00,CGH,1c5906dd-0bb8-4a37-8aac-bbce44719214,0,Desconhecido,Média,Pendente,,Terminal Único,,22 de maio de 2026
R12 Lounge,"BAH · Bahrein, Bahrein",,,20,"Bahrain International Airport (BAH Airport), Muharraq",,"3+ fotos, 5+ fotos, cartões aceitos, comodidades, dias da semana, horário, localização exata, tempo máx",https://upload.wikimedia.org/wikipedia/commons/6/61/MetLife_Building_by_David_Shankbone.jpg,https://upload.wikimedia.org/wikipedia/commons/6/61/MetLife_Building_by_David_Shankbone.jpg,,BAH,103deb45-a354-4a9d-8011-5ea44a70ca1c,1,Bahrein,Média,Pendente,,,,26 de maio de 2026
Etihad First Class Lounge & Spa,"AUH · Abu Dhabi, Emirados Árabes Unidos",,,20,"Terminal 3, 1st Floor (AUH Airport), Abu Dhabi",,"3+ fotos, 5+ fotos, cartões aceitos, comodidades, dias da semana, horário, localização exata, tempo máx",https://upload.wikimedia.org/wikipedia/commons/8/8e/Chhatrapati_Shivaji_International_Airport_3.jpg,https://upload.wikimedia.org/wikipedia/commons/8/8e/Chhatrapati_Shivaji_International_Airport_3.jpg,,AUH,21712dc8-f8ae-468b-a396-e9288ea539e2,1,Emirados Árabes Unidos,Média,Pendente,,,https://www.etihad.com/en/fly-etihad/experience/first/the-residence,26 de maio de 2026
Vip Club Express,"BSB · Brasília, Brasil",,,20,"Brasília, DF, 71608-000",,"3+ fotos, 5+ fotos, cartões aceitos, comodidades, dias da semana, horário, localização exata, tempo máx",https://upload.wikimedia.org/wikipedia/commons/4/4c/Backstreet_Boys-_Larger_Than_Life.jpg,https://upload.wikimedia.org/wikipedia/commons/4/4c/Backstreet_Boys-_Larger_Than_Life.jpg,,BSB,1a1ce8ce-7bca-4533-b5e6-e21ae6af2a6c,1,Brasil,Média,Pendente,,,,26 de maio de 2026
Sala VIP GRU Lounge (Plaza Premium) T2 Doméstico,"GRU · São Paulo, Brasil","DragonPass, Mastercard Airport Experiences, Plaza Premium, Visa Airport Companion","Ar condicionado, Bar, Centro de negócios, Chuveiro, Comida, Wi-Fi",50,"Após o controle de segurança, embarque doméstico",,"1+ foto, 3+ fotos, 5+ fotos, dias da semana, tempo máx",,,05:00-23:00,GRU,7bffb9f2-9670-4348-9de4-915682b2082e,0,Brasil,Média,Pendente,,Terminal 2,,22 de maio de 2026
The Qantas Hong Kong Lounge,"HKG · Hong Kong, Hong Kong",,,20,"Hong Kong International Airport (Level 7, by Gate 15)",,"3+ fotos, 5+ fotos, cartões aceitos, comodidades, dias da semana, horário, localização exata, tempo máx",https://upload.wikimedia.org/wikipedia/commons/b/b8/Cathay_Pacific_A350-1000XWB_B-LXA.jpg,https://upload.wikimedia.org/wikipedia/commons/b/b8/Cathay_Pacific_A350-1000XWB_B-LXA.jpg,,HKG,5d03c2b1-f9df-4fe5-870f-640e3afe4bb1,1,Hong Kong,Média,Pendente,,,http://www.qantas.com.au/travel/airlines/lounge-locations/hong-kong/terminal-1/international-lounge-the-qantas-hong-kong-lounge/global/en,26 de maio de 2026
MAS Golden Lounge - Regional,"KUL · Kuala Lumpur, Malásia",,,20,"Kuala Lumpur International Airport (KUL) (LNG10, Domestic Level, Contact Pier), 64000 Sepang, Selangor",,"3+ fotos, 5+ fotos, cartões aceitos, comodidades, dias da semana, horário, localização exata, tempo máx",https://upload.wikimedia.org/wikipedia/commons/d/d7/Malaysia_Airlines%2C_Airbus_A350-900_9M-MAF_NRT_%2842887513761%29.jpg,https://upload.wikimedia.org/wikipedia/commons/d/d7/Malaysia_Airlines%2C_Airbus_A350-900_9M-MAF_NRT_%2842887513761%29.jpg,,KUL,998a8440-0a98-4b07-a1cb-7318bf7beeaa,1,Malásia,Média,Pendente,,,http://www.malaysiaairlines.com,26 de maio de 2026
ASPIRE Lounge @ Gate13,"HEL · Helsinki, Finlândia",,,10,"Helsinki Airport (HEL Airport), 01530 Vantaa",,"1+ foto, 3+ fotos, 5+ fotos, cartões aceitos, comodidades, dias da semana, horário, localização exata, tempo máx",,,,HEL,f06e76bb-15c3-41a7-9437-7ddc6170f05a,0,Finlândia,Média,Pendente,,,,26 de maio de 2026
Alfursan Lounge Domestic Departure,"JED · King Abdulaziz, Arábia Saudita",,,10,"South Terminal (JED Airport), جدة",,"1+ foto, 3+ fotos, 5+ fotos, cartões aceitos, comodidades, dias da semana, horário, localização exata, tempo máx",,,,JED,0c230618-f333-44fc-965a-60de10f708bd,0,Arábia Saudita,Média,Pendente,,,,26 de maio de 2026
Turkish Airlines Domestic Lounge,"IST · Istambul, Turquia",,,20,"Tayakadın Mah. Terminal Cad. No:1, 34277 Arnavutköy",,"3+ fotos, 5+ fotos, cartões aceitos, comodidades, dias da semana, horário, localização exata, tempo máx",https://upload.wikimedia.org/wikipedia/commons/a/ac/%C4%B0stanbul_Yeni_Havaliman%C4%B1_airport_Dec_2019.jpg,https://upload.wikimedia.org/wikipedia/commons/a/ac/%C4%B0stanbul_Yeni_Havaliman%C4%B1_airport_Dec_2019.jpg,,IST,d901131b-ea96-4466-9ecb-8b08ee8afcc0,1,Turquia,Média,Pendente,,,,26 de maio de 2026
Plaza Premium Lounge,"LGW · Gatwick, Reino Unido",,,20,"South Terminal (LGW Airport), Crawley, West Sussex, RH6 0NP",,"3+ fotos, 5+ fotos, cartões aceitos, comodidades, dias da semana, horário, localização exata, tempo máx",https://upload.wikimedia.org/wikipedia/commons/d/de/Sala_Dal%C3%AD_-_Rinc%C3%B3n_del_Vino_%285657319902%29.jpg,https://upload.wikimedia.org/wikipedia/commons/d/de/Sala_Dal%C3%AD_-_Rinc%C3%B3n_del_Vino_%285657319902%29.jpg,,LGW,155cefdc-b193-4092-ba41-4b3a863fff15,1,Reino Unido,Média,Pendente,,,https://www.plazapremiumlounge.com,26 de maio de 2026
ASPIRE Lounge,"HEL · Helsinki, Finlândia",,,20,"Helsinki Airport (HEL Airport), 01530 Vantaa",,"3+ fotos, 5+ fotos, cartões aceitos, comodidades, dias da semana, horário, localização exata, tempo máx",https://upload.wikimedia.org/wikipedia/commons/d/de/Sala_Dal%C3%AD_-_Rinc%C3%B3n_del_Vino_%285657319902%29.jpg,https://upload.wikimedia.org/wikipedia/commons/d/de/Sala_Dal%C3%AD_-_Rinc%C3%B3n_del_Vino_%285657319902%29.jpg,,HEL,b8028f30-14c1-486f-ab28-2f4c30b51403,1,Finlândia,Média,Pendente,,,,26 de maio de 2026
Plaza Premium Lounge (West Hall),"HKG · Hong Kong, Hong Kong",,,20,"Terminal 1, near Gate 60 (HKG Airport)",,"3+ fotos, 5+ fotos, cartões aceitos, comodidades, dias da semana, horário, localização exata, tempo máx",https://upload.wikimedia.org/wikipedia/commons/8/8e/YinChuan_airport.jpg,https://upload.wikimedia.org/wikipedia/commons/8/8e/YinChuan_airport.jpg,,HKG,df27f4ac-0e3f-4791-9a12-e8ce46b80fee,1,Hong Kong,Média,Pendente,,,http://www.plaza-network.com,26 de maio de 2026
Chase Sapphire Lounge JFK,"JFK · Nova York, Estados Unidos","Chase Sapphire Lounges, Priority Pass","Ar condicionado, Bar, Centro de negócios, Chuveiro, Comida, Vista, Wi-Fi",60,Embarque internacional T4,,"3+ fotos, 5+ fotos, dias da semana, tempo máx",https://upload.wikimedia.org/wikipedia/commons/d/de/Sala_Dal%C3%AD_-_Rinc%C3%B3n_del_Vino_%285657319902%29.jpg,https://upload.wikimedia.org/wikipedia/commons/d/de/Sala_Dal%C3%AD_-_Rinc%C3%B3n_del_Vino_%285657319902%29.jpg,05:00-22:00,JFK,2fa6ca0b-27b1-4705-bfbb-4cb80db75d02,1,Estados Unidos,Média,Pendente,,Terminal 4,,22 de maio de 2026
Living Heineken (HNK) GRU T3,"GRU · São Paulo, Brasil","DragonPass, Heineken Voucher, LoungeKey, Priority Pass, Visa Airport Companion","Ar condicionado, Bar, Comida, Vista, Wi-Fi",50,Área de embarque internacional T3 | Voucher: Voucher de consumo via Visa Companion / Priority Pass,,"1+ foto, 3+ fotos, 5+ fotos, dias da semana, tempo máx",,,24h,GRU,a3afa24d-05c9-41a2-87dc-554673ad64a9,0,Brasil,Média,Pendente,,Terminal 3,,22 de maio de 2026
Korean Air Prestige Class Lounge - West,"ICN · Seul, Coreia do Sul",,,20,"중구 공항로 272 (제2여객터미널), 인천광역시, 인천광역시",,"3+ fotos, 5+ fotos, cartões aceitos, comodidades, dias da semana, horário, localização exata, tempo máx",https://upload.wikimedia.org/wikipedia/commons/e/e1/Air_Canada_Boeing_787-9_Dreamliner_C-FVND_approaching_EWR_Airport.jpg,https://upload.wikimedia.org/wikipedia/commons/e/e1/Air_Canada_Boeing_787-9_Dreamliner_C-FVND_approaching_EWR_Airport.jpg,,ICN,67991187-f1c0-43fb-9a96-1651690cd2be,1,Coreia do Sul,Média,Pendente,,,,26 de maio de 2026
Plaza Premium Lounge,"HEL · Helsinki, Finlândia",,,20,"Helsinki Airport (HEL Airport), 01530 Vantaa",,"3+ fotos, 5+ fotos, cartões aceitos, comodidades, dias da semana, horário, localização exata, tempo máx",https://upload.wikimedia.org/wikipedia/commons/7/76/Helsinki-Vantaa_airport.jpg,https://upload.wikimedia.org/wikipedia/commons/7/76/Helsinki-Vantaa_airport.jpg,,HEL,d8f5b7a8-7601-4df1-b055-448c9b041f9f,1,Finlândia,Média,Pendente,,,https://www.plazapremiumlounge.com,26 de maio de 2026
Plaza Premium Lounge HKG,"HKG · Hong Kong, Hong Kong",,,20,"Terminal 1, near Gate 35 (HKQ Airport), New Territories",,"3+ fotos, 5+ fotos, cartões aceitos, comodidades, dias da semana, horário, localização exata, tempo máx",https://upload.wikimedia.org/wikipedia/commons/d/de/Sala_Dal%C3%AD_-_Rinc%C3%B3n_del_Vino_%285657319902%29.jpg,https://upload.wikimedia.org/wikipedia/commons/d/de/Sala_Dal%C3%AD_-_Rinc%C3%B3n_del_Vino_%285657319902%29.jpg,,HKG,ea025a4d-e10f-4ede-8655-7d79ae0eb362,1,Hong Kong,Média,Pendente,,,,26 de maio de 2026
Finnair Lounge (Schengen),"HEL · Helsinki, Finlândia",,,20,"Helsinki Airport (HEL Airport), 01530 Vantaa",,"3+ fotos, 5+ fotos, cartões aceitos, comodidades, dias da semana, horário, localização exata, tempo máx",https://upload.wikimedia.org/wikipedia/commons/7/76/Helsinki-Vantaa_airport.jpg,https://upload.wikimedia.org/wikipedia/commons/7/76/Helsinki-Vantaa_airport.jpg,,HEL,2fb0ee10-c7bf-4aa6-bdc5-13a43ea127cb,1,Finlândia,Média,Pendente,,,http://www.finnair.com,26 de maio de 2026
İGA Lounge,"IST · Istambul, Turquia",,,20,"Tayakadın Mah. Terminal Cad. No:1, 34283 Arnavutköy",,"3+ fotos, 5+ fotos, cartões aceitos, comodidades, dias da semana, horário, localização exata, tempo máx",https://upload.wikimedia.org/wikipedia/commons/a/ac/%C4%B0stanbul_Yeni_Havaliman%C4%B1_airport_Dec_2019.jpg,https://upload.wikimedia.org/wikipedia/commons/a/ac/%C4%B0stanbul_Yeni_Havaliman%C4%B1_airport_Dec_2019.jpg,,IST,6654bdeb-d4db-4b2c-982c-e1259c2c158d,1,Turquia,Média,Pendente,,,https://www.igapass.com,26 de maio de 2026
Al-Mubarakiya Lounge,"KWI · Kuwait, Kuwait",,,10,"Kuwait International Airport (KWI Airport), Al Farwaniyah",,"1+ foto, 3+ fotos, 5+ fotos, cartões aceitos, comodidades, dias da semana, horário, localização exata, tempo máx",,,,KWI,189b2e34-01fc-4b14-b20b-ec08607a6d06,0,Kuwait,Média,Pendente,,,,26 de maio de 2026
W Premium Lounge GRU T1,"GRU · São Paulo, Brasil","DragonPass, Mastercard Airport Experiences, Visa Airport Companion","Ar condicionado, Bar, Comida, Wi-Fi",50,Embarque doméstico T1,,"1+ foto, 3+ fotos, 5+ fotos, dias da semana, tempo máx",,,05:00-22:00,GRU,06f71db8-5b40-4ab1-bdd4-5ad46296b0b1,0,Brasil,Média,Pendente,,Terminal 1,,22 de maio de 2026
Alfursan Lounge - KAIA Terminal 1,"JED · King Abdulaziz, Arábia Saudita",,,10,"King Abdulaziz International Airport - terminal 1 (Prince Majid Rd), جدة 23635",,"1+ foto, 3+ fotos, 5+ fotos, cartões aceitos, comodidades, dias da semana, horário, localização exata, tempo máx",,,,JED,3130aa2b-dda2-4172-9c75-7074445c59b0,0,Arábia Saudita,Média,Pendente,,,https://alfursan.saudiairlines.com/AlfursanSignUp.jsp?activeLanguage=AR,26 de maio de 2026
The Centurion Lounge HKG,"HKG · Hong Kong, Hong Kong",,,20,"Level 7 around Gate 60 Terminal1 Sky Plaza Rd, Chek Lap Kok",,"3+ fotos, 5+ fotos, cartões aceitos, comodidades, dias da semana, horário, localização exata, tempo máx",https://upload.wikimedia.org/wikipedia/commons/d/de/Sala_Dal%C3%AD_-_Rinc%C3%B3n_del_Vino_%285657319902%29.jpg,https://upload.wikimedia.org/wikipedia/commons/d/de/Sala_Dal%C3%AD_-_Rinc%C3%B3n_del_Vino_%285657319902%29.jpg,,HKG,4d9318c9-5a2c-482c-8ca7-2da1ade00742,1,Hong Kong,Média,Pendente,,,https://thecenturionlounge.com/locations/HKG/,26 de maio de 2026
Power Lounge North,"HND · Tóquio, Japão",,,20,"羽田空港3-3-2 (第1ターミナル 北ウイング 2F), 大田区, 東京都, 144-8515",,"3+ fotos, 5+ fotos, cartões aceitos, comodidades, dias da semana, horário, localização exata, tempo máx",https://upload.wikimedia.org/wikipedia/commons/9/92/Washington_Dulles_International_Airport_at_Dusk.jpg,https://upload.wikimedia.org/wikipedia/commons/9/92/Washington_Dulles_International_Airport_at_Dusk.jpg,,HND,e332e032-d2d0-4bd6-ae8b-74b2480d4a94,1,Japão,Média,Pendente,,,https://tokyo-haneda.com,26 de maio de 2026
Matina Gold - Walkerhill Premium Lounge,"ICN · Seul, Coreia do Sul",,,10,"중구 제2터미널대로 446, 인천광역시, 인천광역시",,"1+ foto, 3+ fotos, 5+ fotos, cartões aceitos, comodidades, dias da semana, horário, localização exata, tempo máx",,,,ICN,80dbb771-1077-4350-a353-7b8b6028c6ca,0,Coreia do Sul,Média,Pendente,,,,26 de maio de 2026
LATAM VIP Lounge GRU Internacional,"GRU · São Paulo, Brasil","Latampass Black, OneWorld Emerald, OneWorld Sapphire","Ar condicionado, Bar, Centro de negócios, Chuveiro, Comida, Wi-Fi",60,Embarque internacional T3,,"3+ fotos, 5+ fotos, dias da semana, tempo máx",https://upload.wikimedia.org/wikipedia/commons/e/e1/Sao_paulo_airport_terminal_3.jpg,https://upload.wikimedia.org/wikipedia/commons/e/e1/Sao_paulo_airport_terminal_3.jpg,24h,GRU,da7bac6c-93c6-44bc-9d33-a1895bba75c4,1,Brasil,Média,Pendente,,Terminal 3,,22 de maio de 2026
Departure Lounge,"LGW · Gatwick, Reino Unido",,,10,,,"3+ fotos, 5+ fotos, cartões aceitos, comodidades, descrição, dias da semana, horário, localização exata, tempo máx",https://upload.wikimedia.org/wikipedia/commons/2/21/Gatwick_Airport_%2850850159593%29.jpg,https://upload.wikimedia.org/wikipedia/commons/2/21/Gatwick_Airport_%2850850159593%29.jpg,,LGW,48c3e581-3b1e-4645-89b8-5555e367dc1c,1,Reino Unido,Média,Pendente,,,,26 de maio de 2026
Delta One Lounge JFK,"JFK · Nova York, Estados Unidos",SkyTeam Elite Plus,"Ar condicionado, Bar, Centro de negócios, Chuveiro, Comida, Vista, Wi-Fi",60,Embarque Delta One,,"3+ fotos, 5+ fotos, dias da semana, tempo máx",https://upload.wikimedia.org/wikipedia/commons/b/b9/JFK_Aerial_Nov_14_2018.jpg,https://upload.wikimedia.org/wikipedia/commons/b/b9/JFK_Aerial_Nov_14_2018.jpg,05:00-22:00,JFK,835d30c9-fe92-4baf-a934-697c579e4173,1,Estados Unidos,Média,Pendente,,Terminal 4,,22 de maio de 2026
Asiana First Lounge East,"ICN · Seul, Coreia do Sul",,,20,"인천국제공항 제1터미널 동편, 중구, 인천광역시",,"3+ fotos, 5+ fotos, cartões aceitos, comodidades, dias da semana, horário, localização exata, tempo máx",https://upload.wikimedia.org/wikipedia/commons/b/bc/%EC%9D%B8%EC%B2%9C%EA%B5%AD%EC%A0%9C%EA%B3%B5%ED%95%AD_%281472%29.jpeg,https://upload.wikimedia.org/wikipedia/commons/b/bc/%EC%9D%B8%EC%B2%9C%EA%B5%AD%EC%A0%9C%EA%B3%B5%ED%95%AD_%281472%29.jpeg,,ICN,925d5453-e5c0-4771-98dc-b122c0242d17,1,Coreia do Sul,Média,Pendente,,,,26 de maio de 2026
Skyteam Lounge,"IST · Istambul, Turquia",,,10,,,"3+ fotos, 5+ fotos, cartões aceitos, comodidades, descrição, dias da semana, horário, localização exata, tempo máx",https://upload.wikimedia.org/wikipedia/commons/6/60/Hoofddorp_Thalys_TGV-PBA_4534_trein_9340_Paris-Nord_-_Flickr_-_Rob_Dammers.jpg,https://upload.wikimedia.org/wikipedia/commons/6/60/Hoofddorp_Thalys_TGV-PBA_4534_trein_9340_Paris-Nord_-_Flickr_-_Rob_Dammers.jpg,,IST,42e7c889-b05e-417d-bb95-b7aa507a92aa,1,Turquia,Média,Pendente,,,,26 de maio de 2026
Turkish Airlines Lounge Business,"IST · Istambul, Turquia",,,20,"Tayakadın Mah. Terminal Cad. No:1, 34277 Arnavutköy",,"3+ fotos, 5+ fotos, cartões aceitos, comodidades, dias da semana, horário, localização exata, tempo máx",https://upload.wikimedia.org/wikipedia/commons/a/ac/%C4%B0stanbul_Yeni_Havaliman%C4%B1_airport_Dec_2019.jpg,https://upload.wikimedia.org/wikipedia/commons/a/ac/%C4%B0stanbul_Yeni_Havaliman%C4%B1_airport_Dec_2019.jpg,,IST,cd127625-acfc-414d-8365-ff178a7dc85b,1,Turquia,Média,Pendente,,,https://www.turkishairlines.com/en-us/flights/fly-different/turkish-airlines-lounge,26 de maio de 2026
Matina Lounge (마티나 라운지),"ICN · Seul, Coreia do Sul",,,10,"중구 운서동 (제1여객터미널 서편, 43번 게이트 부근), 인천광역시, 인천광역시",,"1+ foto, 3+ fotos, 5+ fotos, cartões aceitos, comodidades, dias da semana, horário, localização exata, tempo máx",,,,ICN,5a0f8801-f887-4a03-a21b-417542f51909,0,Coreia do Sul,Média,Pendente,,,http://www.airport.kr/airport/facility/falicityInfo.iia?carId=42&facilityId=524&lcatId=01&shopGubun=01,26 de maio de 2026
MAS Platinum Lounge,"KUL · Kuala Lumpur, Malásia",,,20,"Satellite Terminal (KUL Airport), 64000 Sepang, Selangor",,"3+ fotos, 5+ fotos, cartões aceitos, comodidades, dias da semana, horário, localização exata, tempo máx",https://upload.wikimedia.org/wikipedia/commons/d/d7/Malaysia_Airlines%2C_Airbus_A350-900_9M-MAF_NRT_%2842887513761%29.jpg,https://upload.wikimedia.org/wikipedia/commons/d/d7/Malaysia_Airlines%2C_Airbus_A350-900_9M-MAF_NRT_%2842887513761%29.jpg,,KUL,d02f41a3-222b-40b5-ab1f-a2f92540234c,1,Malásia,Média,Pendente,,,http://www.malaysiaairlines.com/us/en/experience/golden-lounge/klia_satellite_platinum.html,26 de maio de 2026
Turkish Airlines Lounge Miles & Smiles,"IST · Istambul, Turquia",,,20,"Tayakadın Mah. Terminal Cad. No:1 (Terminal Cd.), 34283 Arnavutköy",,"3+ fotos, 5+ fotos, cartões aceitos, comodidades, dias da semana, horário, localização exata, tempo máx",https://upload.wikimedia.org/wikipedia/commons/6/60/Hoofddorp_Thalys_TGV-PBA_4534_trein_9340_Paris-Nord_-_Flickr_-_Rob_Dammers.jpg,https://upload.wikimedia.org/wikipedia/commons/6/60/Hoofddorp_Thalys_TGV-PBA_4534_trein_9340_Paris-Nord_-_Flickr_-_Rob_Dammers.jpg,,IST,a667995f-b062-4a53-81d2-fcf18e2205c1,1,Turquia,Média,Pendente,,,http://turkishairlines.com,26 de maio de 2026
Sala VIP Smiles Diamante GRU,"GRU · São Paulo, Brasil",Smiles Diamante,"Ar condicionado, Bar, Comida, Wi-Fi",50,Embarque doméstico T2,,"1+ foto, 3+ fotos, 5+ fotos, dias da semana, tempo máx",,,05:00-23:00,GRU,672ba831-37da-4de3-84c1-f43dc35ac671,0,Brasil,Média,Pendente,,Terminal 2,,22 de maio de 2026
Clubrooms from No1 Lounges,"LGW · Gatwick, Reino Unido",,,20,"South Terminal, near Gate 17 (LGW Airport), Crawley, West Sussex",,"3+ fotos, 5+ fotos, cartões aceitos, comodidades, dias da semana, horário, localização exata, tempo máx",https://upload.wikimedia.org/wikipedia/commons/5/59/Cameron.jpg,https://upload.wikimedia.org/wikipedia/commons/5/59/Cameron.jpg,,LGW,7bb5e44d-9986-4db2-a659-3e6d6070f495,1,Reino Unido,Média,Pendente,,,https://www.no1lounges.com/gatwick/clubrooms-gatwick/,26 de maio de 2026
Sakura Lounge (サクララウンジ),"HND · Tóquio, Japão",,,10,"羽田空港3-3-2 (第1ターミナル 3F 南ウイング), 大田区, 東京都, 144-0041",,"1+ foto, 3+ fotos, 5+ fotos, cartões aceitos, comodidades, dias da semana, horário, localização exata, tempo máx",,,,HND,0cad4d2d-4f65-477b-b050-bdc79bd0f05f,0,Japão,Média,Pendente,,,http://www.jal.co.jp,26 de maio de 2026
Hong Kong Airline Lounge,"HKG · Hong Kong, Hong Kong",,,20,"Gate 212, New Territories",,"3+ fotos, 5+ fotos, cartões aceitos, comodidades, dias da semana, horário, localização exata, tempo máx",https://upload.wikimedia.org/wikipedia/commons/b/b8/Cathay_Pacific_A350-1000XWB_B-LXA.jpg,https://upload.wikimedia.org/wikipedia/commons/b/b8/Cathay_Pacific_A350-1000XWB_B-LXA.jpg,,HKG,fcd422f3-f2bd-46ac-b059-52694fe8b6b8,1,Hong Kong,Média,Pendente,,,,26 de maio de 2026
Derwaza Lounge Emirates,"KWI · Kuwait, Kuwait",,,10,"Kuwait International Airport (KWI Airport), Al Farwaniyah",,"1+ foto, 3+ fotos, 5+ fotos, cartões aceitos, comodidades, dias da semana, horário, localização exata, tempo máx",,,,KWI,e17835cc-a639-418d-b6e9-8c22e575a6ff,0,Kuwait,Média,Pendente,,,,26 de maio de 2026
Derwaza Lounge (Emirates Airlines),"KWI · Kuwait, Kuwait",,,10,"Kuwait International Airport, اَلْكُوَيْت",,"1+ foto, 3+ fotos, 5+ fotos, cartões aceitos, comodidades, dias da semana, horário, localização exata, tempo máx",,,,KWI,3879a60e-1200-495c-a647-07de2289c855,0,Kuwait,Média,Pendente,,,,26 de maio de 2026
British Airways First Lounge,"LGW · Gatwick, Reino Unido",,,20,"South Terminal (LGW Airport), Crawley, West Sussex",,"3+ fotos, 5+ fotos, cartões aceitos, comodidades, dias da semana, horário, localização exata, tempo máx",https://upload.wikimedia.org/wikipedia/commons/0/0d/London_-_Heathrow_%28LHR_-_EGLL%29_AN1572653.jpg,https://upload.wikimedia.org/wikipedia/commons/0/0d/London_-_Heathrow_%28LHR_-_EGLL%29_AN1572653.jpg,,LGW,2efc1aae-7e8f-494b-bd6e-b902447d5315,1,Reino Unido,Média,Pendente,,,,26 de maio de 2026
MAS Golden Lounge - Satellite,"KUL · Kuala Lumpur, Malásia",,,20,"LNG1, Mezzanine Level, Satellite Terminal (KUL Airport), 64000 Sepang, Selangor",,"3+ fotos, 5+ fotos, cartões aceitos, comodidades, dias da semana, horário, localização exata, tempo máx",https://upload.wikimedia.org/wikipedia/commons/c/c2/Aerial_photograph_of_Malaysia_on_15_January_2026_-_02.jpg,https://upload.wikimedia.org/wikipedia/commons/c/c2/Aerial_photograph_of_Malaysia_on_15_January_2026_-_02.jpg,,KUL,ab229bf2-4ab3-404f-84bd-450c92ee78e1,1,Malásia,Média,Pendente,,,http://www.malaysiaairlines.com,26 de maio de 2026
Visa Infinite Lounge GRU T3,"GRU · São Paulo, Brasil",Visa Infinite Privilege,"Ar condicionado, Bar, Centro de negócios, Chuveiro, Comida, Vista, Wi-Fi",50,"Embarque internacional, lounge exclusivo Visa Infinite",,"1+ foto, 3+ fotos, 5+ fotos, dias da semana, tempo máx",,,05:00-23:00,GRU,816d0455-b13d-4577-8352-c64f102f0bf6,0,Brasil,Média,Pendente,,Terminal 3,,22 de maio de 2026
VIP Lounge,"HEL · Helsinki, Finlândia",,,20,"Helsinki Airport (HEL Airport), 01530 Vantaa",,"3+ fotos, 5+ fotos, cartões aceitos, comodidades, dias da semana, horário, localização exata, tempo máx",https://upload.wikimedia.org/wikipedia/commons/7/76/Helsinki-Vantaa_airport.jpg,https://upload.wikimedia.org/wikipedia/commons/7/76/Helsinki-Vantaa_airport.jpg,,HEL,ed76ad1b-cec7-4455-86e2-cc8405423826,1,Finlândia,Média,Pendente,,,,26 de maio de 2026
Star Alliance Lounge GRU,"GRU · São Paulo, Brasil",Star Alliance Gold,"Ar condicionado, Bar, Centro de negócios, Chuveiro, Comida, Vista, Wi-Fi",60,Embarque internacional T3,,"3+ fotos, 5+ fotos, dias da semana, tempo máx",https://upload.wikimedia.org/wikipedia/commons/e/e1/Sao_paulo_airport_terminal_3.jpg,https://upload.wikimedia.org/wikipedia/commons/e/e1/Sao_paulo_airport_terminal_3.jpg,24h,GRU,82f38fd0-62c0-4de3-8af1-562e140928c1,1,Brasil,Média,Pendente,,Terminal 3,,22 de maio de 2026
Smoking Area-IGA Lounge,"IST · Istambul, Turquia",,,0,,,"1+ foto, 3+ fotos, 5+ fotos, cartões aceitos, comodidades, descrição, dias da semana, horário, localização exata, tempo máx",,,,IST,aa06e60a-59d8-4d7f-a1c9-e2fdd01e19af,0,Turquia,Média,Pendente,,,,26 de maio de 2026
My Lounge from No1 Lounges,"LGW · Gatwick, Reino Unido",,,20,"North Terminal (LGW Airport), Crawley, West Sussex, RH6 0NP",,"3+ fotos, 5+ fotos, cartões aceitos, comodidades, dias da semana, horário, localização exata, tempo máx",https://upload.wikimedia.org/wikipedia/commons/5/59/Cameron.jpg,https://upload.wikimedia.org/wikipedia/commons/5/59/Cameron.jpg,,LGW,fec5a05d-e45f-4541-b9bc-debe7efad1b1,1,Reino Unido,Média,Pendente,,,,26 de maio de 2026
Aspire OP Lounge,"HEL · Helsinki, Finlândia",,,20,"Helsinki Airport (HEL Airport), 01530 Vantaa",,"3+ fotos, 5+ fotos, cartões aceitos, comodidades, dias da semana, horário, localização exata, tempo máx",https://upload.wikimedia.org/wikipedia/commons/2/2a/View_of_the_forested_west_coast_of_Isabela_Province_%28Dinapique%29_-_ZooKeys-266-001-g003.jpg,https://upload.wikimedia.org/wikipedia/commons/2/2a/View_of_the_forested_west_coast_of_Isabela_Province_%28Dinapique%29_-_ZooKeys-266-001-g003.jpg,,HEL,9ad32103-24bd-4fa4-8db3-e7ee4797600d,1,Finlândia,Média,Pendente,,,,26 de maio de 2026
Korean Air First Class Lounge,"ICN · Seul, Coreia do Sul",,,20,"중구 제2터미널대로 446, 중구, 인천광역시",,"3+ fotos, 5+ fotos, cartões aceitos, comodidades, dias da semana, horário, localização exata, tempo máx",https://upload.wikimedia.org/wikipedia/commons/d/de/Sala_Dal%C3%AD_-_Rinc%C3%B3n_del_Vino_%285657319902%29.jpg,https://upload.wikimedia.org/wikipedia/commons/d/de/Sala_Dal%C3%AD_-_Rinc%C3%B3n_del_Vino_%285657319902%29.jpg,,ICN,64083c25-cf3e-4bc4-8585-5a546c6957fe,1,Coreia do Sul,Média,Pendente,,,,26 de maio de 2026
Capital One Landing JFK,"JFK · Nova York, Estados Unidos","Capital One Lounges, Priority Pass","Ar condicionado, Bar, Centro de negócios, Chuveiro, Comida, Wi-Fi",60,Embarque,,"3+ fotos, 5+ fotos, dias da semana, tempo máx",https://upload.wikimedia.org/wikipedia/commons/b/b9/JFK_Aerial_Nov_14_2018.jpg,https://upload.wikimedia.org/wikipedia/commons/b/b9/JFK_Aerial_Nov_14_2018.jpg,05:00-22:00,JFK,f54d78eb-826f-4da7-a4ac-a7eb1c6a2442,1,Estados Unidos,Média,Pendente,,Terminal 4,,22 de maio de 2026
Pearl Lounge,"KWI · Kuwait, Kuwait",,,20,"Kuwait International Airport, Kuwait City",,"3+ fotos, 5+ fotos, cartões aceitos, comodidades, dias da semana, horário, localização exata, tempo máx",https://upload.wikimedia.org/wikipedia/commons/4/40/Site_of_the_UpStairs_Lounge%2C_2019.jpg,https://upload.wikimedia.org/wikipedia/commons/4/40/Site_of_the_UpStairs_Lounge%2C_2019.jpg,,KWI,240fa4b5-dbc8-4320-8832-57f1779c4a2c,1,Kuwait,Média,Pendente,,,https://www.pearlassist.com/en/lounges/Kuwait/,26 de maio de 2026
The Emirates Lounge,"LGW · Gatwick, Reino Unido",,,20,"LGW South Terminal (LGW Airport), Crawley, West Sussex",,"3+ fotos, 5+ fotos, cartões aceitos, comodidades, dias da semana, horário, localização exata, tempo máx",https://upload.wikimedia.org/wikipedia/commons/2/21/Gatwick_Airport_%2850850159593%29.jpg,https://upload.wikimedia.org/wikipedia/commons/2/21/Gatwick_Airport_%2850850159593%29.jpg,,LGW,770a4848-fbad-4ad6-9276-4c7d15c3979e,1,Reino Unido,Média,Pendente,,,,26 de maio de 2026
British Airways Lounge JFK T7,"JFK · Nova York, Estados Unidos","OneWorld Emerald, OneWorld Sapphire","Ar condicionado, Bar, Centro de negócios, Chuveiro, Comida, Wi-Fi",60,Embarque BA,,"3+ fotos, 5+ fotos, dias da semana, tempo máx",https://upload.wikimedia.org/wikipedia/commons/b/b9/JFK_Aerial_Nov_14_2018.jpg,https://upload.wikimedia.org/wikipedia/commons/b/b9/JFK_Aerial_Nov_14_2018.jpg,13:00-22:00,JFK,8d82808b-572a-4a02-a29e-9b5d327f4168,1,Estados Unidos,Média,Pendente,,Terminal 8,,22 de maio de 2026
IGA Pop Up Lounge,"IST · Istambul, Turquia",,,20,IST Airport - International,,"3+ fotos, 5+ fotos, cartões aceitos, comodidades, dias da semana, horário, localização exata, tempo máx",https://upload.wikimedia.org/wikipedia/commons/f/f4/Tafa_Balewa_Square_%28Onikan%29_in_Lagos._Nigeria.jpg,https://upload.wikimedia.org/wikipedia/commons/f/f4/Tafa_Balewa_Square_%28Onikan%29_in_Lagos._Nigeria.jpg,,IST,71a705a7-4662-4be8-b215-6c2bae26831c,1,Turquia,Média,Pendente,,,,26 de maio de 2026
Diamond Premier Lounge (ダイヤモンド・プレミアラウンジ),"HND · Tóquio, Japão",,,10,"羽田空港3-3-2 (第1ターミナル 南ウイング), 大田区, 東京都, 144-0041",,"1+ foto, 3+ fotos, 5+ fotos, cartões aceitos, comodidades, dias da semana, horário, localização exata, tempo máx",,,,HND,750f67ee-668c-43be-b88d-ac92ee524a3a,0,Japão,Média,Pendente,,,https://www.jal.co.jp,26 de maio de 2026
ANA LOUNGE HND,"HND · Tóquio, Japão",,,20,"羽田空港3-4-2 (第2ターミナル 3F 本館北), 大田区, 東京都, 144-0041",,"3+ fotos, 5+ fotos, cartões aceitos, comodidades, dias da semana, horário, localização exata, tempo máx",https://upload.wikimedia.org/wikipedia/commons/7/7d/All_haneda.jpg,https://upload.wikimedia.org/wikipedia/commons/7/7d/All_haneda.jpg,,HND,7122f0a8-b83e-4b7c-b614-04a72fb23e74,1,Japão,Média,Pendente,,,http://www.ana.co.jp,26 de maio de 2026
Smoking Lounge,"KWI · Kuwait, Kuwait",,,10,,,"3+ fotos, 5+ fotos, cartões aceitos, comodidades, descrição, dias da semana, horário, localização exata, tempo máx",https://upload.wikimedia.org/wikipedia/commons/d/d0/Red_leaf_with_white_cross3.svg-removebg-preview_%281%29.png,https://upload.wikimedia.org/wikipedia/commons/d/d0/Red_leaf_with_white_cross3.svg-removebg-preview_%281%29.png,,KWI,a4810211-6b80-409c-8fcd-2dad5dd3a447,1,Kuwait,Média,Pendente,,,,26 de maio de 2026
Delta Sky Club JFK T4,"JFK · Nova York, Estados Unidos",SkyTeam Elite Plus,"Ar condicionado, Bar, Centro de negócios, Chuveiro, Comida, Vista, Wi-Fi",60,Embarque,,"3+ fotos, 5+ fotos, dias da semana, tempo máx",https://upload.wikimedia.org/wikipedia/commons/b/b9/JFK_Aerial_Nov_14_2018.jpg,https://upload.wikimedia.org/wikipedia/commons/b/b9/JFK_Aerial_Nov_14_2018.jpg,04:30-23:00,JFK,9f6e8349-8c13-4e19-b684-411eb3324d9e,1,Estados Unidos,Média,Pendente,,Terminal 4,,22 de maio de 2026
Power Lounge South,"HND · Tóquio, Japão",,,20,"羽田空港3-3-2 (第1ターミナル 南ウイング 2F), 大田区, 東京都, 144-0041",,"3+ fotos, 5+ fotos, cartões aceitos, comodidades, dias da semana, horário, localização exata, tempo máx",https://upload.wikimedia.org/wikipedia/commons/9/92/Washington_Dulles_International_Airport_at_Dusk.jpg,https://upload.wikimedia.org/wikipedia/commons/9/92/Washington_Dulles_International_Airport_at_Dusk.jpg,,HND,9767dc9c-5f7a-4b55-9a85-54f1b1db48b9,1,Japão,Média,Pendente,,,https://tokyo-haneda.com,26 de maio de 2026
British Airways Club Lounge,"LGW · Gatwick, Reino Unido",,,20,"South Terminal (LGW Airport), Crawley, West Sussex",,"3+ fotos, 5+ fotos, cartões aceitos, comodidades, dias da semana, horário, localização exata, tempo máx",https://upload.wikimedia.org/wikipedia/commons/8/8d/Athens_International_Airport_Eleftherios_Venizelos_%CE%94%CE%B9%CE%B5%CE%B8%CE%BD%CE%AE%CF%82_%CE%91%CE%B5%CF%81%CE%BF%CE%BB%CE%B9%CE%BC%CE%AD%CE%BD%CE%B1%CF%82_%CE%91%CE%B8%CE%B7%CE%BD%CF%8E%CE%BD_%CE%95%CE%BB%CE%B5%CF%85%CE%B8%CE%AD%CF%81%CE%B9%CE%BF%CF%82_%CE%92%CE%B5%CE%BD%CE%B9%CE%B6%CE%AD%CE%BB%CE%BF%CF%82_2019-12-01_i.jpg,https://upload.wikimedia.org/wikipedia/commons/8/8d/Athens_International_Airport_Eleftherios_Venizelos_%CE%94%CE%B9%CE%B5%CE%B8%CE%BD%CE%AE%CF%82_%CE%91%CE%B5%CF%81%CE%BF%CE%BB%CE%B9%CE%BC%CE%AD%CE%BD%CE%B1%CF%82_%CE%91%CE%B8%CE%B7%CE%BD%CF%8E%CE%BD_%CE%95%CE%BB%CE%B5%CF%85%CE%B8%CE%AD%CF%81%CE%B9%CE%BF%CF%82_%CE%92%CE%B5%CE%BD%CE%B9%CE%B6%CE%AD%CE%BB%CE%BF%CF%82_2019-12-01_i.jpg,,LGW,31a6fd8c-e9f8-4964-9b2c-6bcce642fcfe,1,Reino Unido,Média,Pendente,,,,26 de maio de 2026
Bayan Lounge,"KWI · Kuwait, Kuwait",,,20,"Kuwait International Airport (KWI Airport), Al Farwaniyah",,"3+ fotos, 5+ fotos, cartões aceitos, comodidades, dias da semana, horário, localização exata, tempo máx",https://upload.wikimedia.org/wikipedia/commons/1/1c/Crowd_panicking_after_the_2025_New_Orleans_truck_attack.webm,https://upload.wikimedia.org/wikipedia/commons/1/1c/Crowd_panicking_after_the_2025_New_Orleans_truck_attack.webm,,KWI,f79cf8fd-8da6-464c-b391-c703cc6fe3e9,1,Kuwait,Média,Pendente,,,,26 de maio de 2026
American Express Centurion Lounge JFK,"JFK · Nova York, Estados Unidos","Amex Centurion, Amex Platinum","Ar condicionado, Bar, Centro de negócios, Chuveiro, Comida, Vista, Wi-Fi",60,Embarque internacional,,"3+ fotos, 5+ fotos, dias da semana, tempo máx",https://upload.wikimedia.org/wikipedia/commons/7/70/American_Express_Centurion_Card_front.jpg,https://upload.wikimedia.org/wikipedia/commons/7/70/American_Express_Centurion_Card_front.jpg,05:00-23:00,JFK,c6474ba4-ea9d-459a-943c-4f7f9b326385,1,Estados Unidos,Média,Pendente,,Terminal 4,,22 de maio de 2026
Plaza Premium Lounge JED,"JED · King Abdulaziz, Arábia Saudita",,,20,جدة,,"3+ fotos, 5+ fotos, cartões aceitos, comodidades, dias da semana, horário, localização exata, tempo máx",https://upload.wikimedia.org/wikipedia/commons/1/1a/2024-12-08-00_00_2024-12-08-23_59_Sentinel-2_L2A_True_color_%281%29.jpg,https://upload.wikimedia.org/wikipedia/commons/1/1a/2024-12-08-00_00_2024-12-08-23_59_Sentinel-2_L2A_True_color_%281%29.jpg,,JED,0fb046c1-1db8-4d61-9ca8-6d497ecd9672,1,Arábia Saudita,Média,Pendente,,,,26 de maio de 2026
First Class Lounge JED,"JED · King Abdulaziz, Arábia Saudita",,,10,,,"3+ fotos, 5+ fotos, cartões aceitos, comodidades, descrição, dias da semana, horário, localização exata, tempo máx",https://upload.wikimedia.org/wikipedia/commons/7/73/Aminu_Kano_International_Airport_Kano.jpg,https://upload.wikimedia.org/wikipedia/commons/7/73/Aminu_Kano_International_Airport_Kano.jpg,,JED,734088ff-4726-415a-ada7-18095644e714,1,Arábia Saudita,Média,Pendente,,,,26 de maio de 2026
Mastercard Black Lounge GRU T2,"GRU · São Paulo, Brasil",Mastercard Airport Experiences,"Ar condicionado, Bar, Centro de negócios, Comida, Wi-Fi",50,"Embarque doméstico, exclusivo Mastercard Black/Platinum",,"1+ foto, 3+ fotos, 5+ fotos, dias da semana, tempo máx",,,05:00-23:00,GRU,c2733c36-1b00-4132-8576-011092bd259c,0,Brasil,Média,Pendente,,Terminal 2,,22 de maio de 2026
Wellcome Lounge JED,"JED · King Abdulaziz, Arábia Saudita",,,10,جدة 23635,,"1+ foto, 3+ fotos, 5+ fotos, cartões aceitos, comodidades, dias da semana, horário, localização exata, tempo máx",,,,JED,bbbd893f-b640-4f24-8aae-943b1636057d,0,Arábia Saudita,Média,Pendente,,,,26 de maio de 2026
Smoking Lounge KWI,"KWI · Kuwait, Kuwait",,,10,"Kuwait International Airport (KWI Airport), Al Farwaniyah",,"1+ foto, 3+ fotos, 5+ fotos, cartões aceitos, comodidades, dias da semana, horário, localização exata, tempo máx",,,,KWI,ea9f86ce-e066-4684-baba-45e0f4732b55,0,Kuwait,Média,Pendente,,,,26 de maio de 2026
VIP Lounge JED,"JED · King Abdulaziz, Arábia Saudita",,,20,"JED Airport, جدة",,"3+ fotos, 5+ fotos, cartões aceitos, comodidades, dias da semana, horário, localização exata, tempo máx",https://upload.wikimedia.org/wikipedia/commons/7/73/Aminu_Kano_International_Airport_Kano.jpg,https://upload.wikimedia.org/wikipedia/commons/7/73/Aminu_Kano_International_Airport_Kano.jpg,,JED,1bf3cc62-84db-4f1e-80b3-c4db9339fcf1,1,Arábia Saudita,Média,Pendente,,,,26 de maio de 2026
Dasman First Class Lounge,"KWI · Kuwait, Kuwait",,,10,"Kuwait International Airport (KWI Airport), Al Farwaniyah",,"1+ foto, 3+ fotos, 5+ fotos, cartões aceitos, comodidades, dias da semana, horário, localização exata, tempo máx",,,,KWI,e1fb3612-017a-419f-8109-de7e65d01fd3,0,Kuwait,Média,Pendente,,,,26 de maio de 2026
Club Aspire Lounge,"LGW · Gatwick, Reino Unido",,,20,"South Terminal (LGW Airport), Crawley",,"3+ fotos, 5+ fotos, cartões aceitos, comodidades, dias da semana, horário, localização exata, tempo máx",https://upload.wikimedia.org/wikipedia/commons/d/de/Sala_Dal%C3%AD_-_Rinc%C3%B3n_del_Vino_%285657319902%29.jpg,https://upload.wikimedia.org/wikipedia/commons/d/de/Sala_Dal%C3%AD_-_Rinc%C3%B3n_del_Vino_%285657319902%29.jpg,,LGW,eabf5337-9cf7-4378-b59a-c480b0dece5a,1,Reino Unido,Média,Pendente,,,,26 de maio de 2026
Transfer Lounge,"ICN · Seul, Coreia do Sul",,,20,"중구 제2터미널대로 446, 중구, 인천광역시",,"3+ fotos, 5+ fotos, cartões aceitos, comodidades, dias da semana, horário, localização exata, tempo máx",https://upload.wikimedia.org/wikipedia/commons/9/91/Mexico_monterrey_airport_6.jpg,https://upload.wikimedia.org/wikipedia/commons/9/91/Mexico_monterrey_airport_6.jpg,,ICN,14b5e1d9-bec5-4c9e-b267-37537e0e5789,1,Coreia do Sul,Média,Pendente,,,,26 de maio de 2026
Plaza Premium Lounge KUL Satellite,"KUL · Kuala Lumpur, Malásia",,,10,"Level 2, Satellite Building, Kuala Lumpur International Airport (near Gate C11-17), 64000 Sepang, Selangor",,"1+ foto, 3+ fotos, 5+ fotos, cartões aceitos, comodidades, dias da semana, horário, localização exata, tempo máx",,,,KUL,c2d83dae-bc02-427b-9237-654a32bcbb37,0,Malásia,Média,Pendente,,,https://www.plazapremiumlounge.com,26 de maio de 2026
Master Card Lounge KWI,"KWI · Kuwait, Kuwait",,,10,"Kuwait International Airport (KWI Airport), Al Farwaniyah",,"1+ foto, 3+ fotos, 5+ fotos, cartões aceitos, comodidades, dias da semana, horário, localização exata, tempo máx",,,,KWI,50587e28-efc5-4d45-90d0-5ae090b6279a,0,Kuwait,Média,Pendente,,,,26 de maio de 2026
American Express Centurion Lounge LHR T3,"LHR · Londres, Reino Unido","Amex Centurion, Amex Platinum","Ar condicionado, Bar, Centro de negócios, Chuveiro, Comida, Wi-Fi",50,Embarque,,"1+ foto, 3+ fotos, 5+ fotos, dias da semana, tempo máx",,,05:00-22:00,LHR,a871af9b-43d0-48e5-9254-2115875b191b,0,Reino Unido,Média,Pendente,,Terminal 3,,22 de maio de 2026
Lumo Area @ Finnair Schengen Lounge,"HEL · Helsinki, Finlândia",,,10,"Helsinki Airport (HEL Airport), 01530 Vantaa",,"1+ foto, 3+ fotos, 5+ fotos, cartões aceitos, comodidades, dias da semana, horário, localização exata, tempo máx",,,,HEL,f0030d39-ddab-4b3c-96b6-969cad54e12d,0,Finlândia,Média,Pendente,,,,26 de maio de 2026
GVIP Lounge (المكتب التنفيذي),"JED · King Abdulaziz, Arábia Saudita",,,10,"South Terminal (JED Airport), جدة 21455",,"1+ foto, 3+ fotos, 5+ fotos, cartões aceitos, comodidades, dias da semana, horário, localização exata, tempo máx",,,,JED,208bcef1-ab45-4ab5-aa9c-d71d4dfb7f0d,0,Arábia Saudita,Média,Pendente,,,http://www.meeza.com.sa,26 de maio de 2026
British Airways Galleries First LHR T5,"LHR · Londres, Reino Unido",OneWorld Emerald,"Ar condicionado, Bar, Centro de negócios, Chuveiro, Comida, Vista, Wi-Fi",50,Embarque primeira classe,,"1+ foto, 3+ fotos, 5+ fotos, dias da semana, tempo máx",,,05:00-22:00,LHR,fe9fabb0-c17b-44ab-a734-cfc1268d71c1,0,Reino Unido,Média,Pendente,,Terminal 5,,22 de maio de 2026
OP Lounge,"HEL · Helsinki, Finlândia",,,20,"Helsinki Airport (HEL Airport), 01530 Vantaa",,"3+ fotos, 5+ fotos, cartões aceitos, comodidades, dias da semana, horário, localização exata, tempo máx",https://upload.wikimedia.org/wikipedia/commons/4/40/Site_of_the_UpStairs_Lounge%2C_2019.jpg,https://upload.wikimedia.org/wikipedia/commons/4/40/Site_of_the_UpStairs_Lounge%2C_2019.jpg,,HEL,c7ed1483-a79b-48ba-8366-2634d2110d8c,1,Finlândia,Média,Pendente,,,,26 de maio de 2026
SkyHub Lounge ICN,"ICN · Seul, Coreia do Sul",,,20,"중구 공항로 272 탑승동 4층 동편 (인천공항탑승동), 인천광역시, 인천광역시",,"3+ fotos, 5+ fotos, cartões aceitos, comodidades, dias da semana, horário, localização exata, tempo máx",https://upload.wikimedia.org/wikipedia/commons/b/bc/%EC%9D%B8%EC%B2%9C%EA%B5%AD%EC%A0%9C%EA%B3%B5%ED%95%AD_%281472%29.jpeg,https://upload.wikimedia.org/wikipedia/commons/b/bc/%EC%9D%B8%EC%B2%9C%EA%B5%AD%EC%A0%9C%EA%B3%B5%ED%95%AD_%281472%29.jpeg,,ICN,86940b5f-c13e-4495-b496-c86d102e8545,1,Coreia do Sul,Média,Pendente,,,,26 de maio de 2026
Sala VIP GRU Lounge (Plaza Premium) T2 Internacional,"GRU · São Paulo, Brasil","DragonPass, Mastercard Airport Experiences, Plaza Premium, Visa Airport Companion","Ar condicionado, Bar, Centro de negócios, Chuveiro, Comida, Vista, Wi-Fi",50,"Após emigração, embarque internacional",,"1+ foto, 3+ fotos, 5+ fotos, dias da semana, tempo máx",,,24h,GRU,28c42a13-9676-466b-87f3-27a9268dc0ff,0,Brasil,Média,Pendente,,Terminal 2,,22 de maio de 2026
Alfursan Lounge (صالة الفرسان),"JED · King Abdulaziz, Arábia Saudita",,,10,"صالة 1, جدة",,"1+ foto, 3+ fotos, 5+ fotos, cartões aceitos, comodidades, dias da semana, horário, localização exata, tempo máx",,,,JED,62cb39d6-bf17-4d74-86f6-001627d930b3,0,Arábia Saudita,Média,Pendente,,,,26 de maio de 2026
British Airways Galleries Club LHR T5,"LHR · Londres, Reino Unido","OneWorld Emerald, OneWorld Sapphire","Ar condicionado, Bar, Centro de negócios, Chuveiro, Comida, Wi-Fi",50,Embarque Business,,"1+ foto, 3+ fotos, 5+ fotos, dias da semana, tempo máx",,,04:30-23:00,LHR,b84142d9-38c5-4b53-a068-3745e2fc8f53,0,Reino Unido,Média,Pendente,,Terminal 5,,22 de maio de 2026
ANA SUITE LOUNGE HND,"HND · Tóquio, Japão",,,10,"羽田空港3-4-2 (第2ターミナル 4F), 大田区, 東京都, 144-0041",,"1+ foto, 3+ fotos, 5+ fotos, cartões aceitos, comodidades, dias da semana, horário, localização exata, tempo máx",,,,HND,e33a32ee-7ea9-4575-8a72-f95d0c4adbd7,0,Japão,Média,Pendente,,,http://www.ana.co.jp,26 de maio de 2026
Sala VIP TudoAzul Diamante GRU,"GRU · São Paulo, Brasil",Tudoazul Diamante,"Ar condicionado, Bar, Comida, Wi-Fi",50,Embarque doméstico T2,,"1+ foto, 3+ fotos, 5+ fotos, dias da semana, tempo máx",,,05:00-23:00,GRU,c424eb3a-2334-4090-95ce-924cd3b0d579,0,Brasil,Média,Pendente,,Terminal 2,,22 de maio de 2026
No1 Lounge,"LGW · Gatwick, Reino Unido",,,20,"South Terminal (LGW Airport), Crawley, West Sussex, RH6 0NP",,"3+ fotos, 5+ fotos, cartões aceitos, comodidades, dias da semana, horário, localização exata, tempo máx",https://upload.wikimedia.org/wikipedia/commons/5/59/Cameron.jpg,https://upload.wikimedia.org/wikipedia/commons/5/59/Cameron.jpg,,LGW,3bb8d7e9-21ac-498d-8cf4-070cc7c0708e,1,Reino Unido,Média,Pendente,,,http://www.no1lounges.com/gatwick/,26 de maio de 2026
MAS Golden Lounge - Domestic,"KUL · Kuala Lumpur, Malásia",,,20,"Kuala Lumpur International Airport (KUL) (KUL Airport), 43900 Sepang, Selangor",,"3+ fotos, 5+ fotos, cartões aceitos, comodidades, dias da semana, horário, localização exata, tempo máx",https://upload.wikimedia.org/wikipedia/commons/c/c2/Aerial_photograph_of_Malaysia_on_15_January_2026_-_02.jpg,https://upload.wikimedia.org/wikipedia/commons/c/c2/Aerial_photograph_of_Malaysia_on_15_January_2026_-_02.jpg,,KUL,8af7e09e-c353-4a32-acd2-a60a868c4739,1,Malásia,Média,Pendente,,,http://www.malaysiaairlines.com,26 de maio de 2026
Master Card Lounge (قاعة ماستر كارد),"KWI · Kuwait, Kuwait",,,10,Kuwait International Airport,,"1+ foto, 3+ fotos, 5+ fotos, cartões aceitos, comodidades, dias da semana, horário, localização exata, tempo máx",,,,KWI,0f2015f3-80ac-443a-b74e-4c45f03c28f2,0,Kuwait,Média,Pendente,,,,26 de maio de 2026
Finnair Business Lounge (Non-Schengen),"HEL · Helsinki, Finlândia",,,20,"Helsinki Airport (HEL Airport), 01530 Vantaa",,"3+ fotos, 5+ fotos, cartões aceitos, comodidades, dias da semana, horário, localização exata, tempo máx",https://upload.wikimedia.org/wikipedia/commons/7/76/Helsinki-Vantaa_airport.jpg,https://upload.wikimedia.org/wikipedia/commons/7/76/Helsinki-Vantaa_airport.jpg,,HEL,39f124a5-6a49-41f5-b9d8-87f6f1447e73,1,Finlândia,Média,Pendente,,,http://www.finnair.com,26 de maio de 2026
Sky Hub Lounge East,"ICN · Seul, Coreia do Sul",,,20,"중구 공항로 272 (인천국제공항 4F), 인천광역시, 인천광역시",,"3+ fotos, 5+ fotos, cartões aceitos, comodidades, dias da semana, horário, localização exata, tempo máx",https://upload.wikimedia.org/wikipedia/commons/9/91/Mexico_monterrey_airport_6.jpg,https://upload.wikimedia.org/wikipedia/commons/9/91/Mexico_monterrey_airport_6.jpg,,ICN,0478e884-692f-4bcc-9124-364b0647fdf0,1,Coreia do Sul,Média,Pendente,,,,26 de maio de 2026
Living Heineken (HNK) GRU T2,"GRU · São Paulo, Brasil","DragonPass, Heineken Voucher, LoungeKey, Priority Pass, Visa Airport Companion","Ar condicionado, Bar, Comida, Wi-Fi",50,"Área de embarque doméstico, próximo ao portão | Voucher: Voucher de consumo via Visa Companion / Priority Pass",,"1+ foto, 3+ fotos, 5+ fotos, dias da semana, tempo máx",,,05:00-23:00,GRU,e5082975-b5be-4243-862b-cdb6682f5f00,0,Brasil,Média,Pendente,,Terminal 2,,22 de maio de 2026
Plaza Premium Lounge (East Hall),"HKG · Hong Kong, Hong Kong",,,20,"Terminal 1, near Gate 1 (HKG Airport)",,"3+ fotos, 5+ fotos, cartões aceitos, comodidades, dias da semana, horário, localização exata, tempo máx",https://upload.wikimedia.org/wikipedia/commons/8/8e/YinChuan_airport.jpg,https://upload.wikimedia.org/wikipedia/commons/8/8e/YinChuan_airport.jpg,,HKG,e11d6b08-7382-4c9c-a169-5b6e3e9ea35a,1,Hong Kong,Média,Pendente,,,http://www.plaza-network.com,26 de maio de 2026
VIP Lounge (귀빈실),"ICN · Seul, Coreia do Sul",,,10,"인천광역시, 22382",,"1+ foto, 3+ fotos, 5+ fotos, cartões aceitos, comodidades, dias da semana, horário, localização exata, tempo máx",,,,ICN,2346f1bb-b4dc-4d8a-96bd-220ef3bd91c2,0,Coreia do Sul,Média,Pendente,,,,26 de maio de 2026
Pearl Lounge KWI,"KWI · Kuwait, Kuwait",,,10,"Kuwait International Airport (KWI Airport), Al Farwaniyah",,"1+ foto, 3+ fotos, 5+ fotos, cartões aceitos, comodidades, dias da semana, horário, localização exata, tempo máx",,,,KWI,3925c0ac-d30a-454c-9c09-95abab26e298,0,Kuwait,Média,Pendente,,,,26 de maio de 2026
Ambaar Club,"FOR · Fortaleza, Brasil",,,20,"Fortaleza, CE, 60741-900",,"3+ fotos, 5+ fotos, cartões aceitos, comodidades, dias da semana, horário, localização exata, tempo máx",https://upload.wikimedia.org/wikipedia/commons/e/e9/Mrinal_Kulkarni_snapped_at_the_press_meet_for_movie_on_Baba_Amte_08.jpg,https://upload.wikimedia.org/wikipedia/commons/e/e9/Mrinal_Kulkarni_snapped_at_the_press_meet_for_movie_on_Baba_Amte_08.jpg,,FOR,58098d70-13cc-4c92-a839-341097aea570,1,Brasil,Média,Pendente,,,,26 de maio de 2026
Lufthansa Senator Lounge FRA Z,"FRA · Frankfurt, Alemanha",Star Alliance Gold,"Ar condicionado, Bar, Centro de negócios, Chuveiro, Comida, Vista, Wi-Fi",50,Embarque non-Schengen,,"1+ foto, 3+ fotos, 5+ fotos, dias da semana, tempo máx",,,05:00-23:00,FRA,d40a41d4-d28f-4ae0-b364-6eef2bac863d,0,Alemanha,Média,Pendente,,Terminal 1 Z,,22 de maio de 2026
Escape Lounges,"EDI · Edimburgo, Reino Unido",,,20,"Edinburgh Airport (EDI Airport), Edinburgh, Scotland, EH12 9DN",,"3+ fotos, 5+ fotos, cartões aceitos, comodidades, dias da semana, horário, localização exata, tempo máx",https://upload.wikimedia.org/wikipedia/commons/d/d9/Michael_Jackson_1984_%28cropped%29.jpg,https://upload.wikimedia.org/wikipedia/commons/d/d9/Michael_Jackson_1984_%28cropped%29.jpg,,EDI,3caea2a0-2170-4aa1-9823-ae72e351f719,1,Reino Unido,Média,Pendente,,,http://www.escapelounges.com/,26 de maio de 2026
Terral Táxi Aéreo,"FOR · Fortaleza, Brasil",,,10,"Fortaleza, CE",,"1+ foto, 3+ fotos, 5+ fotos, cartões aceitos, comodidades, dias da semana, horário, localização exata, tempo máx",,,,FOR,4215c75e-71fd-42dd-8420-a809920e0b1b,0,Brasil,Média,Pendente,,,,26 de maio de 2026
Plaza Premium Lounge,"FCO · Roma, Itália",,,20,"Terminal 1 (FCO Airport), 00054 Fiumicino Lazio",,"3+ fotos, 5+ fotos, cartões aceitos, comodidades, dias da semana, horário, localização exata, tempo máx",https://upload.wikimedia.org/wikipedia/commons/d/de/Sala_Dal%C3%AD_-_Rinc%C3%B3n_del_Vino_%285657319902%29.jpg,https://upload.wikimedia.org/wikipedia/commons/d/de/Sala_Dal%C3%AD_-_Rinc%C3%B3n_del_Vino_%285657319902%29.jpg,,FCO,22c1c95d-806e-4729-b4f0-56e22ffbfbbf,1,Itália,Média,Pendente,,,https://www.plazapremiumlounge.com/en-uk/find/europe/italy/rome/leonardo-da-vinci-fiumicino-airport/schengen-area-departures-terminal-one,26 de maio de 2026
Lufthansa First Class Terminal FRA,"FRA · Frankfurt, Alemanha",Star Alliance Gold,"Ar condicionado, Bar, Centro de negócios, Chuveiro, Comida, Vista, Wi-Fi",60,Terminal exclusivo First Class Lufthansa,,"3+ fotos, 5+ fotos, dias da semana, tempo máx",https://upload.wikimedia.org/wikipedia/commons/f/fc/Copenhagen_airport_from_air.jpg,https://upload.wikimedia.org/wikipedia/commons/f/fc/Copenhagen_airport_from_air.jpg,05:00-22:00,FRA,d853a66a-8c41-4825-a1bc-d0a1ed5ac4ec,1,Alemanha,Média,Pendente,,First Class Terminal,,22 de maio de 2026
AeroMexico SkyTeam Lounge GRU,"GRU · São Paulo, Brasil",SkyTeam Elite Plus,"Ar condicionado, Bar, Centro de negócios, Chuveiro, Comida, Wi-Fi",60,Embarque internacional SkyTeam,,"3+ fotos, 5+ fotos, dias da semana, tempo máx",https://upload.wikimedia.org/wikipedia/commons/b/b3/Airbus_A330-243%2C_Mexicana_JP6680974.jpg,https://upload.wikimedia.org/wikipedia/commons/b/b3/Airbus_A330-243%2C_Mexicana_JP6680974.jpg,17:00-23:00,GRU,925f8d03-e976-4130-8321-182249ea1854,1,Brasil,Média,Pendente,,Terminal 3,,22 de maio de 2026
Sala VIP Smiles Diamante GIG,"GIG · Rio de Janeiro, Brasil",Smiles Diamante,"Ar condicionado, Bar, Comida, Wi-Fi",50,Embarque doméstico,,"1+ foto, 3+ fotos, 5+ fotos, dias da semana, tempo máx",,,05:00-22:00,GIG,654ef70e-9ab6-487e-a432-36c7c47f87eb,0,Brasil,Média,Pendente,,Terminal 2,,22 de maio de 2026
Lufthansa Business Lounge FRA B,"FRA · Frankfurt, Alemanha",Star Alliance Gold,"Ar condicionado, Bar, Centro de negócios, Comida, Wi-Fi",60,Embarque Schengen,,"3+ fotos, 5+ fotos, dias da semana, tempo máx",https://upload.wikimedia.org/wikipedia/commons/0/0d/Franz_Josef_Strauss_International_Airport_%28Munich%29.jpg,https://upload.wikimedia.org/wikipedia/commons/0/0d/Franz_Josef_Strauss_International_Airport_%28Munich%29.jpg,05:30-21:30,FRA,4d0f6252-d907-429a-89cc-bfed9d7818a5,1,Alemanha,Média,Pendente,,Terminal 1 B,,22 de maio de 2026
LATAM VIP Lounge EZE,"EZE · Buenos Aires, Argentina","Latampass Black, OneWorld Emerald, OneWorld Sapphire","Ar condicionado, Bar, Centro de negócios, Chuveiro, Comida, Wi-Fi",50,Embarque LATAM,,"1+ foto, 3+ fotos, 5+ fotos, dias da semana, tempo máx",,,05:00-23:00,EZE,78434ca7-f446-4e28-8f95-287f8c5dd414,0,Argentina,Média,Pendente,,Terminal A,,22 de maio de 2026
Plaza Premium Lounge (Non-Schengen),"FCO · Roma, Itália",,,20,"Terminal 3, near Gate E1 (FCO Airport), 00054 Fiumicino Lazio",,"3+ fotos, 5+ fotos, cartões aceitos, comodidades, dias da semana, horário, localização exata, tempo máx",https://upload.wikimedia.org/wikipedia/commons/7/76/Helsinki-Vantaa_airport.jpg,https://upload.wikimedia.org/wikipedia/commons/7/76/Helsinki-Vantaa_airport.jpg,,FCO,705aeb8c-fb8c-4f65-9ba8-383b476f3a3e,1,Itália,Média,Pendente,,,https://www.plazapremiumlounge.com/en-uk/find/europe/italy/rome/leonardo-da-vinci-fiumicino-airport,26 de maio de 2026
Plaza Premium Lounge,"DXB · Dubai, Emirados Árabes Unidos",,,20,"Terminal 3, Concourse A (DXB Airport), دبي",,"3+ fotos, 5+ fotos, cartões aceitos, comodidades, dias da semana, horário, localização exata, tempo máx",https://upload.wikimedia.org/wikipedia/commons/d/d4/SVPI_Airport%2C_Ahmedabad.jpg,https://upload.wikimedia.org/wikipedia/commons/d/d4/SVPI_Airport%2C_Ahmedabad.jpg,,DXB,8b7e5c58-56c3-4668-9bf3-9bb054f38362,1,Emirados Árabes Unidos,Média,Pendente,,,https://www.plazapremiumlounge.com,26 de maio de 2026
Mastercard Black Lounge GIG,"GIG · Rio de Janeiro, Brasil",Mastercard Airport Experiences,"Ar condicionado, Bar, Centro de negócios, Comida, Wi-Fi",60,"Embarque doméstico, exclusivo Mastercard Black/Platinum",,"3+ fotos, 5+ fotos, dias da semana, tempo máx",https://upload.wikimedia.org/wikipedia/commons/6/66/Dua_Lipa-69798_%28cropped%29.jpg,https://upload.wikimedia.org/wikipedia/commons/6/66/Dua_Lipa-69798_%28cropped%29.jpg,05:00-22:00,GIG,fe0153c3-8ff7-494b-814a-ae6b701d6e2d,1,Brasil,Média,Pendente,,Terminal 2,,22 de maio de 2026
ITA Hangar Lounge,"FCO · Roma, Itália",,,20,"Terminal 1 (FCO Airport), 00054 Fiumicino Lazio",,"3+ fotos, 5+ fotos, cartões aceitos, comodidades, dias da semana, horário, localização exata, tempo máx",https://upload.wikimedia.org/wikipedia/commons/9/92/Washington_Dulles_International_Airport_at_Dusk.jpg,https://upload.wikimedia.org/wikipedia/commons/9/92/Washington_Dulles_International_Airport_at_Dusk.jpg,,FCO,033cdc71-e7e2-42de-b431-810ea492787f,1,Itália,Média,Pendente,,,https://www.ita-airways.com/en_us/fly-ita/additional-services/extra/lounges/hangar-lounge.html,26 de maio de 2026
Aspire Lounge,"EDI · Edimburgo, Reino Unido",,,20,"Edinburgh Airport (EDI Airport), Edinburgh, Scotland",,"3+ fotos, 5+ fotos, cartões aceitos, comodidades, dias da semana, horário, localização exata, tempo máx",https://upload.wikimedia.org/wikipedia/commons/d/d9/Michael_Jackson_1984_%28cropped%29.jpg,https://upload.wikimedia.org/wikipedia/commons/d/d9/Michael_Jackson_1984_%28cropped%29.jpg,,EDI,095ae7ea-65af-4ec2-bc6b-c7793646aa1e,1,Reino Unido,Média,Pendente,,,,26 de maio de 2026
Departure Lounge,"EDI · Edimburgo, Reino Unido",,,10,,,"3+ fotos, 5+ fotos, cartões aceitos, comodidades, descrição, dias da semana, horário, localização exata, tempo máx",https://upload.wikimedia.org/wikipedia/commons/e/ed/T2Dublin_Airport-doyler79.jpg,https://upload.wikimedia.org/wikipedia/commons/e/ed/T2Dublin_Airport-doyler79.jpg,,EDI,e4e61e2e-aa0b-4052-8d29-cce62e00e808,1,Reino Unido,Média,Pendente,,,,26 de maio de 2026
Arrival Lounge,"FOR · Fortaleza, Brasil",,,20,"Fortaleza, CE, 60741-900",,"3+ fotos, 5+ fotos, cartões aceitos, comodidades, dias da semana, horário, localização exata, tempo máx",https://upload.wikimedia.org/wikipedia/commons/d/de/Sala_Dal%C3%AD_-_Rinc%C3%B3n_del_Vino_%285657319902%29.jpg,https://upload.wikimedia.org/wikipedia/commons/d/de/Sala_Dal%C3%AD_-_Rinc%C3%B3n_del_Vino_%285657319902%29.jpg,,FOR,413253b6-faef-4c0e-8b72-4cb6f0745a52,1,Brasil,Média,Pendente,,,,26 de maio de 2026
Plaza Premium Lounge GIG T2 Arrivals,"GIG · Rio de Janeiro, Brasil","LoungeKey, Plaza Premium, Priority Pass","Ar condicionado, Bar, Chuveiro, Comida, Wi-Fi",50,Área de desembarque internacional,,"1+ foto, 3+ fotos, 5+ fotos, dias da semana, tempo máx",,,05:00-23:00,GIG,db359352-93c4-448d-aac3-11b6ef28bb27,0,Brasil,Média,Pendente,,Terminal 2,,22 de maio de 2026
Visa Infinite Lounge GIG,"GIG · Rio de Janeiro, Brasil",Visa Infinite Privilege,"Ar condicionado, Bar, Centro de negócios, Chuveiro, Comida, Wi-Fi",60,"Embarque internacional, lounge exclusivo Visa Infinite",,"3+ fotos, 5+ fotos, dias da semana, tempo máx",https://upload.wikimedia.org/wikipedia/commons/4/46/15portrait.jpg,https://upload.wikimedia.org/wikipedia/commons/4/46/15portrait.jpg,05:00-23:00,GIG,c9adcd76-a7c5-40df-b2f2-ccf4c5a4e0d7,1,Brasil,Média,Pendente,,Terminal 2,,22 de maio de 2026
Plaza Premium Lounge GIG T2 Internacional,"GIG · Rio de Janeiro, Brasil","DragonPass, LoungeKey, Plaza Premium, Priority Pass, Visa Airport Companion","Ar condicionado, Bar, Centro de negócios, Chuveiro, Comida, Wi-Fi",50,Embarque internacional T2,,"1+ foto, 3+ fotos, 5+ fotos, dias da semana, tempo máx",,,24h,GIG,82662981-f33c-4eda-8b74-1400dff3dbe4,0,Brasil,Média,Pendente,,Terminal 2,,22 de maio de 2026
Lider Aviação,"FOR · Fortaleza, Brasil",,,10,,,"3+ fotos, 5+ fotos, cartões aceitos, comodidades, descrição, dias da semana, horário, localização exata, tempo máx",https://upload.wikimedia.org/wikipedia/commons/e/e1/S92_G-IACF_IMG_7005_%28cropped%29.jpg,https://upload.wikimedia.org/wikipedia/commons/e/e1/S92_G-IACF_IMG_7005_%28cropped%29.jpg,,FOR,98bef64e-3107-4092-b564-4201ea49b494,1,Brasil,Média,Pendente,,,,26 de maio de 2026
Lufthansa Business Lounge FRA Z,"FRA · Frankfurt, Alemanha",Star Alliance Gold,"Ar condicionado, Bar, Centro de negócios, Chuveiro, Comida, Wi-Fi",60,Embarque non-Schengen Business,,"3+ fotos, 5+ fotos, dias da semana, tempo máx",https://upload.wikimedia.org/wikipedia/commons/0/0d/Franz_Josef_Strauss_International_Airport_%28Munich%29.jpg,https://upload.wikimedia.org/wikipedia/commons/0/0d/Franz_Josef_Strauss_International_Airport_%28Munich%29.jpg,05:00-23:00,FRA,79fb6432-df1e-4d1e-be55-3b5dad004329,1,Alemanha,Média,Pendente,,Terminal 1 Z,,22 de maio de 2026
The Cigar Lounge,"DXB · Dubai, Emirados Árabes Unidos",,,20,"Terminal 3, Concourse A (DXB Airport), Dubai",,"3+ fotos, 5+ fotos, cartões aceitos, comodidades, dias da semana, horário, localização exata, tempo máx",https://upload.wikimedia.org/wikipedia/commons/d/de/Sala_Dal%C3%AD_-_Rinc%C3%B3n_del_Vino_%285657319902%29.jpg,https://upload.wikimedia.org/wikipedia/commons/d/de/Sala_Dal%C3%AD_-_Rinc%C3%B3n_del_Vino_%285657319902%29.jpg,,DXB,855e42c7-0e3b-4cd4-b610-00d58bff1bcc,1,Emirados Árabes Unidos,Média,Pendente,,,,26 de maio de 2026
Avianca Lounge GRU,"GRU · São Paulo, Brasil","Priority Pass, Star Alliance Gold","Ar condicionado, Bar, Centro de negócios, Chuveiro, Comida, Wi-Fi",60,Embarque internacional,,"3+ fotos, 5+ fotos, dias da semana, tempo máx",https://upload.wikimedia.org/wikipedia/commons/e/e1/Sao_paulo_airport_terminal_3.jpg,https://upload.wikimedia.org/wikipedia/commons/e/e1/Sao_paulo_airport_terminal_3.jpg,05:00-23:00,GRU,65f5b259-75ba-45ca-a16f-0e3498ec18ee,1,Brasil,Média,Pendente,,Terminal 3,,22 de maio de 2026
Plaza Premium Lounge DXB,"DXB · Dubai, Emirados Árabes Unidos",,,20,"Terminal 3, near Gate C25 (DXB Airport), Dubai",,"3+ fotos, 5+ fotos, cartões aceitos, comodidades, dias da semana, horário, localização exata, tempo máx",https://upload.wikimedia.org/wikipedia/commons/d/d4/SVPI_Airport%2C_Ahmedabad.jpg,https://upload.wikimedia.org/wikipedia/commons/d/d4/SVPI_Airport%2C_Ahmedabad.jpg,,DXB,99e83dbd-0692-404b-ba87-b11512efa699,1,Emirados Árabes Unidos,Média,Pendente,,,https://www.plazapremiumlounge.com,26 de maio de 2026
American Express Lounge EZE,"EZE · Buenos Aires, Argentina",Amex Platinum,"Ar condicionado, Bar, Comida, Wi-Fi",60,Embarque,,"3+ fotos, 5+ fotos, dias da semana, tempo máx",https://upload.wikimedia.org/wikipedia/commons/d/de/38461-CC-BGG-B7879-MAD-4%2723.jpg,https://upload.wikimedia.org/wikipedia/commons/d/de/38461-CC-BGG-B7879-MAD-4%2723.jpg,05:00-23:00,EZE,6b425f4b-097e-452e-9f8c-6a2206b6bf70,1,Argentina,Média,Pendente,,Terminal A,,22 de maio de 2026
Salones VIP Club EZE,"EZE · Buenos Aires, Argentina","DragonPass, LoungeKey, Priority Pass, Visa Airport Companion","Ar condicionado, Bar, Centro de negócios, Chuveiro, Comida, Wi-Fi",50,Embarque internacional,,"1+ foto, 3+ fotos, 5+ fotos, dias da semana, tempo máx",,,05:00-23:00,EZE,49b401a3-80e2-49d6-b4cd-be3f33558c1c,0,Argentina,Média,Pendente,,Terminal A,,22 de maio de 2026
The Emirates Lounge,"FCO · Roma, Itália",,,20,"Terminal 3, near Gate E21 (FCO Airport), 00054 Fiumicino Lazio",,"3+ fotos, 5+ fotos, cartões aceitos, comodidades, dias da semana, horário, localização exata, tempo máx",https://upload.wikimedia.org/wikipedia/commons/8/8d/Athens_International_Airport_Eleftherios_Venizelos_%CE%94%CE%B9%CE%B5%CE%B8%CE%BD%CE%AE%CF%82_%CE%91%CE%B5%CF%81%CE%BF%CE%BB%CE%B9%CE%BC%CE%AD%CE%BD%CE%B1%CF%82_%CE%91%CE%B8%CE%B7%CE%BD%CF%8E%CE%BD_%CE%95%CE%BB%CE%B5%CF%85%CE%B8%CE%AD%CF%81%CE%B9%CE%BF%CF%82_%CE%92%CE%B5%CE%BD%CE%B9%CE%B6%CE%AD%CE%BB%CE%BF%CF%82_2019-12-01_i.jpg,https://upload.wikimedia.org/wikipedia/commons/8/8d/Athens_International_Airport_Eleftherios_Venizelos_%CE%94%CE%B9%CE%B5%CE%B8%CE%BD%CE%AE%CF%82_%CE%91%CE%B5%CF%81%CE%BF%CE%BB%CE%B9%CE%BC%CE%AD%CE%BD%CE%B1%CF%82_%CE%91%CE%B8%CE%B7%CE%BD%CF%8E%CE%BD_%CE%95%CE%BB%CE%B5%CF%85%CE%B8%CE%AD%CF%81%CE%B9%CE%BF%CF%82_%CE%92%CE%B5%CE%BD%CE%B9%CE%B6%CE%AD%CE%BB%CE%BF%CF%82_2019-12-01_i.jpg,,FCO,77d7800d-6146-40d7-b939-e2cc0f085a26,1,Itália,Média,Pendente,,,https://www.emirates.com,26 de maio de 2026
Smoking Lounge,"FCO · Roma, Itália",,,20,"Terminal 3, near Gate E38 (FCO Airport), 00054 Fiumicino Lazio",,"3+ fotos, 5+ fotos, cartões aceitos, comodidades, dias da semana, horário, localização exata, tempo máx",https://upload.wikimedia.org/wikipedia/commons/8/8b/HMS_Broadsword_and_Hermes%2C_1982_%28IWM%29.jpg,https://upload.wikimedia.org/wikipedia/commons/8/8b/HMS_Broadsword_and_Hermes%2C_1982_%28IWM%29.jpg,,FCO,e4e53c45-a179-4f16-b062-f7e9b3f13983,1,Itália,Média,Pendente,,,,26 de maio de 2026
Living Heineken (HNK) GIG,"GIG · Rio de Janeiro, Brasil","DragonPass, Heineken Voucher, LoungeKey, Priority Pass, Visa Airport Companion","Ar condicionado, Bar, Comida, Wi-Fi",50,Embarque T2 | Voucher: Voucher de consumo,,"1+ foto, 3+ fotos, 5+ fotos, dias da semana, tempo máx",,,05:00-23:00,GIG,8decca45-2a69-4e42-aa1c-7e827c3d58d8,0,Brasil,Média,Pendente,,Terminal 2,,22 de maio de 2026
BA Galleries Lounge,"EDI · Edimburgo, Reino Unido",,,10,,,"3+ fotos, 5+ fotos, cartões aceitos, comodidades, descrição, dias da semana, horário, localização exata, tempo máx",https://upload.wikimedia.org/wikipedia/commons/9/92/Washington_Dulles_International_Airport_at_Dusk.jpg,https://upload.wikimedia.org/wikipedia/commons/9/92/Washington_Dulles_International_Airport_at_Dusk.jpg,,EDI,d99916be-65c9-40a7-90e9-6a6b65f18068,1,Reino Unido,Média,Pendente,,,,26 de maio de 2026
American Express The Centurion Lounge GRU,"GRU · São Paulo, Brasil","Amex Centurion, Amex Platinum","Ar condicionado, Bar, Centro de negócios, Chuveiro, Comida, Vista, Wi-Fi",60,"Embarque internacional T3, próximo ao portão 309",,"3+ fotos, 5+ fotos, dias da semana, tempo máx",https://upload.wikimedia.org/wikipedia/commons/d/d4/Aeroporto_de_Campinas.jpg,https://upload.wikimedia.org/wikipedia/commons/d/d4/Aeroporto_de_Campinas.jpg,05:00-23:00,GRU,75ff41e5-a0af-4cec-8862-4332a44182e7,1,Brasil,Média,Pendente,,Terminal 3,,22 de maio de 2026
Prima Vista Portus Lounge (Gates E),"FCO · Roma, Itália",,,10,"Terminal 3 (FCO Airport), 00054 Fiumicino Lazio",,"1+ foto, 3+ fotos, 5+ fotos, cartões aceitos, comodidades, dias da semana, horário, localização exata, tempo máx",,,,FCO,c071a861-ddc1-4881-9aee-1559dbc42a9d,0,Itália,Média,Pendente,,,,26 de maio de 2026
Emirates Lounge GRU,"GRU · São Paulo, Brasil",SkyTeam Elite Plus,"Ar condicionado, Bar, Centro de negócios, Chuveiro, Comida, Wi-Fi",60,Embarque internacional T3,,"3+ fotos, 5+ fotos, dias da semana, tempo máx",https://upload.wikimedia.org/wikipedia/commons/e/e1/Sao_paulo_airport_terminal_3.jpg,https://upload.wikimedia.org/wikipedia/commons/e/e1/Sao_paulo_airport_terminal_3.jpg,17:00-23:00,GRU,31c98411-bcc0-44c5-b044-a1d95cbc9c7e,1,Brasil,Média,Pendente,,Terminal 3,,22 de maio de 2026
W Premium Lounge,"FOR · Fortaleza, Brasil",,,20,"Fortaleza, CE, 60821-470",,"3+ fotos, 5+ fotos, cartões aceitos, comodidades, dias da semana, horário, localização exata, tempo máx",https://upload.wikimedia.org/wikipedia/commons/7/75/Hyundai_Staria_1X7A0321.jpg,https://upload.wikimedia.org/wikipedia/commons/7/75/Hyundai_Staria_1X7A0321.jpg,,FOR,9089b102-a317-40a7-bd70-ab6a4a1b6e55,1,Brasil,Média,Pendente,,,,26 de maio de 2026
LATAM VIP Lounge GIG,"GIG · Rio de Janeiro, Brasil","Latampass Black, OneWorld Emerald, OneWorld Sapphire","Ar condicionado, Bar, Centro de negócios, Chuveiro, Comida, Wi-Fi",50,Embarque internacional T2,,"1+ foto, 3+ fotos, 5+ fotos, dias da semana, tempo máx",,,24h,GIG,4a24c0c0-95fe-4f1c-a21a-cfca3cc14515,0,Brasil,Média,Pendente,,Terminal 2,,22 de maio de 2026
LATAM VIP Lounge GRU Doméstico,"GRU · São Paulo, Brasil","Latampass Black, OneWorld Emerald, OneWorld Sapphire","Ar condicionado, Bar, Centro de negócios, Comida, Wi-Fi",50,Embarque doméstico T2,,"1+ foto, 3+ fotos, 5+ fotos, dias da semana, tempo máx",,,05:00-23:00,GRU,15b49545-71ab-4056-880b-75373ab4d69a,0,Brasil,Média,Pendente,,Terminal 2,,22 de maio de 2026
Plaza Premium Lounge,"EDI · Edimburgo, Reino Unido",,,20,"Edinburgh Airport (EDI Airport), Edinburgh, Scotland, EH12 9DN",,"3+ fotos, 5+ fotos, cartões aceitos, comodidades, dias da semana, horário, localização exata, tempo máx",https://upload.wikimedia.org/wikipedia/commons/f/f4/Jim_Nabors_at_Indianapolis_500.jpg,https://upload.wikimedia.org/wikipedia/commons/f/f4/Jim_Nabors_at_Indianapolis_500.jpg,,EDI,66caa44f-8b8b-4cf2-b8d1-5435782c5aa8,1,Reino Unido,Média,Pendente,,,,26 de maio de 2026
Le Anfore VIP Lounge,"FCO · Roma, Itália",,,10,"Terminal 3 (FCO Airport), 00054 Fiumicino Lazio",,"1+ foto, 3+ fotos, 5+ fotos, cartões aceitos, comodidades, dias da semana, horário, localização exata, tempo máx",,,,FCO,e461a98f-5081-47de-97c8-5d6573772595,0,Itália,Média,Pendente,,,,26 de maio de 2026
Sala Vip Uirapuru - SBFZ,"FOR · Fortaleza, Brasil",,,0,,,"1+ foto, 3+ fotos, 5+ fotos, cartões aceitos, comodidades, descrição, dias da semana, horário, localização exata, tempo máx",,,,FOR,e9fbaffd-abff-480a-97af-98dc23bec4cf,0,Brasil,Média,Pendente,,,,26 de maio de 2026
Star Alliance Lounge,"FCO · Roma, Itália",,,20,"Terminal 1 (FCO Airport), 00054 Fiumicino Lazio",,"3+ fotos, 5+ fotos, cartões aceitos, comodidades, dias da semana, horário, localização exata, tempo máx",https://upload.wikimedia.org/wikipedia/commons/8/8d/Athens_International_Airport_Eleftherios_Venizelos_%CE%94%CE%B9%CE%B5%CE%B8%CE%BD%CE%AE%CF%82_%CE%91%CE%B5%CF%81%CE%BF%CE%BB%CE%B9%CE%BC%CE%AD%CE%BD%CE%B1%CF%82_%CE%91%CE%B8%CE%B7%CE%BD%CF%8E%CE%BD_%CE%95%CE%BB%CE%B5%CF%85%CE%B8%CE%AD%CF%81%CE%B9%CE%BF%CF%82_%CE%92%CE%B5%CE%BD%CE%B9%CE%B6%CE%AD%CE%BB%CE%BF%CF%82_2019-12-01_i.jpg,https://upload.wikimedia.org/wikipedia/commons/8/8d/Athens_International_Airport_Eleftherios_Venizelos_%CE%94%CE%B9%CE%B5%CE%B8%CE%BD%CE%AE%CF%82_%CE%91%CE%B5%CF%81%CE%BF%CE%BB%CE%B9%CE%BC%CE%AD%CE%BD%CE%B1%CF%82_%CE%91%CE%B8%CE%B7%CE%BD%CF%8E%CE%BD_%CE%95%CE%BB%CE%B5%CF%85%CE%B8%CE%AD%CF%81%CE%B9%CE%BF%CF%82_%CE%92%CE%B5%CE%BD%CE%B9%CE%B6%CE%AD%CE%BB%CE%BF%CF%82_2019-12-01_i.jpg,,FCO,c278dd32-6314-493f-86c0-e11cd3fd7885,1,Itália,Média,Pendente,,,,26 de maio de 2026
TAF - Embarque Executivo,"FOR · Fortaleza, Brasil",,,10,Av Lauro Vieira Chaves,,"1+ foto, 3+ fotos, 5+ fotos, cartões aceitos, comodidades, dias da semana, horário, localização exata, tempo máx",,,,FOR,0e3e0c59-631f-4577-bd80-16b8a46fca08,0,Brasil,Média,Pendente,,,,26 de maio de 2026
Plaza Premium Lounge GIG T2 Doméstico,"GIG · Rio de Janeiro, Brasil","DragonPass, LoungeKey, Plaza Premium, Priority Pass, Visa Airport Companion","Ar condicionado, Bar, Centro de negócios, Comida, Wi-Fi",50,Embarque doméstico T2,,"1+ foto, 3+ fotos, 5+ fotos, dias da semana, tempo máx",,,05:00-23:00,GIG,0f7feda6-7a54-4eaf-8e97-3ae6992b85c4,0,Brasil,Média,Pendente,,Terminal 2,,22 de maio de 2026
Rota do Sol Taxi Aereo,"FOR · Fortaleza, Brasil",,,20,"Fortaleza, CE",,"3+ fotos, 5+ fotos, cartões aceitos, comodidades, dias da semana, horário, localização exata, tempo máx",https://upload.wikimedia.org/wikipedia/commons/9/91/Mexico_monterrey_airport_6.jpg,https://upload.wikimedia.org/wikipedia/commons/9/91/Mexico_monterrey_airport_6.jpg,,FOR,cc52b074-9bd1-49d7-8843-d2d203b0c30c,1,Brasil,Média,Pendente,,,,26 de maio de 2026
ITA Lounge Piazza di Spagna,"FCO · Roma, Itália",,,10,"Terminal 3, near Gate E11 (FCO Airport), 00054 Fiumicino Lazio",,"1+ foto, 3+ fotos, 5+ fotos, cartões aceitos, comodidades, dias da semana, horário, localização exata, tempo máx",,,,FCO,c1eb8b37-e3b4-4e70-9fbc-3cff528f73db,0,Itália,Média,Pendente,,,https://www.ita-airways.com/en_us/fly-ita/additional-services/extra/lounges/piazza-di-spagna.html,26 de maio de 2026
Austrian Airlines Business Lounge | Non-Schengen Area,"VIE · Viena, Áustria",,,20,"Terminal 3 (VIE Airport), 2320 Schwechat",,"3+ fotos, 5+ fotos, cartões aceitos, comodidades, dias da semana, horário, localização exata, tempo máx",https://upload.wikimedia.org/wikipedia/commons/0/0d/Franz_Josef_Strauss_International_Airport_%28Munich%29.jpg,https://upload.wikimedia.org/wikipedia/commons/0/0d/Franz_Josef_Strauss_International_Airport_%28Munich%29.jpg,,VIE,d946e6fe-bce5-4ca8-a315-a7aec9f29cff,1,Áustria,Média,Pendente,,,http://www.austrian.com,26 de maio de 2026
Vip Lounge 137 - China Eastern,"PVG · Shanghai, China",,,20,"S1卫星厅, 浦东, 上海市",,"3+ fotos, 5+ fotos, cartões aceitos, comodidades, dias da semana, horário, localização exata, tempo máx",https://upload.wikimedia.org/wikipedia/commons/e/e0/Aerial_view_of_SJU.jpg,https://upload.wikimedia.org/wikipedia/commons/e/e0/Aerial_view_of_SJU.jpg,,PVG,9f78a1de-56ce-418e-81ea-d1f53633f472,1,China,Média,Pendente,,,,26 de maio de 2026
Juneyao First & Business Class Lounge | Lounge 80,"PVG · Shanghai, China",,,20,"浦东, 上海市, 200000",,"3+ fotos, 5+ fotos, cartões aceitos, comodidades, dias da semana, horário, localização exata, tempo máx",https://upload.wikimedia.org/wikipedia/commons/4/48/Cathay_Pacific_-_A330-300_-_Business_Class_%288108289508%29.jpg,https://upload.wikimedia.org/wikipedia/commons/4/48/Cathay_Pacific_-_A330-300_-_Business_Class_%288108289508%29.jpg,,PVG,fe0b3845-eb51-4d89-9cbd-ba2ca883837c,1,China,Média,Pendente,,,,26 de maio de 2026
LATAM VIP Lounge SCL,"SCL · Santiago, Chile","Latampass Black, OneWorld Emerald, OneWorld Sapphire","Ar condicionado, Bar, Centro de negócios, Chuveiro, Comida, Vista, Wi-Fi",60,Embarque LATAM Internacional,,"3+ fotos, 5+ fotos, dias da semana, tempo máx",https://upload.wikimedia.org/wikipedia/commons/a/a9/%C3%81rea_Metropolitana_de_Santiago_de_Chile_en_2024%2C_vista_satelital_%28cropped%29.jpeg,https://upload.wikimedia.org/wikipedia/commons/a/a9/%C3%81rea_Metropolitana_de_Santiago_de_Chile_en_2024%2C_vista_satelital_%28cropped%29.jpeg,24h,SCL,2ff817e8-926c-42e4-a7d1-f6176862c33c,1,Chile,Média,Pendente,,Terminal 2,,22 de maio de 2026
American Express Centurion Lounge,"SYD · Sydney, Austrália",,,20,"Terminal 1, near Gate 58 (SYD Airport), Mascot NSW 2020",,"3+ fotos, 5+ fotos, cartões aceitos, comodidades, dias da semana, horário, localização exata, tempo máx",https://upload.wikimedia.org/wikipedia/commons/d/de/Sala_Dal%C3%AD_-_Rinc%C3%B3n_del_Vino_%285657319902%29.jpg,https://upload.wikimedia.org/wikipedia/commons/d/de/Sala_Dal%C3%AD_-_Rinc%C3%B3n_del_Vino_%285657319902%29.jpg,,SYD,3b658f05-7cc3-4a9d-a539-89266b72253b,1,Austrália,Média,Pendente,,,https://www.americanexpress.com/au/credit-cards/membership-benefits/travel/airport-lounges/american-express-lounge/,26 de maio de 2026
China Eastern Lounge 35,"PVG · Shanghai, China",,,20,"Terminal 1, Pǔdōng, 浦东, 上海市",,"3+ fotos, 5+ fotos, cartões aceitos, comodidades, dias da semana, horário, localização exata, tempo máx",https://upload.wikimedia.org/wikipedia/commons/f/fd/9V-SGB_JFK_Taxiing_In_SQ_A359_941_ULR_Small.png,https://upload.wikimedia.org/wikipedia/commons/f/fd/9V-SGB_JFK_Taxiing_In_SQ_A359_941_ULR_Small.png,,PVG,34691f7e-cfcf-42a0-bb4e-02aae93fdca1,1,China,Média,Pendente,,,,26 de maio de 2026
Premier Lounge (بلازا بريميوم لاونج),"RUH · Riad, Arábia Saudita",,,10,"Terminal 1, الرياض",,"1+ foto, 3+ fotos, 5+ fotos, cartões aceitos, comodidades, dias da semana, horário, localização exata, tempo máx",,,,RUH,a1b2fbf0-525b-4fcd-b351-229b2c5dd826,0,Arábia Saudita,Média,Pendente,,,,26 de maio de 2026
The Qantas Singapore Lounge,"SIN · Singapura, Singapura",,,20,"Level 3, Departure Transit Lounge, Terminal 1, 819663",,"3+ fotos, 5+ fotos, cartões aceitos, comodidades, dias da semana, horário, localização exata, tempo máx",https://upload.wikimedia.org/wikipedia/commons/f/fd/9V-SGB_JFK_Taxiing_In_SQ_A359_941_ULR_Small.png,https://upload.wikimedia.org/wikipedia/commons/f/fd/9V-SGB_JFK_Taxiing_In_SQ_A359_941_ULR_Small.png,,SIN,1e05de46-0912-4b19-9878-f4e757e71b98,1,Singapura,Média,Pendente,,,http://qantas.com,26 de maio de 2026
VIP Club Continental,"PRG · Praga, Tchéquia",,,20,"Terminál 1 (PRG Airport), 161 00 Praha",,"3+ fotos, 5+ fotos, cartões aceitos, comodidades, dias da semana, horário, localização exata, tempo máx",https://upload.wikimedia.org/wikipedia/commons/9/92/2018_Sternstunden-Gala_-_Nena_-_by_2eight_-_DSC5745.jpg,https://upload.wikimedia.org/wikipedia/commons/9/92/2018_Sternstunden-Gala_-_Nena_-_by_2eight_-_DSC5745.jpg,,PRG,1a55ac94-69b6-44e1-a7fb-849b9ef90d1a,1,Tchéquia,Média,Pendente,,,,26 de maio de 2026
The Qantas First Class Lounge SIN,"SIN · Singapura, Singapura",,,10,,,"3+ fotos, 5+ fotos, cartões aceitos, comodidades, descrição, dias da semana, horário, localização exata, tempo máx",https://upload.wikimedia.org/wikipedia/commons/f/fd/9V-SGB_JFK_Taxiing_In_SQ_A359_941_ULR_Small.png,https://upload.wikimedia.org/wikipedia/commons/f/fd/9V-SGB_JFK_Taxiing_In_SQ_A359_941_ULR_Small.png,,SIN,cf4e7814-9091-486e-a531-7c03e8ae8d55,1,Singapura,Média,Pendente,,,,26 de maio de 2026
Salón VIP Pacific Club SCL,"SCL · Santiago, Chile","DragonPass, LoungeKey, Priority Pass, Visa Airport Companion","Ar condicionado, Bar, Centro de negócios, Chuveiro, Comida, Wi-Fi",60,Embarque internacional,,"3+ fotos, 5+ fotos, dias da semana, tempo máx",https://upload.wikimedia.org/wikipedia/commons/d/d9/Kultfabrik_New_York_Tabledance_Limousine.jpg,https://upload.wikimedia.org/wikipedia/commons/d/d9/Kultfabrik_New_York_Tabledance_Limousine.jpg,05:00-23:00,SCL,8d0b254c-9579-42d4-ae2e-bff5c4231ca9,1,Chile,Média,Pendente,,Terminal 2 Internacional,,22 de maio de 2026
Dan+ Lounge,"TLV · Jerusalém, Israel",,,20,"Terminal 3 (TLV Airport), תל אביב-יפו",,"3+ fotos, 5+ fotos, cartões aceitos, comodidades, dias da semana, horário, localização exata, tempo máx",https://upload.wikimedia.org/wikipedia/commons/b/b8/Ben-gurion-airport-terminal--september-2012.jpg,https://upload.wikimedia.org/wikipedia/commons/b/b8/Ben-gurion-airport-terminal--september-2012.jpg,,TLV,e5bb2148-c29b-4677-9e69-508c9a1dee38,1,Israel,Média,Pendente,,,,26 de maio de 2026
Qantas International Business Lounge,"SYD · Sydney, Austrália",,,20,"Terminal 1 (SYD Airport), Mascot NSW 2020",,"3+ fotos, 5+ fotos, cartões aceitos, comodidades, dias da semana, horário, localização exata, tempo máx",https://upload.wikimedia.org/wikipedia/commons/2/2d/Sydney_Airport_%28Kingsford_Smith%29_-_aerial_view_%28cropped%29.jpg,https://upload.wikimedia.org/wikipedia/commons/2/2d/Sydney_Airport_%28Kingsford_Smith%29_-_aerial_view_%28cropped%29.jpg,,SYD,135c8117-cdf8-4098-afdd-a280e92f69af,1,Austrália,Média,Pendente,,,http://www.qantas.com/travel/airlines/lounge-locations/sydney/international-t1/international-business-lounge/global/en,26 de maio de 2026
Window Lounge,"PEK · Pequim, China",,,20,"北京市, 北京市, 100000",,"3+ fotos, 5+ fotos, cartões aceitos, comodidades, dias da semana, horário, localização exata, tempo máx",https://upload.wikimedia.org/wikipedia/commons/a/af/Aerial_view_of_Beijing_Capital_International_Airport_%28cropped%29.jpg,https://upload.wikimedia.org/wikipedia/commons/a/af/Aerial_view_of_Beijing_Capital_International_Airport_%28cropped%29.jpg,,PEK,c16dadc1-b622-40b7-996a-400e9546bbfc,1,China,Média,Pendente,,,,26 de maio de 2026
Preludium Executive Lounge,"WAW · Varsóvia, Polônia",,,10,"Terminal A, Level 2 (WAW Airport), 00-906 Warszawa",,"1+ foto, 3+ fotos, 5+ fotos, cartões aceitos, comodidades, dias da semana, horário, localização exata, tempo máx",,,,WAW,1b08de84-0b6f-4b27-9d7a-6d3591ef8e05,0,Polônia,Média,Pendente,,,,26 de maio de 2026
SKY Lounge,"VIE · Viena, Áustria",,,20,"Terminal 3 (VIE Airport), 1300 Schwechat",,"3+ fotos, 5+ fotos, cartões aceitos, comodidades, dias da semana, horário, localização exata, tempo máx",https://upload.wikimedia.org/wikipedia/commons/0/08/20240107_Boeing_787-10_of_EVA_Air_%28B-17813%29_at_SHA_01.jpg,https://upload.wikimedia.org/wikipedia/commons/0/08/20240107_Boeing_787-10_of_EVA_Air_%28B-17813%29_at_SHA_01.jpg,,VIE,3d7830ff-d9e4-49e3-a8c2-6e434a2a2a0b,1,Áustria,Média,Pendente,,,http://www.viennaairport.com/lounges,26 de maio de 2026
Austrian Senator / Star Alliance Gold Lounge | Non-Schengen Area,"VIE · Viena, Áustria",,,20,1300 Schwechat,,"3+ fotos, 5+ fotos, cartões aceitos, comodidades, dias da semana, horário, localização exata, tempo máx",https://upload.wikimedia.org/wikipedia/commons/9/9d/LOT_Boeing_787-8_%28SP-LRA%29_arrives_London_Heathrow_11Apr2015_arp.jpg,https://upload.wikimedia.org/wikipedia/commons/9/9d/LOT_Boeing_787-8_%28SP-LRA%29_arrives_London_Heathrow_11Apr2015_arp.jpg,,VIE,756db9f2-de07-4d04-a0f9-888d64a2aeeb,1,Áustria,Média,Pendente,,,,26 de maio de 2026
The House,"SYD · Sydney, Austrália",,,20,"Terminal 1 (SYD Airport), Mascot NSW 2020",,"3+ fotos, 5+ fotos, cartões aceitos, comodidades, dias da semana, horário, localização exata, tempo máx",https://upload.wikimedia.org/wikipedia/commons/e/e2/Plant_Nursery_In_Chicago%2C_IL.jpg,https://upload.wikimedia.org/wikipedia/commons/e/e2/Plant_Nursery_In_Chicago%2C_IL.jpg,,SYD,29e4e4e4-0aa2-4656-91b8-ecf3800997d5,1,Austrália,Média,Pendente,,,https://no1lounges.com/service/airport-lounges/the-house/sydney/terminal-1,26 de maio de 2026
Mazada VIP Lounge,"TLV · Jerusalém, Israel",,,10,"Terminal 1 (TLV Airport), תל אביב-יפו",,"1+ foto, 3+ fotos, 5+ fotos, cartões aceitos, comodidades, dias da semana, horário, localização exata, tempo máx",,,,TLV,21459f59-d898-4668-a6f2-76228ebe2c98,0,Israel,Média,Pendente,,,,26 de maio de 2026
King David Lounge,"TLV · Jerusalém, Israel",,,20,"Terminal 3 (TLV Airport), Tel Aviv",,"3+ fotos, 5+ fotos, cartões aceitos, comodidades, dias da semana, horário, localização exata, tempo máx",https://upload.wikimedia.org/wikipedia/commons/b/b8/Ben-gurion-airport-terminal--september-2012.jpg,https://upload.wikimedia.org/wikipedia/commons/b/b8/Ben-gurion-airport-terminal--september-2012.jpg,,TLV,f11543d2-0abe-4a6d-82ec-880a444df836,1,Israel,Média,Pendente,,,http://www.elal.com/en/PassengersInfo/Uniqe-Services/King-David-Lounge/Pages/About.aspx,26 de maio de 2026
GVIP Lounge (الصالة التنفيذية),"RUH · Riad, Arábia Saudita",,,10,الرياض,,"1+ foto, 3+ fotos, 5+ fotos, cartões aceitos, comodidades, dias da semana, horário, localização exata, tempo máx",,,,RUH,545c1e80-5ce2-4b87-9f00-25d2fe8c2106,0,Arábia Saudita,Média,Pendente,,,https://tanfethi.sa,26 de maio de 2026
Copa Airlines Crew Room,"PTY · Tocumen, Panamá",,,20,"Aeropuerto Internacional de Tocumen, Ciudad de Panamá, Panamá",,"3+ fotos, 5+ fotos, cartões aceitos, comodidades, dias da semana, horário, localização exata, tempo máx",https://upload.wikimedia.org/wikipedia/commons/b/bc/Virgin_Australia_%28VH-8IA%29_Boeing_737_MAX_8_departing_Sydney_Airport_-_cropped.jpg,https://upload.wikimedia.org/wikipedia/commons/b/bc/Virgin_Australia_%28VH-8IA%29_Boeing_737_MAX_8_departing_Sydney_Airport_-_cropped.jpg,,PTY,62f3da9c-4df0-475c-b242-b957ec474fd8,1,Panamá,Média,Pendente,,,,26 de maio de 2026
The Lounge,"PTY · Tocumen, Panamá",,,20,"Terminal 1, Ciudad de Panamá, Panamá",,"3+ fotos, 5+ fotos, cartões aceitos, comodidades, dias da semana, horário, localização exata, tempo máx",https://upload.wikimedia.org/wikipedia/commons/0/03/HP-9925CMP_Copa_Airlines_Boeing_737_MAX_9_at_Tocumen_International_Airport_01.jpg,https://upload.wikimedia.org/wikipedia/commons/0/03/HP-9925CMP_Copa_Airlines_Boeing_737_MAX_9_at_Tocumen_International_Airport_01.jpg,,PTY,42d1850c-cb79-4689-be97-0ac381480807,1,Panamá,Média,Pendente,,,,26 de maio de 2026
Juneyao Lounge No. 86,"PVG · Shanghai, China",,,20,"浦东, 上海市, 200000",,"3+ fotos, 5+ fotos, cartões aceitos, comodidades, dias da semana, horário, localização exata, tempo máx",https://upload.wikimedia.org/wikipedia/commons/4/4e/Boeing_787_N1015B_ANA_Airlines_%2827611880663%29_%28cropped%29.jpg,https://upload.wikimedia.org/wikipedia/commons/4/4e/Boeing_787_N1015B_ANA_Airlines_%2827611880663%29_%28cropped%29.jpg,,PVG,fa88f888-03b0-489c-979e-e3eea4649b55,1,China,Média,Pendente,,,,26 de maio de 2026
Emirates Lounge,"SYD · Sydney, Austrália",,,20,"Terminal 1 (SYD Airport), Mascot NSW 2020",,"3+ fotos, 5+ fotos, cartões aceitos, comodidades, dias da semana, horário, localização exata, tempo máx",https://upload.wikimedia.org/wikipedia/commons/2/2d/Sydney_Airport_%28Kingsford_Smith%29_-_aerial_view_%28cropped%29.jpg,https://upload.wikimedia.org/wikipedia/commons/2/2d/Sydney_Airport_%28Kingsford_Smith%29_-_aerial_view_%28cropped%29.jpg,,SYD,60f8f125-d7f2-4223-9032-71ae7aa9d8e6,1,Austrália,Média,Pendente,,,,26 de maio de 2026
Diners Club Lounge,"VCE · Veneza, Itália",,,20,"Arrivals (VCE Airport), 31011 Tessera Veneto",,"3+ fotos, 5+ fotos, cartões aceitos, comodidades, dias da semana, horário, localização exata, tempo máx",https://upload.wikimedia.org/wikipedia/commons/b/b0/71ad_-_Ansett_Australia_Boeing_767-277%3B_VH-RME%40SYD%3B11.09.1999_%285016109365%29.jpg,https://upload.wikimedia.org/wikipedia/commons/b/b0/71ad_-_Ansett_Australia_Boeing_767-277%3B_VH-RME%40SYD%3B11.09.1999_%285016109365%29.jpg,,VCE,6f914613-0c2a-4501-b076-fec2c47bd9ec,1,Itália,Média,Pendente,,,http://www.dinersclub.it,26 de maio de 2026
Qantas Domestic Business Lounge,"SYD · Sydney, Austrália",,,20,"Terminal 3 (SYD Airport), Mascot NSW 2020",,"3+ fotos, 5+ fotos, cartões aceitos, comodidades, dias da semana, horário, localização exata, tempo máx",https://upload.wikimedia.org/wikipedia/commons/2/2d/Sydney_Airport_%28Kingsford_Smith%29_-_aerial_view_%28cropped%29.jpg,https://upload.wikimedia.org/wikipedia/commons/2/2d/Sydney_Airport_%28Kingsford_Smith%29_-_aerial_view_%28cropped%29.jpg,,SYD,01398711-e55f-4ef9-a2ce-9737088e675b,1,Austrália,Média,Pendente,,,http://www.qantas.com/travel/airlines/lounge-locations/sydney/domestic-t3/domestic-business-lounge/global/en,26 de maio de 2026
Business Lounge,"TLV · Jerusalém, Israel",,,20,"Terminal 3 (TLV Airport), תל אביב-יפו",,"3+ fotos, 5+ fotos, cartões aceitos, comodidades, dias da semana, horário, localização exata, tempo máx",https://upload.wikimedia.org/wikipedia/commons/b/b8/Ben-gurion-airport-terminal--september-2012.jpg,https://upload.wikimedia.org/wikipedia/commons/b/b8/Ben-gurion-airport-terminal--september-2012.jpg,,TLV,0f3f18e9-1626-4c2c-93d7-48a6e89d8a85,1,Israel,Média,Pendente,,,,26 de maio de 2026
Menzies Aviation Lounge,"PRG · Praga, Tchéquia",,,20,"Terminal 2, near Gate D2 (PRG Airport), 160 08 Praha",,"3+ fotos, 5+ fotos, cartões aceitos, comodidades, dias da semana, horário, localização exata, tempo máx",https://upload.wikimedia.org/wikipedia/commons/1/1a/2024-12-08-00_00_2024-12-08-23_59_Sentinel-2_L2A_True_color_%281%29.jpg,https://upload.wikimedia.org/wikipedia/commons/1/1a/2024-12-08-00_00_2024-12-08-23_59_Sentinel-2_L2A_True_color_%281%29.jpg,,PRG,50c52b58-9d65-43e0-b021-c2d2e5c77f49,1,Tchéquia,Média,Pendente,,,,26 de maio de 2026
LOT Elite Club Lounge,"WAW · Varsóvia, Polônia",,,20,"Terminal A, Level 3 (WAW Airport), 00-906 Warszawa",,"3+ fotos, 5+ fotos, cartões aceitos, comodidades, dias da semana, horário, localização exata, tempo máx",https://upload.wikimedia.org/wikipedia/commons/0/08/20240107_Boeing_787-10_of_EVA_Air_%28B-17813%29_at_SHA_01.jpg,https://upload.wikimedia.org/wikipedia/commons/0/08/20240107_Boeing_787-10_of_EVA_Air_%28B-17813%29_at_SHA_01.jpg,,WAW,68e97a9f-e299-4015-9916-7175230540b9,1,Polônia,Média,Pendente,,,https://www.lot.com/us/en/airports-and-lounges/lounges-for-lot-passengers,26 de maio de 2026
SAA 39 Lounge,"PVG · Shanghai, China",,,20,"Terminal 1, Pǔdōng, 浦东, 上海市",,"3+ fotos, 5+ fotos, cartões aceitos, comodidades, dias da semana, horário, localização exata, tempo máx",https://upload.wikimedia.org/wikipedia/commons/c/c7/South_African_Airways_A340-300_ZS-SXE_%28cropped%29.jpg,https://upload.wikimedia.org/wikipedia/commons/c/c7/South_African_Airways_A340-300_ZS-SXE_%28cropped%29.jpg,,PVG,b51661c2-a934-496d-a3e3-ee2b118595f0,1,China,Média,Pendente,,,,26 de maio de 2026
Vienna Lounge,"VIE · Viena, Áustria",,,20,"Terminal 1, Gates C, 1300 Schwechat",,"3+ fotos, 5+ fotos, cartões aceitos, comodidades, dias da semana, horário, localização exata, tempo máx",https://upload.wikimedia.org/wikipedia/commons/0/08/20240107_Boeing_787-10_of_EVA_Air_%28B-17813%29_at_SHA_01.jpg,https://upload.wikimedia.org/wikipedia/commons/0/08/20240107_Boeing_787-10_of_EVA_Air_%28B-17813%29_at_SHA_01.jpg,,VIE,570cc878-8769-4e7b-abdd-4a8d2188d645,1,Áustria,Média,Pendente,,,https://viennaairport.com,26 de maio de 2026
Smoker Lounge,"VIE · Viena, Áustria",,,20,"Terminal 1, Gates D (VIE Airport), 1300 Schwechat",,"3+ fotos, 5+ fotos, cartões aceitos, comodidades, dias da semana, horário, localização exata, tempo máx",https://upload.wikimedia.org/wikipedia/commons/f/fb/Four_Commedia_dell%E2%80%99Arte_Figures_claude-gillot.jpg,https://upload.wikimedia.org/wikipedia/commons/f/fb/Four_Commedia_dell%E2%80%99Arte_Figures_claude-gillot.jpg,,VIE,5c62f8d5-c8d9-48a1-aad3-ba65683095ff,1,Áustria,Média,Pendente,,,,26 de maio de 2026
Air New Zealand Koru Lounge,"SYD · Sydney, Austrália",,,20,"Terminal 1 (SYD Airport), Mascot NSW 2020",,"3+ fotos, 5+ fotos, cartões aceitos, comodidades, dias da semana, horário, localização exata, tempo máx",https://upload.wikimedia.org/wikipedia/commons/1/1a/Air_New_Zealand%2C_Boeing_787-9%2C_ZK-NZF_NRT_%2818139364859%29.jpg,https://upload.wikimedia.org/wikipedia/commons/1/1a/Air_New_Zealand%2C_Boeing_787-9%2C_ZK-NZF_NRT_%2818139364859%29.jpg,,SYD,08d2ec33-f5cd-4815-be3b-c441377c2dab,1,Austrália,Média,Pendente,,,http://www.airnewzealand.co.nz/international-lounge-directory,26 de maio de 2026
Erste Premier Lounge,"PRG · Praga, Tchéquia",,,20,"Terminál 1, Level 3 (PRG Airport), 160 08 Praha",,"3+ fotos, 5+ fotos, cartões aceitos, comodidades, dias da semana, horário, localização exata, tempo máx",https://upload.wikimedia.org/wikipedia/commons/0/08/20240107_Boeing_787-10_of_EVA_Air_%28B-17813%29_at_SHA_01.jpg,https://upload.wikimedia.org/wikipedia/commons/0/08/20240107_Boeing_787-10_of_EVA_Air_%28B-17813%29_at_SHA_01.jpg,,PRG,df174d3e-dcd1-4d7d-a041-5d4ccf9d22bf,1,Tchéquia,Média,Pendente,,,,26 de maio de 2026
Ck Dufry,"SSA · Salvador, Brasil",,,10,"Aeroporto, Salvador, BA",,"1+ foto, 3+ fotos, 5+ fotos, cartões aceitos, comodidades, dias da semana, horário, localização exata, tempo máx",,,,SSA,d4099fd2-838a-4b58-beb6-c6f2e0061957,0,Brasil,Média,Pendente,,,,26 de maio de 2026
Diners Club Lounge,"PRG · Praga, Tchéquia",,,20,"Terminal 1, Level 3 (PRG Airport), 161 00 Praha",,"3+ fotos, 5+ fotos, cartões aceitos, comodidades, dias da semana, horário, localização exata, tempo máx",https://upload.wikimedia.org/wikipedia/commons/b/b0/71ad_-_Ansett_Australia_Boeing_767-277%3B_VH-RME%40SYD%3B11.09.1999_%285016109365%29.jpg,https://upload.wikimedia.org/wikipedia/commons/b/b0/71ad_-_Ansett_Australia_Boeing_767-277%3B_VH-RME%40SYD%3B11.09.1999_%285016109365%29.jpg,,PRG,1c136beb-36cc-410c-bc0f-0a692a91e9b5,1,Tchéquia,Média,Pendente,,,http://www.dinersclub.cz,26 de maio de 2026
Al Fursan Lounge T4,"RUH · Riad, Arábia Saudita",,,10,"Terminal 4 (RUH Airport), الرياض 13458",,"1+ foto, 3+ fotos, 5+ fotos, cartões aceitos, comodidades, dias da semana, horário, localização exata, tempo máx",,,,RUH,50c1f12b-d20d-47c4-be9b-545f3f8e58ea,0,Arábia Saudita,Média,Pendente,,,,26 de maio de 2026
MasterCard Airport Lounge,"PRG · Praga, Tchéquia",,,20,"Terminál 1, Level 3 (PRG Airport), 160 08 Praha",,"3+ fotos, 5+ fotos, cartões aceitos, comodidades, dias da semana, horário, localização exata, tempo máx",https://upload.wikimedia.org/wikipedia/commons/0/06/Aerial_View_of_Mexico_City_Airport_on_3.21.11_%28cropped%29.jpg,https://upload.wikimedia.org/wikipedia/commons/0/06/Aerial_View_of_Mexico_City_Airport_on_3.21.11_%28cropped%29.jpg,,PRG,13b9db3b-c64d-4bad-9c3c-7f76d96d5416,1,Tchéquia,Média,Pendente,,,,26 de maio de 2026
JAL Lounge PVG,"PVG · Shanghai, China",,,20,"Terminal 1, 浦东, 上海市",,"3+ fotos, 5+ fotos, cartões aceitos, comodidades, dias da semana, horário, localização exata, tempo máx",https://upload.wikimedia.org/wikipedia/commons/f/fd/9V-SGB_JFK_Taxiing_In_SQ_A359_941_ULR_Small.png,https://upload.wikimedia.org/wikipedia/commons/f/fd/9V-SGB_JFK_Taxiing_In_SQ_A359_941_ULR_Small.png,,PVG,331563a6-f1f1-4508-aca3-fbe1e6cbb546,1,China,Média,Pendente,,,,26 de maio de 2026
Priority Pass,"PTY · Tocumen, Panamá",,,20,"Aeropuerto (Tocuma), Ciudad de Panamá, Panamá",,"3+ fotos, 5+ fotos, cartões aceitos, comodidades, dias da semana, horário, localização exata, tempo máx",https://upload.wikimedia.org/wikipedia/commons/c/ce/Charlotte_Pass_2008.jpg,https://upload.wikimedia.org/wikipedia/commons/c/ce/Charlotte_Pass_2008.jpg,,PTY,75b9d75b-edb1-4a1d-b522-15738e95133b,1,Panamá,Média,Pendente,,,,26 de maio de 2026
Sala Vip Priority Pass,"PTY · Tocumen, Panamá",,,20,"Tocumen, Panamá",,"3+ fotos, 5+ fotos, cartões aceitos, comodidades, dias da semana, horário, localização exata, tempo máx",https://upload.wikimedia.org/wikipedia/commons/e/e0/Aerial_view_of_SJU.jpg,https://upload.wikimedia.org/wikipedia/commons/e/e0/Aerial_view_of_SJU.jpg,,PTY,db9665b7-d598-4e43-92e2-f193722aab4f,1,Panamá,Média,Pendente,,,,26 de maio de 2026
Air China First Class Lounge PVG,"PVG · Shanghai, China",,,20,"Terminal 2 (near Gate 71), 浦东, 上海市",,"3+ fotos, 5+ fotos, cartões aceitos, comodidades, dias da semana, horário, localização exata, tempo máx",https://upload.wikimedia.org/wikipedia/commons/f/fd/9V-SGB_JFK_Taxiing_In_SQ_A359_941_ULR_Small.png,https://upload.wikimedia.org/wikipedia/commons/f/fd/9V-SGB_JFK_Taxiing_In_SQ_A359_941_ULR_Small.png,,PVG,e712fb0c-a5a0-46da-8bec-14ed48ceb68c,1,China,Média,Pendente,,,,26 de maio de 2026
Sala Vip Ambaar Club,"SSA · Salvador, Brasil",,,10,"Salvador, BA",,"1+ foto, 3+ fotos, 5+ fotos, cartões aceitos, comodidades, dias da semana, horário, localização exata, tempo máx",,,,SSA,46373bda-7bb7-4db7-9dbb-10160ac845ce,0,Brasil,Média,Pendente,,,,26 de maio de 2026
IQOS Lounge,"WAW · Varsóvia, Polônia",,,10,"Terminal A, Level 2 (WAW Airport), 00-906 Warszawa",,"1+ foto, 3+ fotos, 5+ fotos, cartões aceitos, comodidades, dias da semana, horário, localização exata, tempo máx",,,,WAW,f695fc5e-85df-470e-831c-cfeaba6c70ae,0,Polônia,Média,Pendente,,,,26 de maio de 2026
Sala VIP Avianca Salvador/BA,"SSA · Salvador, Brasil",,,10,"Salvador, BA",,"1+ foto, 3+ fotos, 5+ fotos, cartões aceitos, comodidades, dias da semana, horário, localização exata, tempo máx",,,,SSA,9c442443-18c6-46c7-8542-19a7d057361d,0,Brasil,Média,Pendente,,,,26 de maio de 2026
Emirates Lounge,"ZRH · Zurique, Suíça",,,20,"Gates E, Level 3 (ZRH Airport), 8302 Kloten",,"3+ fotos, 5+ fotos, cartões aceitos, comodidades, dias da semana, horário, localização exata, tempo máx",https://upload.wikimedia.org/wikipedia/commons/a/a5/Aerial_view_of_the_Zurich_Airport%2C_April_2019.jpg,https://upload.wikimedia.org/wikipedia/commons/a/a5/Aerial_view_of_the_Zurich_Airport%2C_April_2019.jpg,,ZRH,d6be7476-fa3e-4924-8b18-f04e2cf468ba,1,Suíça,Média,Pendente,,,,26 de maio de 2026
First Class Lounge No.86 FM,"PVG · Shanghai, China",,,20,"Pudong Intl Airport T2, 浦东, 上海市",,"3+ fotos, 5+ fotos, cartões aceitos, comodidades, dias da semana, horário, localização exata, tempo máx",https://upload.wikimedia.org/wikipedia/commons/b/b9/JFK_Aerial_Nov_14_2018.jpg,https://upload.wikimedia.org/wikipedia/commons/b/b9/JFK_Aerial_Nov_14_2018.jpg,,PVG,e5124bb8-e53e-418c-b3fb-1e9babecb314,1,China,Média,Pendente,,,,26 de maio de 2026
Lounge VIP,"PRG · Praga, Tchéquia",,,20,"Terminal 2 (PRG Airport), 160 08 Praha",,"3+ fotos, 5+ fotos, cartões aceitos, comodidades, dias da semana, horário, localização exata, tempo máx",https://upload.wikimedia.org/wikipedia/commons/e/ed/T2Dublin_Airport-doyler79.jpg,https://upload.wikimedia.org/wikipedia/commons/e/ed/T2Dublin_Airport-doyler79.jpg,,PRG,223b8005-c8d6-48e4-8d4f-fe2d27041de2,1,Tchéquia,Média,Pendente,,,,26 de maio de 2026
Fantazja Executive Lounge,"WAW · Varsóvia, Polônia",,,10,"Terminal A, Level 2 (WAW Airport), 00-906 Warszawa",,"1+ foto, 3+ fotos, 5+ fotos, cartões aceitos, comodidades, dias da semana, horário, localização exata, tempo máx",,,,WAW,64a76de3-ddb0-4fd5-b26b-50920ba7350d,0,Polônia,Média,Pendente,,,,26 de maio de 2026
smooking lounge aeroporto,"VCE · Veneza, Itália",,,0,,,"1+ foto, 3+ fotos, 5+ fotos, cartões aceitos, comodidades, descrição, dias da semana, horário, localização exata, tempo máx",,,,VCE,7ea82b19-a679-4cbe-a0f5-962a7f3f1544,0,Itália,Média,Pendente,,,,26 de maio de 2026
HON Circle Lounge,"VIE · Viena, Áustria",,,20,"Terminal 3 (VIE Airport), 2320 Schwechat",,"3+ fotos, 5+ fotos, cartões aceitos, comodidades, dias da semana, horário, localização exata, tempo máx",https://upload.wikimedia.org/wikipedia/commons/7/75/OE-LPM_%40_VIE%2C_2024-08-30.jpg,https://upload.wikimedia.org/wikipedia/commons/7/75/OE-LPM_%40_VIE%2C_2024-08-30.jpg,,VIE,bc5eb883-5a85-461f-b95a-0dd8bcd5769f,1,Áustria,Média,Pendente,,,http://www.viennaairport.com/en/passengers/airport/lounges/austrian_lounges,26 de maio de 2026
Emirates Lounge SIN,"SIN · Singapura, Singapura",,,20,"Departure Transit Lounge, Level 3, Terminal 1 (Changi International Airport), 819642",,"3+ fotos, 5+ fotos, cartões aceitos, comodidades, dias da semana, horário, localização exata, tempo máx",https://upload.wikimedia.org/wikipedia/commons/8/8b/Las_Vegas_Strip.png,https://upload.wikimedia.org/wikipedia/commons/8/8b/Las_Vegas_Strip.png,,SIN,3348fd79-5e04-4a8e-b571-af543801d121,1,Singapura,Média,Pendente,,,http://emirates.com,26 de maio de 2026
Copa Club,"PTY · Tocumen, Panamá",,,20,"Aeropuerto de Tocumen, Tocumen, Panamá",,"3+ fotos, 5+ fotos, cartões aceitos, comodidades, dias da semana, horário, localização exata, tempo máx",https://upload.wikimedia.org/wikipedia/commons/0/03/HP-9925CMP_Copa_Airlines_Boeing_737_MAX_9_at_Tocumen_International_Airport_01.jpg,https://upload.wikimedia.org/wikipedia/commons/0/03/HP-9925CMP_Copa_Airlines_Boeing_737_MAX_9_at_Tocumen_International_Airport_01.jpg,,PTY,c4714afd-24e0-42a4-98d3-1ff95e613c31,1,Panamá,Média,Pendente,,,,26 de maio de 2026
The Emirates Lounge PVG,"PVG · Shanghai, China",,,20,"Terminal 2, 浦东, 上海市",,"3+ fotos, 5+ fotos, cartões aceitos, comodidades, dias da semana, horário, localização exata, tempo máx",https://upload.wikimedia.org/wikipedia/commons/f/fd/9V-SGB_JFK_Taxiing_In_SQ_A359_941_ULR_Small.png,https://upload.wikimedia.org/wikipedia/commons/f/fd/9V-SGB_JFK_Taxiing_In_SQ_A359_941_ULR_Small.png,,PVG,305e8471-95da-41e4-92d0-20566cb0d4e2,1,China,Média,Pendente,,,,26 de maio de 2026
Aspire Executive Lounge,"VCE · Veneza, Itália",,,20,30173 Venezia Veneto,,"3+ fotos, 5+ fotos, cartões aceitos, comodidades, dias da semana, horário, localização exata, tempo máx",https://upload.wikimedia.org/wikipedia/commons/e/eb/Perth_Intl_front_side_on_2015.jpg,https://upload.wikimedia.org/wikipedia/commons/e/eb/Perth_Intl_front_side_on_2015.jpg,,VCE,fc5e1164-727c-47d5-91bf-e5c90b652004,1,Itália,Média,Pendente,,,,26 de maio de 2026
HON Lounge,"WAW · Varsóvia, Polônia",,,20,"Terminal A, Level 3 (WAW Airport), 00-906 Warszawa",,"3+ fotos, 5+ fotos, cartões aceitos, comodidades, dias da semana, horário, localização exata, tempo máx",https://upload.wikimedia.org/wikipedia/commons/9/9d/LOT_Boeing_787-8_%28SP-LRA%29_arrives_London_Heathrow_11Apr2015_arp.jpg,https://upload.wikimedia.org/wikipedia/commons/9/9d/LOT_Boeing_787-8_%28SP-LRA%29_arrives_London_Heathrow_11Apr2015_arp.jpg,,WAW,e59c9da0-3659-40a6-8cec-2476e07f82db,1,Polônia,Média,Pendente,,,http://www.lufthansa.com,26 de maio de 2026
SIA SilverKris Lounge (Terminal 3),"SIN · Singapura, Singapura",,,20,"Level 3, Departure Transit Lounge, Terminal 3 (Changi International Airport), 819663",,"3+ fotos, 5+ fotos, cartões aceitos, comodidades, dias da semana, horário, localização exata, tempo máx",https://upload.wikimedia.org/wikipedia/commons/e/e9/JewelSingaporeVortex1.jpg,https://upload.wikimedia.org/wikipedia/commons/e/e9/JewelSingaporeVortex1.jpg,,SIN,a5f5d6be-dfe4-460f-aed2-1effa5584798,1,Singapura,Média,Pendente,,,,26 de maio de 2026
Copa Club - Terminal 2,"PTY · Tocumen, Panamá",,,20,"Cidade do Panamá, Província do Panamá",,"3+ fotos, 5+ fotos, cartões aceitos, comodidades, dias da semana, horário, localização exata, tempo máx",https://upload.wikimedia.org/wikipedia/commons/0/03/HP-9925CMP_Copa_Airlines_Boeing_737_MAX_9_at_Tocumen_International_Airport_01.jpg,https://upload.wikimedia.org/wikipedia/commons/0/03/HP-9925CMP_Copa_Airlines_Boeing_737_MAX_9_at_Tocumen_International_Airport_01.jpg,,PTY,096f893e-a329-4f7a-9235-daef17fd0e17,1,Panamá,Média,Pendente,,,,26 de maio de 2026
Plaza Premium Lounge Arrivals,"SYD · Sydney, Austrália",,,20,Mascot NSW 2020,,"3+ fotos, 5+ fotos, cartões aceitos, comodidades, dias da semana, horário, localização exata, tempo máx",https://upload.wikimedia.org/wikipedia/commons/2/29/Adelaide_International_Airport_1.jpg,https://upload.wikimedia.org/wikipedia/commons/2/29/Adelaide_International_Airport_1.jpg,,SYD,33fa6fc6-e9cb-4310-8819-d3438901740c,1,Austrália,Média,Pendente,,,,26 de maio de 2026
British Airways First Class Lounge,"VIE · Viena, Áustria",,,20,"Terminal 1, Gates D (VIE Airport), 1300 Schwechat",,"3+ fotos, 5+ fotos, cartões aceitos, comodidades, dias da semana, horário, localização exata, tempo máx",https://upload.wikimedia.org/wikipedia/commons/0/08/20240107_Boeing_787-10_of_EVA_Air_%28B-17813%29_at_SHA_01.jpg,https://upload.wikimedia.org/wikipedia/commons/0/08/20240107_Boeing_787-10_of_EVA_Air_%28B-17813%29_at_SHA_01.jpg,,VIE,a4a306c6-5446-4879-bce3-62b59c82eb0e,1,Áustria,Média,Pendente,,,,26 de maio de 2026
Dan Lounge (טרקלין דן),"TLV · Jerusalém, Israel",,,10,"Terminal 3 (TLV Airport), תל אביב-יפו",,"1+ foto, 3+ fotos, 5+ fotos, cartões aceitos, comodidades, dias da semana, horário, localização exata, tempo máx",,,,TLV,601c80b4-76c9-4196-8f6a-ac0c9c3cc9cd,0,Israel,Média,Pendente,,,http://www.iaa.gov.il/en-US/airports/bengurion/VIPServices/Pages/ArbelLounge.aspx,26 de maio de 2026
Austrian Senator / Star Alliance Gold Lounge | Schengen Area,"VIE · Viena, Áustria",,,20,"Terminal 3 (VIE Airport), 1300 Schwechat",,"3+ fotos, 5+ fotos, cartões aceitos, comodidades, dias da semana, horário, localização exata, tempo máx",https://upload.wikimedia.org/wikipedia/commons/9/9d/LOT_Boeing_787-8_%28SP-LRA%29_arrives_London_Heathrow_11Apr2015_arp.jpg,https://upload.wikimedia.org/wikipedia/commons/9/9d/LOT_Boeing_787-8_%28SP-LRA%29_arrives_London_Heathrow_11Apr2015_arp.jpg,,VIE,1788b456-4c54-47d2-9b84-4826bc8c1f34,1,Áustria,Média,Pendente,,,http://www.austrian.com,26 de maio de 2026
Al Fursan Lounge T5 (صالة الفرسان),"RUH · Riad, Arábia Saudita",,,10,"Terminal 5 (RUH Airport), الرياض",,"1+ foto, 3+ fotos, 5+ fotos, cartões aceitos, comodidades, dias da semana, horário, localização exata, tempo máx",,,,RUH,8dcfa062-99ae-47a0-8e07-3233c0adaeb3,0,Arábia Saudita,Média,Pendente,,,,26 de maio de 2026
Copa Club - Terminal 1,"PTY · Tocumen, Panamá",,,20,"Terminal 1, Ciudad de Panamá, Panamá",,"3+ fotos, 5+ fotos, cartões aceitos, comodidades, dias da semana, horário, localização exata, tempo máx",https://upload.wikimedia.org/wikipedia/commons/0/03/HP-9925CMP_Copa_Airlines_Boeing_737_MAX_9_at_Tocumen_International_Airport_01.jpg,https://upload.wikimedia.org/wikipedia/commons/0/03/HP-9925CMP_Copa_Airlines_Boeing_737_MAX_9_at_Tocumen_International_Airport_01.jpg,,PTY,2d64a849-171b-40bc-85df-6ff7afd42241,1,Panamá,Média,Pendente,,,,26 de maio de 2026
Aerostar Táxi Aéreo,"SSA · Salvador, Brasil",,,10,"Aeroporto de Salvador, Salvador, BA",,"1+ foto, 3+ fotos, 5+ fotos, cartões aceitos, comodidades, dias da semana, horário, localização exata, tempo máx",,,,SSA,7ffb38b7-b802-4123-bfc4-3147b0a99428,0,Brasil,Média,Pendente,,,http://www.aerostar.com.br,26 de maio de 2026
LOT Business Lounge Mazurek,"WAW · Varsóvia, Polônia",,,20,"Terminal A Level 2 (WAW Airport), 00-906 Warszawa",,"3+ fotos, 5+ fotos, cartões aceitos, comodidades, dias da semana, horário, localização exata, tempo máx",https://upload.wikimedia.org/wikipedia/commons/9/9d/LOT_Boeing_787-8_%28SP-LRA%29_arrives_London_Heathrow_11Apr2015_arp.jpg,https://upload.wikimedia.org/wikipedia/commons/9/9d/LOT_Boeing_787-8_%28SP-LRA%29_arrives_London_Heathrow_11Apr2015_arp.jpg,,WAW,f859d4a5-5d31-4531-a68f-5ad0a033e8fe,1,Polônia,Média,Pendente,,,http://www.lot.com,26 de maio de 2026
SATS Premier Lounge SIN,"SIN · Singapura, Singapura",,,20,"Terminal 1 (Changi International Airport), 819663",,"3+ fotos, 5+ fotos, cartões aceitos, comodidades, dias da semana, horário, localização exata, tempo máx",https://upload.wikimedia.org/wikipedia/commons/b/b0/Kevin_Smith_%2855266573227%29.jpg,https://upload.wikimedia.org/wikipedia/commons/b/b0/Kevin_Smith_%2855266573227%29.jpg,,SIN,09735ecc-3603-4729-bd6f-6c2b334dba1b,1,Singapura,Média,Pendente,,,,26 de maio de 2026
Al Fursan Lounge T2 (صالة الفرسان),"RUH · Riad, Arábia Saudita",,,10,"King Khaled International Airport, الرياض",,"1+ foto, 3+ fotos, 5+ fotos, cartões aceitos, comodidades, dias da semana, horário, localização exata, tempo máx",,,,RUH,7d3de4ce-7cf2-4927-964e-718635f4841e,0,Arábia Saudita,Média,Pendente,,,,26 de maio de 2026
Dan Lounge Concourse E,"TLV · Jerusalém, Israel",,,20,Terminal 3 (TLV Airport),,"3+ fotos, 5+ fotos, cartões aceitos, comodidades, dias da semana, horário, localização exata, tempo máx",https://upload.wikimedia.org/wikipedia/commons/b/b8/Ben-gurion-airport-terminal--september-2012.jpg,https://upload.wikimedia.org/wikipedia/commons/b/b8/Ben-gurion-airport-terminal--september-2012.jpg,,TLV,1baf9ad1-b6a8-4157-a111-7dd383fae9a0,1,Israel,Média,Pendente,,,,26 de maio de 2026
First Class Lounge 90,"PVG · Shanghai, China",,,20,"Terminal 2 (near Gate 90), 浦东, 上海市",,"3+ fotos, 5+ fotos, cartões aceitos, comodidades, dias da semana, horário, localização exata, tempo máx",https://upload.wikimedia.org/wikipedia/commons/f/fd/9V-SGB_JFK_Taxiing_In_SQ_A359_941_ULR_Small.png,https://upload.wikimedia.org/wikipedia/commons/f/fd/9V-SGB_JFK_Taxiing_In_SQ_A359_941_ULR_Small.png,,PVG,025b00b9-71b6-487c-8732-79969e39671e,1,China,Média,Pendente,,,,26 de maio de 2026
Business Lounge,"PRG · Praga, Tchéquia",,,20,"Terminal 1, Level 3, Gate C (PRG Airport), 160 08 Praha",,"3+ fotos, 5+ fotos, cartões aceitos, comodidades, dias da semana, horário, localização exata, tempo máx",https://upload.wikimedia.org/wikipedia/commons/f/f4/250_Delaware_ave.JPG,https://upload.wikimedia.org/wikipedia/commons/f/f4/250_Delaware_ave.JPG,,PRG,16b2da90-e3ed-4af5-a203-9d3d8fa4e5a4,1,Tchéquia,Média,Pendente,,,,26 de maio de 2026
LOT Business Lounge Polonez,"WAW · Varsóvia, Polônia",,,20,"Terminal A Level 2 (WAW Airport), 00-906 Warszawa",,"3+ fotos, 5+ fotos, cartões aceitos, comodidades, dias da semana, horário, localização exata, tempo máx",https://upload.wikimedia.org/wikipedia/commons/9/9d/LOT_Boeing_787-8_%28SP-LRA%29_arrives_London_Heathrow_11Apr2015_arp.jpg,https://upload.wikimedia.org/wikipedia/commons/9/9d/LOT_Boeing_787-8_%28SP-LRA%29_arrives_London_Heathrow_11Apr2015_arp.jpg,,WAW,4b8a9036-74e2-4756-949c-681102de8437,1,Polônia,Média,Pendente,,,http://www.lot.com,26 de maio de 2026
"Warsaw Chopin Airport, Ballada Business Lounge","WAW · Varsóvia, Polônia",,,10,"Terminal A Level 2 (WAW Airport), 00-906 Warszawa",,"1+ foto, 3+ fotos, 5+ fotos, cartões aceitos, comodidades, dias da semana, horário, localização exata, tempo máx",,,,WAW,2adc1985-c5e9-4cc8-b638-21266bd952d8,0,Polônia,Média,Pendente,,,,26 de maio de 2026
Skyteam Business Lounge,"PRG · Praga, Tchéquia",,,20,"Terminál 1 (PRG Airport), 161 00 Praha",,"3+ fotos, 5+ fotos, cartões aceitos, comodidades, dias da semana, horário, localização exata, tempo máx",https://upload.wikimedia.org/wikipedia/commons/d/de/Sala_Dal%C3%AD_-_Rinc%C3%B3n_del_Vino_%285657319902%29.jpg,https://upload.wikimedia.org/wikipedia/commons/d/de/Sala_Dal%C3%AD_-_Rinc%C3%B3n_del_Vino_%285657319902%29.jpg,,PRG,32cca122-0717-4d12-ab2b-b3af3c8768d6,1,Tchéquia,Média,Pendente,,,,26 de maio de 2026
Austrian Airlines Business Lounge,"VIE · Viena, Áustria",,,20,"Terminal 1, Gates D (VIE Airport), 1300 Schwechat",,"3+ fotos, 5+ fotos, cartões aceitos, comodidades, dias da semana, horário, localização exata, tempo máx",https://upload.wikimedia.org/wikipedia/commons/7/75/OE-LPM_%40_VIE%2C_2024-08-30.jpg,https://upload.wikimedia.org/wikipedia/commons/7/75/OE-LPM_%40_VIE%2C_2024-08-30.jpg,,VIE,ba7fe96a-e9ad-46a7-a261-8e6ce97d8f89,1,Áustria,Média,Pendente,,,http://www.viennaairport.com/passagiere/flughafen/lounges/austrian_lounges,26 de maio de 2026
"Salon Diplomático, Aeropuerto Tocumen","PTY · Tocumen, Panamá",,,10,"Tocumen, Panamá",,"1+ foto, 3+ fotos, 5+ fotos, cartões aceitos, comodidades, dias da semana, horário, localização exata, tempo máx",,,,PTY,80159271-2ee4-4d24-a554-b439b1a91287,0,Panamá,Média,Pendente,,,,26 de maio de 2026
Aspire Lounge,"TLV · Jerusalém, Israel",,,10,,,"3+ fotos, 5+ fotos, cartões aceitos, comodidades, descrição, dias da semana, horário, localização exata, tempo máx",https://upload.wikimedia.org/wikipedia/commons/d/de/Sala_Dal%C3%AD_-_Rinc%C3%B3n_del_Vino_%285657319902%29.jpg,https://upload.wikimedia.org/wikipedia/commons/d/de/Sala_Dal%C3%AD_-_Rinc%C3%B3n_del_Vino_%285657319902%29.jpg,,TLV,e684fb58-dce4-40d8-8821-e3eba0966fcb,1,Israel,Média,Pendente,,,,26 de maio de 2026
Crystal Lounge,"PRG · Praga, Tchéquia",,,20,"Terminal 2 (PRG Airport), 160 08 Praha",,"3+ fotos, 5+ fotos, cartões aceitos, comodidades, dias da semana, horário, localização exata, tempo máx",https://upload.wikimedia.org/wikipedia/commons/e/e0/Aerial_view_of_SJU.jpg,https://upload.wikimedia.org/wikipedia/commons/e/e0/Aerial_view_of_SJU.jpg,,PRG,48dc6b82-7305-4fce-aef1-2d7d6c220437,1,Tchéquia,Média,Pendente,,,,26 de maio de 2026
Virgin Australia Lounge,"SYD · Sydney, Austrália",,,20,"Terminal 2 (SYD Airport), Mascot NSW 2020",,"3+ fotos, 5+ fotos, cartões aceitos, comodidades, dias da semana, horário, localização exata, tempo máx",https://upload.wikimedia.org/wikipedia/commons/b/b0/71ad_-_Ansett_Australia_Boeing_767-277%3B_VH-RME%40SYD%3B11.09.1999_%285016109365%29.jpg,https://upload.wikimedia.org/wikipedia/commons/b/b0/71ad_-_Ansett_Australia_Boeing_767-277%3B_VH-RME%40SYD%3B11.09.1999_%285016109365%29.jpg,,SYD,7fc81abb-3a55-435d-9041-523a23785bd6,1,Austrália,Média,Pendente,,,http://www.virginaustralia.com/Lounge,26 de maio de 2026
VIP Lounge Terminal 2,"RUH · Riad, Arábia Saudita",,,10,,,"3+ fotos, 5+ fotos, cartões aceitos, comodidades, descrição, dias da semana, horário, localização exata, tempo máx",https://upload.wikimedia.org/wikipedia/commons/a/ab/NAIA_Complex_from_air_%28Pasay%3B_01-09-2023%29.jpg,https://upload.wikimedia.org/wikipedia/commons/a/ab/NAIA_Complex_from_air_%28Pasay%3B_01-09-2023%29.jpg,,RUH,ce247f7c-bca4-42a9-ae0e-3f9a2fe6018e,1,Arábia Saudita,Média,Pendente,,,,26 de maio de 2026
Plaza Premium Lounge,"SYD · Sydney, Austrália",,,20,"Terminal 1 (SYD Airport), Mascot NSW 2020",,"3+ fotos, 5+ fotos, cartões aceitos, comodidades, dias da semana, horário, localização exata, tempo máx",https://upload.wikimedia.org/wikipedia/commons/2/29/Adelaide_International_Airport_1.jpg,https://upload.wikimedia.org/wikipedia/commons/2/29/Adelaide_International_Airport_1.jpg,,SYD,b8cea16f-cbf8-46e9-9b21-ecd3f4f2c836,1,Austrália,Média,Pendente,,,,26 de maio de 2026
SATS / Plaza Premium Lounge | Blossom,"SIN · Singapura, Singapura",,,20,"Terminal 4, Singapore Changi Airport (10 Airport Boulevard), 819665",,"3+ fotos, 5+ fotos, cartões aceitos, comodidades, dias da semana, horário, localização exata, tempo máx",https://upload.wikimedia.org/wikipedia/commons/f/f4/Jim_Nabors_at_Indianapolis_500.jpg,https://upload.wikimedia.org/wikipedia/commons/f/f4/Jim_Nabors_at_Indianapolis_500.jpg,,SIN,bda1c251-dd11-4aa6-ae40-9f85b0c63739,1,Singapura,Média,Pendente,,,https://www.plazapremiumlounge.com/find/asia/singapore/singapore/singapore-changi-airport/blossom-sats-plaza-premium-lounge-intl-dep-t4,26 de maio de 2026
Qantas International First Lounge,"SYD · Sydney, Austrália",,,20,"Terminal 1 (SYD Airport), Mascot NSW 2020",,"3+ fotos, 5+ fotos, cartões aceitos, comodidades, dias da semana, horário, localização exata, tempo máx",https://upload.wikimedia.org/wikipedia/commons/2/2d/Sydney_Airport_%28Kingsford_Smith%29_-_aerial_view_%28cropped%29.jpg,https://upload.wikimedia.org/wikipedia/commons/2/2d/Sydney_Airport_%28Kingsford_Smith%29_-_aerial_view_%28cropped%29.jpg,,SYD,aff7105d-83df-47ee-bb2f-add909a9ed6e,1,Austrália,Média,Pendente,,,http://www.qantas.com/travel/airlines/lounge-locations/sydney/international-t1/international-first-lounge/global/en,26 de maio de 2026
Arbel Lounge,"TLV · Jerusalém, Israel",,,0,,,"1+ foto, 3+ fotos, 5+ fotos, cartões aceitos, comodidades, descrição, dias da semana, horário, localização exata, tempo máx",,,,TLV,3b1a5154-310f-46ab-9cde-0867c72ee309,0,Israel,Média,Pendente,,,,26 de maio de 2026
Airport Club Panamá,"PTY · Tocumen, Panamá",,,20,"Aeropuerto Internacional de Tocumen, Ciudad de Panamá, Panamá",,"3+ fotos, 5+ fotos, cartões aceitos, comodidades, dias da semana, horário, localização exata, tempo máx",https://upload.wikimedia.org/wikipedia/commons/0/03/HP-9925CMP_Copa_Airlines_Boeing_737_MAX_9_at_Tocumen_International_Airport_01.jpg,https://upload.wikimedia.org/wikipedia/commons/0/03/HP-9925CMP_Copa_Airlines_Boeing_737_MAX_9_at_Tocumen_International_Airport_01.jpg,,PTY,226dffaa-b898-4df9-b705-fdfe0f337739,1,Panamá,Média,Pendente,,,,26 de maio de 2026
Wellcome Lounge RUH,"RUH · Riad, Arábia Saudita",,,10,الرياض,,"1+ foto, 3+ fotos, 5+ fotos, cartões aceitos, comodidades, dias da semana, horário, localização exata, tempo máx",,,,RUH,6de6763e-05ef-43d9-ab06-bb9c663545df,0,Arábia Saudita,Média,Pendente,,,,26 de maio de 2026
FastTrack Lounge,"PRG · Praga, Tchéquia",,,20,"Terminal 2 (PRG Airport), Praha",,"3+ fotos, 5+ fotos, cartões aceitos, comodidades, dias da semana, horário, localização exata, tempo máx",https://upload.wikimedia.org/wikipedia/commons/d/de/Sala_Dal%C3%AD_-_Rinc%C3%B3n_del_Vino_%285657319902%29.jpg,https://upload.wikimedia.org/wikipedia/commons/d/de/Sala_Dal%C3%AD_-_Rinc%C3%B3n_del_Vino_%285657319902%29.jpg,,PRG,295eecfe-b536-4480-961a-bd1a38346c51,1,Tchéquia,Média,Pendente,,,,26 de maio de 2026
Panorama Bar & Smoker Lounge,"VIE · Viena, Áustria",,,10,"Terminal 3, Gates G (VIE Airport), Wien",,"1+ foto, 3+ fotos, 5+ fotos, cartões aceitos, comodidades, dias da semana, horário, localização exata, tempo máx",,,,VIE,080673c9-ea15-4bc3-85ec-464635cb576a,0,Áustria,Média,Pendente,,,,26 de maio de 2026
Marco Polo Club Lounge,"VCE · Veneza, Itália",,,20,"Departures (VCE Airport), 30173 Venezia Венето",,"3+ fotos, 5+ fotos, cartões aceitos, comodidades, dias da semana, horário, localização exata, tempo máx",https://upload.wikimedia.org/wikipedia/commons/8/8d/Athens_International_Airport_Eleftherios_Venizelos_%CE%94%CE%B9%CE%B5%CE%B8%CE%BD%CE%AE%CF%82_%CE%91%CE%B5%CF%81%CE%BF%CE%BB%CE%B9%CE%BC%CE%AD%CE%BD%CE%B1%CF%82_%CE%91%CE%B8%CE%B7%CE%BD%CF%8E%CE%BD_%CE%95%CE%BB%CE%B5%CF%85%CE%B8%CE%AD%CF%81%CE%B9%CE%BF%CF%82_%CE%92%CE%B5%CE%BD%CE%B9%CE%B6%CE%AD%CE%BB%CE%BF%CF%82_2019-12-01_i.jpg,https://upload.wikimedia.org/wikipedia/commons/8/8d/Athens_International_Airport_Eleftherios_Venizelos_%CE%94%CE%B9%CE%B5%CE%B8%CE%BD%CE%AE%CF%82_%CE%91%CE%B5%CF%81%CE%BF%CE%BB%CE%B9%CE%BC%CE%AD%CE%BD%CE%B1%CF%82_%CE%91%CE%B8%CE%B7%CE%BD%CF%8E%CE%BD_%CE%95%CE%BB%CE%B5%CF%85%CE%B8%CE%AD%CF%81%CE%B9%CE%BF%CF%82_%CE%92%CE%B5%CE%BD%CE%B9%CE%B6%CE%AD%CE%BB%CE%BF%CF%82_2019-12-01_i.jpg,,VCE,91413dcd-fa66-42d3-9fd9-1c117525ac77,1,Itália,Média,Pendente,,,http://www.veniceairport.it,26 de maio de 2026
Prime Class Lounge,"ORY · Orly, França",,,20,"Terminal 3 (ORY Airport), Paris, Île-de-France",,"3+ fotos, 5+ fotos, cartões aceitos, comodidades, dias da semana, horário, localização exata, tempo máx",https://upload.wikimedia.org/wikipedia/commons/8/87/Jomo_Kenyatta_International_Airport_%28JKIA%29.jpg,https://upload.wikimedia.org/wikipedia/commons/8/87/Jomo_Kenyatta_International_Airport_%28JKIA%29.jpg,,ORY,774e87f1-d8c2-4e67-adbc-3b103e29eda5,1,França,Média,Pendente,,,,26 de maio de 2026
Air China Economy Class Lounge,"PEK · Pequim, China",,,20,"北京市, 北京市, 100000",,"3+ fotos, 5+ fotos, cartões aceitos, comodidades, dias da semana, horário, localização exata, tempo máx",https://upload.wikimedia.org/wikipedia/commons/8/8f/Chess_at_Chinatown%2C_Singapore.jpg,https://upload.wikimedia.org/wikipedia/commons/8/8f/Chess_at_Chinatown%2C_Singapore.jpg,,PEK,c62641d1-cff8-4468-a3fe-20b184ccda49,1,China,Média,Pendente,,,,26 de maio de 2026
Air China First Class Lounge Smoking Room,"PEK · Pequim, China",,,20,"Terminal 3 Beijing Capital Intl Airport, 北京市, 北京市",,"3+ fotos, 5+ fotos, cartões aceitos, comodidades, dias da semana, horário, localização exata, tempo máx",https://upload.wikimedia.org/wikipedia/commons/0/05/Drone_photo_of_Dokk1_in_Aarhus%2C_Denmark.jpg,https://upload.wikimedia.org/wikipedia/commons/0/05/Drone_photo_of_Dokk1_in_Aarhus%2C_Denmark.jpg,,PEK,038befff-1bd4-40ea-b097-70469684c2a9,1,China,Média,Pendente,,,,26 de maio de 2026
American Express Centurion Lounge,"MEL · Melbourne, Austrália",,,20,"Terminal 2, Melbourne Airport VIC 3045",,"3+ fotos, 5+ fotos, cartões aceitos, comodidades, dias da semana, horário, localização exata, tempo máx",https://upload.wikimedia.org/wikipedia/commons/f/fb/Four_Commedia_dell%E2%80%99Arte_Figures_claude-gillot.jpg,https://upload.wikimedia.org/wikipedia/commons/f/fb/Four_Commedia_dell%E2%80%99Arte_Figures_claude-gillot.jpg,,MEL,064d6d64-94b6-4acb-8436-1aea99a69517,1,Austrália,Média,Pendente,,,,26 de maio de 2026
Lufthansa First Class Lounge (Satellit Schengen & NON-Schengen),"MUC · Munique, Alemanha",,,10,"Terminal 2 Satellite, near Gate L11 (MUC Airport), 85356 München",,"1+ foto, 3+ fotos, 5+ fotos, cartões aceitos, comodidades, dias da semana, horário, localização exata, tempo máx",,,,MUC,51fbb11c-947c-40e7-9eb8-54f87834ef47,0,Alemanha,Média,Pendente,,,http://www.lufthansa.com/de/en/lounges,26 de maio de 2026
Avianca Lounge MIA,"MIA · Miami, Estados Unidos","LoungeKey, Priority Pass, Star Alliance Gold","Ar condicionado, Bar, Centro de negócios, Comida, Wi-Fi",60,Embarque,,"3+ fotos, 5+ fotos, dias da semana, tempo máx",https://upload.wikimedia.org/wikipedia/commons/a/a1/Miami_International_Airport_%28KMIA-MIA%29_%288204606870%29.jpg,https://upload.wikimedia.org/wikipedia/commons/a/a1/Miami_International_Airport_%28KMIA-MIA%29_%288204606870%29.jpg,05:00-22:00,MIA,d15dcf02-5e77-482d-8535-f10d9df1a0df,1,Estados Unidos,Média,Pendente,,Concourse J,,22 de maio de 2026
Emirates Lounge,"MXP · Milão, Itália",,,20,"Terminal 1, near Gate B35 (MXP Airport), 21010 Ferno Lombardia",,"3+ fotos, 5+ fotos, cartões aceitos, comodidades, dias da semana, horário, localização exata, tempo máx",https://upload.wikimedia.org/wikipedia/commons/8/8d/Athens_International_Airport_Eleftherios_Venizelos_%CE%94%CE%B9%CE%B5%CE%B8%CE%BD%CE%AE%CF%82_%CE%91%CE%B5%CF%81%CE%BF%CE%BB%CE%B9%CE%BC%CE%AD%CE%BD%CE%B1%CF%82_%CE%91%CE%B8%CE%B7%CE%BD%CF%8E%CE%BD_%CE%95%CE%BB%CE%B5%CF%85%CE%B8%CE%AD%CF%81%CE%B9%CE%BF%CF%82_%CE%92%CE%B5%CE%BD%CE%B9%CE%B6%CE%AD%CE%BB%CE%BF%CF%82_2019-12-01_i.jpg,https://upload.wikimedia.org/wikipedia/commons/8/8d/Athens_International_Airport_Eleftherios_Venizelos_%CE%94%CE%B9%CE%B5%CE%B8%CE%BD%CE%AE%CF%82_%CE%91%CE%B5%CF%81%CE%BF%CE%BB%CE%B9%CE%BC%CE%AD%CE%BD%CE%B1%CF%82_%CE%91%CE%B8%CE%B7%CE%BD%CF%8E%CE%BD_%CE%95%CE%BB%CE%B5%CF%85%CE%B8%CE%AD%CF%81%CE%B9%CE%BF%CF%82_%CE%92%CE%B5%CE%BD%CE%B9%CE%B6%CE%AD%CE%BB%CE%BF%CF%82_2019-12-01_i.jpg,,MXP,2791c98a-72f1-4a5f-bd71-74b2bad224e8,1,Itália,Média,Pendente,,,,26 de maio de 2026
ANA Lounge LIS (Star Alliance),"LIS · Lisboa, Portugal","LoungeKey, Priority Pass, Star Alliance Gold","Ar condicionado, Bar, Centro de negócios, Chuveiro, Comida, Wi-Fi",50,Embarque Schengen,,"1+ foto, 3+ fotos, 5+ fotos, dias da semana, tempo máx",,,05:00-23:00,LIS,abc2160b-9934-4b34-a71b-24eb39e479c6,0,Portugal,Média,Pendente,,Terminal 1,,22 de maio de 2026
Lufthansa Business Lounge (Schengen),"MUC · Munique, Alemanha",,,20,"Terminal 2, near Gate G28 (MUC Airport), 85356 München",,"3+ fotos, 5+ fotos, cartões aceitos, comodidades, dias da semana, horário, localização exata, tempo máx",https://upload.wikimedia.org/wikipedia/commons/0/0d/Franz_Josef_Strauss_International_Airport_%28Munich%29.jpg,https://upload.wikimedia.org/wikipedia/commons/0/0d/Franz_Josef_Strauss_International_Airport_%28Munich%29.jpg,,MUC,16bd6cb8-76f6-491b-9071-bad4a8f9aaa8,1,Alemanha,Média,Pendente,,,http://www.lufthansa.com/de/en/lounges,26 de maio de 2026
Virgin Atlantic Clubhouse LHR T3,"LHR · Londres, Reino Unido",SkyTeam Elite Plus,"Ar condicionado, Bar, Centro de negócios, Chuveiro, Comida, Vista, Wi-Fi",50,Embarque Upper Class,,"1+ foto, 3+ fotos, 5+ fotos, dias da semana, tempo máx",,,04:30-22:00,LHR,91d9000d-2714-4cff-bf3e-815612132ea1,0,Reino Unido,Média,Pendente,,Terminal 3,,22 de maio de 2026
Plaza Premium Lounge LIS,"LIS · Lisboa, Portugal","DragonPass, LoungeKey, Plaza Premium, Priority Pass, Visa Airport Companion","Ar condicionado, Bar, Centro de negócios, Chuveiro, Comida, Wi-Fi",60,Embarque internacional,,"3+ fotos, 5+ fotos, dias da semana, tempo máx",https://upload.wikimedia.org/wikipedia/commons/f/ff/Broadhurst_Theater_-_Frankie_and_Johnny_in_the_Clair_de_Lune_%2848193410426%29.jpg,https://upload.wikimedia.org/wikipedia/commons/f/ff/Broadhurst_Theater_-_Frankie_and_Johnny_in_the_Clair_de_Lune_%2848193410426%29.jpg,05:00-23:00,LIS,077bd8d2-3e43-41c8-a2ff-0cad14d37d37,1,Portugal,Média,Pendente,,Terminal 1,,22 de maio de 2026
The Emirates Lounge,"MUC · Munique, Alemanha",,,20,"Terminal 1, Level 05 (MUC Airport), 85356 München",,"3+ fotos, 5+ fotos, cartões aceitos, comodidades, dias da semana, horário, localização exata, tempo máx",https://upload.wikimedia.org/wikipedia/commons/0/0d/Franz_Josef_Strauss_International_Airport_%28Munich%29.jpg,https://upload.wikimedia.org/wikipedia/commons/0/0d/Franz_Josef_Strauss_International_Airport_%28Munich%29.jpg,,MUC,f58f4992-dd8b-4f32-85d5-a8a96226d27c,1,Alemanha,Média,Pendente,,,http://www.munich-airport.de/de/consumer/aufenthalt_trans/lounges/emirates/index.jsp,26 de maio de 2026
Saudi Arabian Lounge,"MXP · Milão, Itália",,,20,"Terminal 1 (MXP Airport), 21010 Ferno Lombardia",,"3+ fotos, 5+ fotos, cartões aceitos, comodidades, dias da semana, horário, localização exata, tempo máx",https://upload.wikimedia.org/wikipedia/commons/2/2b/Sal%C3%A9_Airport.jpg,https://upload.wikimedia.org/wikipedia/commons/2/2b/Sal%C3%A9_Airport.jpg,,MXP,08eadad5-3031-4f1c-b63d-65df709e3eb7,1,Itália,Média,Pendente,,,,26 de maio de 2026
Priority Pass VIP Lounge,"MEX · Cidade do México, México",,,20,"Terminal 1 (Aeropuerto Internacional de la Ciudad de México), 15620 Venustiano Carranza, Ciudad de México",,"3+ fotos, 5+ fotos, cartões aceitos, comodidades, dias da semana, horário, localização exata, tempo máx",https://upload.wikimedia.org/wikipedia/commons/c/ce/O2_Arena_%289499773307%29.jpg,https://upload.wikimedia.org/wikipedia/commons/c/ce/O2_Arena_%289499773307%29.jpg,,MEX,607ddc92-2a7a-4fa6-b98c-206ee80ff2b0,1,México,Média,Pendente,,,,26 de maio de 2026
Lufthansa Senator Lounge (Non-Schengen),"MUC · Munique, Alemanha",,,20,"Terminal 2, near Gate H24 (MUC Airport), 85356 München",,"3+ fotos, 5+ fotos, cartões aceitos, comodidades, dias da semana, horário, localização exata, tempo máx",https://upload.wikimedia.org/wikipedia/commons/9/9d/LOT_Boeing_787-8_%28SP-LRA%29_arrives_London_Heathrow_11Apr2015_arp.jpg,https://upload.wikimedia.org/wikipedia/commons/9/9d/LOT_Boeing_787-8_%28SP-LRA%29_arrives_London_Heathrow_11Apr2015_arp.jpg,,MUC,7fd9f671-501b-4e19-b85b-ecdf41d6a020,1,Alemanha,Média,Pendente,,,http://www.lufthansa.com/de/en/lounges,26 de maio de 2026
Sakura Lounge NRT T2,"NRT · Narita, Japão",,,10,"古込1-1 (第2ターミナル 本館 3F 国際線), 成田市, 千葉県, 286-0104",,"1+ foto, 3+ fotos, 5+ fotos, cartões aceitos, comodidades, dias da semana, horário, localização exata, tempo máx",,,,NRT,235bf608-1ad0-4bcc-a921-ee58891dc329,0,Japão,Média,Pendente,,,http://www.jal.co.jp,26 de maio de 2026
Sala Respighi VIP lounge,"MXP · Milão, Itália",,,10,"Terminal 1 (MXP Airport), 21010 Ferno Lombardia",,"1+ foto, 3+ fotos, 5+ fotos, cartões aceitos, comodidades, dias da semana, horário, localização exata, tempo máx",,,,MXP,bde47b5e-f94b-4a8c-b7a6-95096c9c1eef,0,Itália,Média,Pendente,,,,26 de maio de 2026
Airport Lounge World,"MUC · Munique, Alemanha",,,20,"Terminal 1B (MUC Airport), 85356 München",,"3+ fotos, 5+ fotos, cartões aceitos, comodidades, dias da semana, horário, localização exata, tempo máx",https://upload.wikimedia.org/wikipedia/commons/8/8d/Athens_International_Airport_Eleftherios_Venizelos_%CE%94%CE%B9%CE%B5%CE%B8%CE%BD%CE%AE%CF%82_%CE%91%CE%B5%CF%81%CE%BF%CE%BB%CE%B9%CE%BC%CE%AD%CE%BD%CE%B1%CF%82_%CE%91%CE%B8%CE%B7%CE%BD%CF%8E%CE%BD_%CE%95%CE%BB%CE%B5%CF%85%CE%B8%CE%AD%CF%81%CE%B9%CE%BF%CF%82_%CE%92%CE%B5%CE%BD%CE%B9%CE%B6%CE%AD%CE%BB%CE%BF%CF%82_2019-12-01_i.jpg,https://upload.wikimedia.org/wikipedia/commons/8/8d/Athens_International_Airport_Eleftherios_Venizelos_%CE%94%CE%B9%CE%B5%CE%B8%CE%BD%CE%AE%CF%82_%CE%91%CE%B5%CF%81%CE%BF%CE%BB%CE%B9%CE%BC%CE%AD%CE%BD%CE%B1%CF%82_%CE%91%CE%B8%CE%B7%CE%BD%CF%8E%CE%BD_%CE%95%CE%BB%CE%B5%CF%85%CE%B8%CE%AD%CF%81%CE%B9%CE%BF%CF%82_%CE%92%CE%B5%CE%BD%CE%B9%CE%B6%CE%AD%CE%BB%CE%BF%CF%82_2019-12-01_i.jpg,,MUC,cc71f921-a358-4b3e-b17f-bddfcbeb2293,1,Alemanha,Média,Pendente,,,https://www.munich-airport.com,26 de maio de 2026
Singapore Airlines SilverKris Lounge,"MEL · Melbourne, Austrália",,,20,"T2, Tullamarine VIC 3043",,"3+ fotos, 5+ fotos, cartões aceitos, comodidades, dias da semana, horário, localização exata, tempo máx",https://upload.wikimedia.org/wikipedia/commons/e/eb/Perth_Intl_front_side_on_2015.jpg,https://upload.wikimedia.org/wikipedia/commons/e/eb/Perth_Intl_front_side_on_2015.jpg,,MEL,fa55b3e0-062a-4ae7-95b3-a842368e6304,1,Austrália,Média,Pendente,,,,26 de maio de 2026
OSL Lounge,"OSL · Oslo, Noruega",,,20,"International Terminal (OSL Airport), 2060 Gardermoen",,"3+ fotos, 5+ fotos, cartões aceitos, comodidades, dias da semana, horário, localização exata, tempo máx",https://upload.wikimedia.org/wikipedia/commons/f/f1/Oslo_Airport_terminal_night_view.jpg,https://upload.wikimedia.org/wikipedia/commons/f/f1/Oslo_Airport_terminal_night_view.jpg,,OSL,60604b35-8dde-4e2e-903f-8bc4533892ac,1,Noruega,Média,Pendente,,,,26 de maio de 2026
Iberia VIP Lounge,"ORY · Orly, França",,,20,"Terminal 3 (ORY Airport), Paris",,"3+ fotos, 5+ fotos, cartões aceitos, comodidades, dias da semana, horário, localização exata, tempo máx",https://upload.wikimedia.org/wikipedia/commons/e/ed/T2Dublin_Airport-doyler79.jpg,https://upload.wikimedia.org/wikipedia/commons/e/ed/T2Dublin_Airport-doyler79.jpg,,ORY,8e1d46fd-9b48-40b4-985c-47b92ad0648b,1,França,Média,Pendente,,,,26 de maio de 2026
Terraza By The Grand Lounge Elite,"MEX · Cidade do México, México",,,20,"Terminal 1, Capitán Carlos León S/N, 15620 Ciudad de México, Ciudad de México",,"3+ fotos, 5+ fotos, cartões aceitos, comodidades, dias da semana, horário, localização exata, tempo máx",https://upload.wikimedia.org/wikipedia/commons/0/06/Aerial_View_of_Mexico_City_Airport_on_3.21.11_%28cropped%29.jpg,https://upload.wikimedia.org/wikipedia/commons/0/06/Aerial_View_of_Mexico_City_Airport_on_3.21.11_%28cropped%29.jpg,,MEX,7abf13a2-7546-4842-bf5d-bb13e9b486c4,1,México,Média,Pendente,,,,26 de maio de 2026
Star Alliance Lounge LHR T2,"LHR · Londres, Reino Unido",Star Alliance Gold,"Ar condicionado, Bar, Centro de negócios, Chuveiro, Comida, Vista, Wi-Fi",60,Embarque internacional,,"3+ fotos, 5+ fotos, dias da semana, tempo máx",https://upload.wikimedia.org/wikipedia/commons/0/0d/London_-_Heathrow_%28LHR_-_EGLL%29_AN1572653.jpg,https://upload.wikimedia.org/wikipedia/commons/0/0d/London_-_Heathrow_%28LHR_-_EGLL%29_AN1572653.jpg,05:00-22:00,LHR,4008490a-64dd-4571-97f1-d0b57a070380,1,Reino Unido,Média,Pendente,,Terminal 2,,22 de maio de 2026
Sala de Descanso LAN,"LIM · Lima, Peru",,,10,"Aeropuerto internacional Jorge Chavez, El Callao, 01",,"1+ foto, 3+ fotos, 5+ fotos, cartões aceitos, comodidades, dias da semana, horário, localização exata, tempo máx",,,,LIM,31f42f8d-fa42-4c72-9758-755349dcedbd,0,Peru,Média,Pendente,,,,26 de maio de 2026
TAP Premium Lounge LIS (Non-Schengen),"LIS · Lisboa, Portugal","Priority Pass, Star Alliance Gold","Ar condicionado, Bar, Centro de negócios, Chuveiro, Comida, Vista, Wi-Fi",50,Embarque internacional não-Schengen,,"1+ foto, 3+ fotos, 5+ fotos, dias da semana, tempo máx",,,05:00-00:00,LIS,79fe77de-e150-4629-9217-1eecd89d46b5,0,Portugal,Média,Pendente,,Terminal 1,,22 de maio de 2026
VIP Club Lounge,"LIM · Lima, Peru",,,20,"Aeropuerto Internacional Jorge Chávez, Lima",,"3+ fotos, 5+ fotos, cartões aceitos, comodidades, dias da semana, horário, localização exata, tempo máx",https://upload.wikimedia.org/wikipedia/commons/d/d9/Kultfabrik_New_York_Tabledance_Limousine.jpg,https://upload.wikimedia.org/wikipedia/commons/d/d9/Kultfabrik_New_York_Tabledance_Limousine.jpg,,LIM,36e0fdd5-b616-4f0e-87d9-4594e993edcd,1,Peru,Média,Pendente,,,,26 de maio de 2026
Relax Zone,"OSL · Oslo, Noruega",,,20,"International Terminal (OSL Airport), 2060 Gardermoen",,"3+ fotos, 5+ fotos, cartões aceitos, comodidades, dias da semana, horário, localização exata, tempo máx",https://upload.wikimedia.org/wikipedia/commons/7/7b/Beer_at_Walmart_in_Kissimmee_FL.jpg,https://upload.wikimedia.org/wikipedia/commons/7/7b/Beer_at_Walmart_in_Kissimmee_FL.jpg,,OSL,e3177f3e-81f6-47a9-8e6f-d512b6b56854,1,Noruega,Média,Pendente,,,,26 de maio de 2026
SAS Next Generation Lounge,"OSL · Oslo, Noruega",,,20,"International Terminal (OSL Airport), 2060 Gardermoen",,"3+ fotos, 5+ fotos, cartões aceitos, comodidades, dias da semana, horário, localização exata, tempo máx",https://upload.wikimedia.org/wikipedia/commons/0/0a/Scandinavian_Airlines_System_%2849606868433%29.jpg,https://upload.wikimedia.org/wikipedia/commons/0/0a/Scandinavian_Airlines_System_%2849606868433%29.jpg,,OSL,e70f4a23-7a4e-46b0-ab96-7389add06573,1,Noruega,Média,Pendente,,,,26 de maio de 2026
Premium Lounge,"MXP · Milão, Itália",,,20,21010 Ferno Lombardia,,"3+ fotos, 5+ fotos, cartões aceitos, comodidades, dias da semana, horário, localização exata, tempo máx",https://upload.wikimedia.org/wikipedia/commons/8/8d/Athens_International_Airport_Eleftherios_Venizelos_%CE%94%CE%B9%CE%B5%CE%B8%CE%BD%CE%AE%CF%82_%CE%91%CE%B5%CF%81%CE%BF%CE%BB%CE%B9%CE%BC%CE%AD%CE%BD%CE%B1%CF%82_%CE%91%CE%B8%CE%B7%CE%BD%CF%8E%CE%BD_%CE%95%CE%BB%CE%B5%CF%85%CE%B8%CE%AD%CF%81%CE%B9%CE%BF%CF%82_%CE%92%CE%B5%CE%BD%CE%B9%CE%B6%CE%AD%CE%BB%CE%BF%CF%82_2019-12-01_i.jpg,https://upload.wikimedia.org/wikipedia/commons/8/8d/Athens_International_Airport_Eleftherios_Venizelos_%CE%94%CE%B9%CE%B5%CE%B8%CE%BD%CE%AE%CF%82_%CE%91%CE%B5%CF%81%CE%BF%CE%BB%CE%B9%CE%BC%CE%AD%CE%BD%CE%B1%CF%82_%CE%91%CE%B8%CE%B7%CE%BD%CF%8E%CE%BD_%CE%95%CE%BB%CE%B5%CF%85%CE%B8%CE%AD%CF%81%CE%B9%CE%BF%CF%82_%CE%92%CE%B5%CE%BD%CE%B9%CE%B6%CE%AD%CE%BB%CE%BF%CF%82_2019-12-01_i.jpg,,MXP,fa56a71d-8bd9-41fa-98fe-bc0ed93a6204,1,Itália,Média,Pendente,,,,26 de maio de 2026
Latam Signature Check In,"LIM · Lima, Peru",,,10,,,"3+ fotos, 5+ fotos, cartões aceitos, comodidades, descrição, dias da semana, horário, localização exata, tempo máx",https://upload.wikimedia.org/wikipedia/commons/0/08/Boston_Logan_International_Airport_on_Massachusetts_Bay_%28iss072e311839%29_%28cropped%29.jpg,https://upload.wikimedia.org/wikipedia/commons/0/08/Boston_Logan_International_Airport_on_Massachusetts_Bay_%28iss072e311839%29_%28cropped%29.jpg,,LIM,7dd466eb-3249-45b5-bb80-c85441bcb736,1,Peru,Média,Pendente,,,,26 de maio de 2026
Lufthansa Senator Lounge II (Schengen),"MUC · Munique, Alemanha",,,20,"Terminal 2, near Gate G24 (MUC Airport), 85356 München",,"3+ fotos, 5+ fotos, cartões aceitos, comodidades, dias da semana, horário, localização exata, tempo máx",https://upload.wikimedia.org/wikipedia/commons/9/9d/LOT_Boeing_787-8_%28SP-LRA%29_arrives_London_Heathrow_11Apr2015_arp.jpg,https://upload.wikimedia.org/wikipedia/commons/9/9d/LOT_Boeing_787-8_%28SP-LRA%29_arrives_London_Heathrow_11Apr2015_arp.jpg,,MUC,161f5577-a5f3-4ca3-9cb1-1282072287e2,1,Alemanha,Média,Pendente,,,http://www.lufthansa.com/de/en/lounges,26 de maio de 2026
The Emirates Lounge,"MEL · Melbourne, Austrália",,,20,"Terminal 2, Tullamarine VIC 3045",,"3+ fotos, 5+ fotos, cartões aceitos, comodidades, dias da semana, horário, localização exata, tempo máx",https://upload.wikimedia.org/wikipedia/commons/e/eb/Perth_Intl_front_side_on_2015.jpg,https://upload.wikimedia.org/wikipedia/commons/e/eb/Perth_Intl_front_side_on_2015.jpg,,MEL,fc7b849d-85d4-4e79-8bf9-f8b08c7adb4a,1,Austrália,Média,Pendente,,,http://www.emirates.com,26 de maio de 2026
Dynasty Lounge (ダイナスティ・ラウンジ),"NRT · Narita, Japão",,,10,"古込1-1 (Narita International Airport Terminal 2, Main Bldg), 成田市, 千葉県, 282-8601",,"1+ foto, 3+ fotos, 5+ fotos, cartões aceitos, comodidades, dias da semana, horário, localização exata, tempo máx",,,,NRT,86d62f25-a392-43dd-bfd6-c36a70a1318b,0,Japão,Média,Pendente,,,,26 de maio de 2026
Executive Class Lounge PEK T3,"PEK · Pequim, China",,,10,"T3 Beijing Intl Airport, 北京市, 北京市",,"1+ foto, 3+ fotos, 5+ fotos, cartões aceitos, comodidades, dias da semana, horário, localização exata, tempo máx",,,,PEK,d74f4629-71fb-4dc0-9bd8-45c3975e7dce,0,China,Média,Pendente,,,,26 de maio de 2026
ANA SUITE LOUNGE NRT,"NRT · Narita, Japão",,,20,"三里塚1-1 (第1ターミナル 第5サテライト 4F), 成田市, 千葉県, 282-0011",,"3+ fotos, 5+ fotos, cartões aceitos, comodidades, dias da semana, horário, localização exata, tempo máx",https://upload.wikimedia.org/wikipedia/commons/1/19/JA02WJ_JFK_Landing_22L_JL_A350_1041_Small_%2853548157200%29.png,https://upload.wikimedia.org/wikipedia/commons/1/19/JA02WJ_JFK_Landing_22L_JL_A350_1041_Small_%2853548157200%29.png,,NRT,c3b6683a-f2c3-48ed-b65a-cbbe09d53626,1,Japão,Média,Pendente,,,https://www.ana.co.jp,26 de maio de 2026
ANA ARRIVAL LOUNGE NRT,"NRT · Narita, Japão",,,20,"成田国際空港 (第1ターミナル 1F), 成田市, 千葉県, 282-0011",,"3+ fotos, 5+ fotos, cartões aceitos, comodidades, dias da semana, horário, localização exata, tempo máx",https://upload.wikimedia.org/wikipedia/commons/7/7d/All_haneda.jpg,https://upload.wikimedia.org/wikipedia/commons/7/7d/All_haneda.jpg,,NRT,75fbdc24-7bc4-41e1-a07b-3ad5f74069d0,1,Japão,Média,Pendente,,,http://www.ana.co.jp,26 de maio de 2026
Cathay Pacific Lounge PEK,"PEK · Pequim, China",,,20,"Beijing Capital Intl Airport T3-E (opposite to Gate E21), 北京市, 北京市",,"3+ fotos, 5+ fotos, cartões aceitos, comodidades, dias da semana, horário, localização exata, tempo máx",https://upload.wikimedia.org/wikipedia/commons/a/af/Aerial_view_of_Beijing_Capital_International_Airport_%28cropped%29.jpg,https://upload.wikimedia.org/wikipedia/commons/a/af/Aerial_view_of_Beijing_Capital_International_Airport_%28cropped%29.jpg,,PEK,3c764d49-3d65-4fa1-8f80-4808dde0e07e,1,China,Média,Pendente,,,,26 de maio de 2026
Lufthansa Business Lounge,"MXP · Milão, Itália",,,20,"Terminal 1 (MXP Airport), 21010 Ferno Lombardia",,"3+ fotos, 5+ fotos, cartões aceitos, comodidades, dias da semana, horário, localização exata, tempo máx",https://upload.wikimedia.org/wikipedia/commons/e/ed/T2Dublin_Airport-doyler79.jpg,https://upload.wikimedia.org/wikipedia/commons/e/ed/T2Dublin_Airport-doyler79.jpg,,MXP,2456c50d-9a91-4fd7-a257-d1b8cdc940a0,1,Itália,Média,Pendente,,,http://www.lufthansa.com/de/en/lounges,26 de maio de 2026
Smoking Lounge PEK,"PEK · Pequim, China",,,20,"Beijing Capital Intl Aiport T2, 北京市, 北京市",,"3+ fotos, 5+ fotos, cartões aceitos, comodidades, dias da semana, horário, localização exata, tempo máx",https://upload.wikimedia.org/wikipedia/commons/a/ac/Chequered_Miniskirt.jpg,https://upload.wikimedia.org/wikipedia/commons/a/ac/Chequered_Miniskirt.jpg,,PEK,c2683dce-35ef-471d-8a4a-0fac8ec289b0,1,China,Média,Pendente,,,,26 de maio de 2026
Air France Lounge,"ORY · Orly, França",,,20,"Terminal 2 (ORY Airport), Paris, Île-de-France",,"3+ fotos, 5+ fotos, cartões aceitos, comodidades, dias da semana, horário, localização exata, tempo máx",https://upload.wikimedia.org/wikipedia/commons/8/8d/Athens_International_Airport_Eleftherios_Venizelos_%CE%94%CE%B9%CE%B5%CE%B8%CE%BD%CE%AE%CF%82_%CE%91%CE%B5%CF%81%CE%BF%CE%BB%CE%B9%CE%BC%CE%AD%CE%BD%CE%B1%CF%82_%CE%91%CE%B8%CE%B7%CE%BD%CF%8E%CE%BD_%CE%95%CE%BB%CE%B5%CF%85%CE%B8%CE%AD%CF%81%CE%B9%CE%BF%CF%82_%CE%92%CE%B5%CE%BD%CE%B9%CE%B6%CE%AD%CE%BB%CE%BF%CF%82_2019-12-01_i.jpg,https://upload.wikimedia.org/wikipedia/commons/8/8d/Athens_International_Airport_Eleftherios_Venizelos_%CE%94%CE%B9%CE%B5%CE%B8%CE%BD%CE%AE%CF%82_%CE%91%CE%B5%CF%81%CE%BF%CE%BB%CE%B9%CE%BC%CE%AD%CE%BD%CE%B1%CF%82_%CE%91%CE%B8%CE%B7%CE%BD%CF%8E%CE%BD_%CE%95%CE%BB%CE%B5%CF%85%CE%B8%CE%AD%CF%81%CE%B9%CE%BF%CF%82_%CE%92%CE%B5%CE%BD%CE%B9%CE%B6%CE%AD%CE%BB%CE%BF%CF%82_2019-12-01_i.jpg,,ORY,2d7904a5-5681-4431-ad1b-7f29b40dfcea,1,França,Média,Pendente,,,,26 de maio de 2026
Lufthansa First Class Lounge,"MUC · Munique, Alemanha",,,20,"Terminal 2, near Gates G21/H21 (MUC Airport), 85326 München",,"3+ fotos, 5+ fotos, cartões aceitos, comodidades, dias da semana, horário, localização exata, tempo máx",https://upload.wikimedia.org/wikipedia/commons/7/75/OE-LPM_%40_VIE%2C_2024-08-30.jpg,https://upload.wikimedia.org/wikipedia/commons/7/75/OE-LPM_%40_VIE%2C_2024-08-30.jpg,,MUC,9e054893-2865-45bf-b424-747809c3b4af,1,Alemanha,Média,Pendente,,,http://www.lufthansa.com/de/en/lounges,26 de maio de 2026
SAS Lounge,"OSL · Oslo, Noruega",,,20,"International Terminal (OSL Airport), 2061 Ullensaker",,"3+ fotos, 5+ fotos, cartões aceitos, comodidades, dias da semana, horário, localização exata, tempo máx",https://upload.wikimedia.org/wikipedia/commons/0/0a/Scandinavian_Airlines_System_%2849606868433%29.jpg,https://upload.wikimedia.org/wikipedia/commons/0/0a/Scandinavian_Airlines_System_%2849606868433%29.jpg,,OSL,7aa7fc7d-9d4b-489d-a146-ae9fa156214e,1,Noruega,Média,Pendente,,,,26 de maio de 2026
El Salon by Newrest,"LIM · Lima, Peru",,,0,,,"1+ foto, 3+ fotos, 5+ fotos, cartões aceitos, comodidades, descrição, dias da semana, horário, localização exata, tempo máx",,,,LIM,5cfe30fd-4a7c-4aa5-936b-1f8d8f586b0f,0,Peru,Média,Pendente,,,,26 de maio de 2026
Narita Premier Lounge,"NRT · Narita, Japão",,,20,"三里塚御料牧場1-1, 成田市, 千葉県, 282-8601",,"3+ fotos, 5+ fotos, cartões aceitos, comodidades, dias da semana, horário, localização exata, tempo máx",https://upload.wikimedia.org/wikipedia/commons/7/7d/All_haneda.jpg,https://upload.wikimedia.org/wikipedia/commons/7/7d/All_haneda.jpg,,NRT,97db1917-eab7-4382-a463-4905582a3649,1,Japão,Média,Pendente,,,,26 de maio de 2026
ANA LOUNGE NRT T1,"NRT · Narita, Japão",,,20,"三里塚御料牧場1-1 (第1ターミナル 第5サテライト 4F), 成田市, 千葉県, 282-0011",,"3+ fotos, 5+ fotos, cartões aceitos, comodidades, dias da semana, horário, localização exata, tempo máx",https://upload.wikimedia.org/wikipedia/commons/d/de/San_Francisco_International_Airport_-_aerial_photo.jpg,https://upload.wikimedia.org/wikipedia/commons/d/de/San_Francisco_International_Airport_-_aerial_photo.jpg,,NRT,07e221a0-9e8f-498b-a5e8-1c97e8585e2a,1,Japão,Média,Pendente,,,http://www.ana.co.jp,26 de maio de 2026
Qantas International Business Lounge,"MEL · Melbourne, Austrália",,,20,"Terminal 2, Melbourne Airport VIC 3045",,"3+ fotos, 5+ fotos, cartões aceitos, comodidades, dias da semana, horário, localização exata, tempo máx",https://upload.wikimedia.org/wikipedia/commons/f/fd/9V-SGB_JFK_Taxiing_In_SQ_A359_941_ULR_Small.png,https://upload.wikimedia.org/wikipedia/commons/f/fd/9V-SGB_JFK_Taxiing_In_SQ_A359_941_ULR_Small.png,,MEL,6d7457e3-333c-43e8-beeb-40e2e1aef1f5,1,Austrália,Média,Pendente,,,http://www.qantas.com/travel/airlines/lounge-locations/melbourne/international-t2/international-business-lounge/global/en,26 de maio de 2026
Sala VIP Velázquez Iberia MAD T4,"MAD · Madrid, Espanha","OneWorld Emerald, OneWorld Sapphire","Ar condicionado, Bar, Centro de negócios, Comida, Wi-Fi",50,Embarque Schengen T4,,"1+ foto, 3+ fotos, 5+ fotos, dias da semana, tempo máx",,,05:00-23:00,MAD,1cc1ee98-94ae-427a-b799-0814cc3d40ba,0,Espanha,Média,Pendente,,Terminal 4,,22 de maio de 2026
Hna Club And Hong Kong Air Lounge,"PEK · Pequim, China",,,20,"北京市, 北京市, 100000",,"3+ fotos, 5+ fotos, cartões aceitos, comodidades, dias da semana, horário, localização exata, tempo máx",https://upload.wikimedia.org/wikipedia/commons/d/d6/B-LHB%40HKG_%2820180903122406%29.jpg,https://upload.wikimedia.org/wikipedia/commons/d/d6/B-LHB%40HKG_%2820180903122406%29.jpg,,PEK,f2ca257b-e8d6-467d-a197-73dd12f99ab1,1,China,Média,Pendente,,,,26 de maio de 2026
British Airways VIP Lounge,"ORY · Orly, França",,,20,"Terminal 3 (ORY Airport), Paris",,"3+ fotos, 5+ fotos, cartões aceitos, comodidades, dias da semana, horário, localização exata, tempo máx",https://upload.wikimedia.org/wikipedia/commons/e/ed/T2Dublin_Airport-doyler79.jpg,https://upload.wikimedia.org/wikipedia/commons/e/ed/T2Dublin_Airport-doyler79.jpg,,ORY,6fd50bcf-59fd-49de-ae30-7d2cffe9d44f,1,França,Média,Pendente,,,,26 de maio de 2026
ANA Lounge,"OPO · Porto, Portugal",,,20,"Departures OPO (OPO Airport), 4470-558 Maia",,"3+ fotos, 5+ fotos, cartões aceitos, comodidades, dias da semana, horário, localização exata, tempo máx",https://upload.wikimedia.org/wikipedia/commons/e/eb/Perth_Intl_front_side_on_2015.jpg,https://upload.wikimedia.org/wikipedia/commons/e/eb/Perth_Intl_front_side_on_2015.jpg,,OPO,aa2badfc-f12f-4982-8eaf-0c9ce1db8154,1,Portugal,Média,Pendente,,,http://www.ana.co.jp,26 de maio de 2026
Sala lntermezo VIP Lounge,"MXP · Milão, Itália",,,10,"Terminal 1 (MXP Airport), 21010 Ferno Lombardia",,"1+ foto, 3+ fotos, 5+ fotos, cartões aceitos, comodidades, dias da semana, horário, localização exata, tempo máx",,,,MXP,1dde4cbd-4703-4a92-95e0-cfa2bbe51448,0,Itália,Média,Pendente,,,,26 de maio de 2026
Copa Airlines,"LIM · Lima, Peru",,,20,"Aeropuerto de Lima, Callao, Lima",,"3+ fotos, 5+ fotos, cartões aceitos, comodidades, dias da semana, horário, localização exata, tempo máx",https://upload.wikimedia.org/wikipedia/commons/9/9a/Singapore_Airlines_Airbus_A350-941_F-WZFD_to_9V-SMF.jpg,https://upload.wikimedia.org/wikipedia/commons/9/9a/Singapore_Airlines_Airbus_A350-941_F-WZFD_to_9V-SMF.jpg,,LIM,cd51fa36-bffd-4373-aca1-25a5aef5fa24,1,Peru,Média,Pendente,,,http://www.copa.com,26 de maio de 2026
Cathay Pacific Lounge LHR T3,"LHR · Londres, Reino Unido","OneWorld Emerald, OneWorld Sapphire","Ar condicionado, Bar, Centro de negócios, Chuveiro, Comida, Wi-Fi",50,Embarque Cathay,,"1+ foto, 3+ fotos, 5+ fotos, dias da semana, tempo máx",,,07:00-22:00,LHR,b5e4eb33-021c-48f1-81a2-33ac24b76d8c,0,Reino Unido,Média,Pendente,,Terminal 3,,22 de maio de 2026
Plaza Premium Lounge LHR T2 Arrivals,"LHR · Londres, Reino Unido","LoungeKey, Plaza Premium, Priority Pass","Ar condicionado, Bar, Chuveiro, Comida, Wi-Fi",60,Área de desembarque,,"3+ fotos, 5+ fotos, dias da semana, tempo máx",https://upload.wikimedia.org/wikipedia/commons/c/c7/Terminal_5_at_London_Heathrow_Airport%2C_2008.jpg,https://upload.wikimedia.org/wikipedia/commons/c/c7/Terminal_5_at_London_Heathrow_Airport%2C_2008.jpg,05:00-22:00,LHR,99b2b5f5-341c-46ff-bab9-9b26722ec1ef,1,Reino Unido,Média,Pendente,,Terminal 2,,22 de maio de 2026
The Grand Lounge Elite,"MEX · Cidade do México, México",,,20,"Terminal 1 (Aeropuerto Internacional de la Ciudad de México), 15620 Venustiano Carranza, Ciudad de México",,"3+ fotos, 5+ fotos, cartões aceitos, comodidades, dias da semana, horário, localização exata, tempo máx",https://upload.wikimedia.org/wikipedia/commons/0/06/Aerial_View_of_Mexico_City_Airport_on_3.21.11_%28cropped%29.jpg,https://upload.wikimedia.org/wikipedia/commons/0/06/Aerial_View_of_Mexico_City_Airport_on_3.21.11_%28cropped%29.jpg,,MEX,80a576b0-087d-4120-bdc5-057adc1d19f2,1,México,Média,Pendente,,,https://thegrandloungeelite.com.mx/en,26 de maio de 2026
Lounge 19 By Grand Lounge Elite,"MEX · Cidade do México, México",,,20,"Terminal 1 AICM, Ciudad de México, Ciudad de México",,"3+ fotos, 5+ fotos, cartões aceitos, comodidades, dias da semana, horário, localização exata, tempo máx",https://upload.wikimedia.org/wikipedia/commons/0/06/Aerial_View_of_Mexico_City_Airport_on_3.21.11_%28cropped%29.jpg,https://upload.wikimedia.org/wikipedia/commons/0/06/Aerial_View_of_Mexico_City_Airport_on_3.21.11_%28cropped%29.jpg,,MEX,bed70d55-1cf1-4559-ad5f-d99144c35234,1,México,Média,Pendente,,,,26 de maio de 2026
Turkish Airlines Lounge MIA,"MIA · Miami, Estados Unidos",Star Alliance Gold,"Ar condicionado, Bar, Centro de negócios, Comida, Wi-Fi",60,Embarque Turkish,,"3+ fotos, 5+ fotos, dias da semana, tempo máx",https://upload.wikimedia.org/wikipedia/commons/a/a1/Miami_International_Airport_%28KMIA-MIA%29_%288204606870%29.jpg,https://upload.wikimedia.org/wikipedia/commons/a/a1/Miami_International_Airport_%28KMIA-MIA%29_%288204606870%29.jpg,17:00-23:00,MIA,f5e395f1-08ef-4c82-880f-a22b475c9464,1,Estados Unidos,Média,Pendente,,Concourse J,,22 de maio de 2026
Lufthansa Senator Lounge (Satellit Non-Schengen),"MUC · Munique, Alemanha",,,10,"Terminal 2 Satellite, near Gate L11 (MUC Airport), 85356 München",,"1+ foto, 3+ fotos, 5+ fotos, cartões aceitos, comodidades, dias da semana, horário, localização exata, tempo máx",,,,MUC,643e46f6-5291-41e0-8e6d-477d83eb091a,0,Alemanha,Média,Pendente,,,http://www.lufthansa.com,26 de maio de 2026
SAS Gold Lounge,"OSL · Oslo, Noruega",,,20,"Terminal (OSL Airport), 2060 Gardermoen",,"3+ fotos, 5+ fotos, cartões aceitos, comodidades, dias da semana, horário, localização exata, tempo máx",https://upload.wikimedia.org/wikipedia/commons/0/0a/Scandinavian_Airlines_System_%2849606868433%29.jpg,https://upload.wikimedia.org/wikipedia/commons/0/0a/Scandinavian_Airlines_System_%2849606868433%29.jpg,,OSL,0e940bf5-84d2-4f11-a0b6-0f184a72bfb2,1,Noruega,Média,Pendente,,,http://www.sas.se,26 de maio de 2026
Premium Traveller Lounge,"ORY · Orly, França",,,20,"Terminal 3 (ORY Airport), Paris",,"3+ fotos, 5+ fotos, cartões aceitos, comodidades, dias da semana, horário, localização exata, tempo máx",https://upload.wikimedia.org/wikipedia/commons/d/de/Sala_Dal%C3%AD_-_Rinc%C3%B3n_del_Vino_%285657319902%29.jpg,https://upload.wikimedia.org/wikipedia/commons/d/de/Sala_Dal%C3%AD_-_Rinc%C3%B3n_del_Vino_%285657319902%29.jpg,,ORY,fcb51628-e8f2-4878-a1f6-3487883ae222,1,França,Média,Pendente,,,,26 de maio de 2026
The Lounge,"MEX · Cidade do México, México",,,20,"Gate 31, 15620 Ciudad de México, Ciudad de México",,"3+ fotos, 5+ fotos, cartões aceitos, comodidades, dias da semana, horário, localização exata, tempo máx",https://upload.wikimedia.org/wikipedia/commons/0/06/Aerial_View_of_Mexico_City_Airport_on_3.21.11_%28cropped%29.jpg,https://upload.wikimedia.org/wikipedia/commons/0/06/Aerial_View_of_Mexico_City_Airport_on_3.21.11_%28cropped%29.jpg,,MEX,3b4cad0f-f2e4-4256-a571-4f8c5bd051cb,1,México,Média,Pendente,,,,26 de maio de 2026
Plaza Premium Lounge LHR T5,"LHR · Londres, Reino Unido","LoungeKey, Plaza Premium, Priority Pass, Visa Airport Companion","Ar condicionado, Bar, Centro de negócios, Chuveiro, Comida, Wi-Fi",60,Embarque,,"3+ fotos, 5+ fotos, dias da semana, tempo máx",https://upload.wikimedia.org/wikipedia/commons/c/c7/Terminal_5_at_London_Heathrow_Airport%2C_2008.jpg,https://upload.wikimedia.org/wikipedia/commons/c/c7/Terminal_5_at_London_Heathrow_Airport%2C_2008.jpg,05:00-22:00,LHR,9d21427a-2cae-4227-927a-53d769b7d7c1,1,Reino Unido,Média,Pendente,,Terminal 5,,22 de maio de 2026
Etihad Airways Premium Lounge,"MEL · Melbourne, Austrália",,,20,"Terminal 2, Melbourne Airport VIC 3045",,"3+ fotos, 5+ fotos, cartões aceitos, comodidades, dias da semana, horário, localização exata, tempo máx",https://upload.wikimedia.org/wikipedia/commons/f/fd/9V-SGB_JFK_Taxiing_In_SQ_A359_941_ULR_Small.png,https://upload.wikimedia.org/wikipedia/commons/f/fd/9V-SGB_JFK_Taxiing_In_SQ_A359_941_ULR_Small.png,,MEL,7ac16a5d-fe6b-411c-b39f-bda11a8f67e0,1,Austrália,Média,Pendente,,,,26 de maio de 2026
Virgin Australia Lounge,"MEL · Melbourne, Austrália",,,20,"Terminal 3, Melbourne Airport VIC 3045",,"3+ fotos, 5+ fotos, cartões aceitos, comodidades, dias da semana, horário, localização exata, tempo máx",https://upload.wikimedia.org/wikipedia/commons/2/29/Adelaide_International_Airport_1.jpg,https://upload.wikimedia.org/wikipedia/commons/2/29/Adelaide_International_Airport_1.jpg,,MEL,53beba76-a042-49c4-b221-362ccdd8dee0,1,Austrália,Média,Pendente,,,,26 de maio de 2026
Via Milano Lounge,"MXP · Milão, Itália",,,20,"Aeroporto di Milano Malpensa (MXP Airport), 21019 Somma Lombardo Lombardia",,"3+ fotos, 5+ fotos, cartões aceitos, comodidades, dias da semana, horário, localização exata, tempo máx",https://upload.wikimedia.org/wikipedia/commons/2/2b/Sal%C3%A9_Airport.jpg,https://upload.wikimedia.org/wikipedia/commons/2/2b/Sal%C3%A9_Airport.jpg,,MXP,1cef64c6-10b7-4016-a0c6-5f6cd85d5cd2,1,Itália,Média,Pendente,,,https://www.milanomalpensa-airport.com,26 de maio de 2026
Qantas Domestic Business Lounge,"MEL · Melbourne, Austrália",,,20,"Terminal 1, Melbourne Airport VIC 3045",,"3+ fotos, 5+ fotos, cartões aceitos, comodidades, dias da semana, horário, localização exata, tempo máx",https://upload.wikimedia.org/wikipedia/commons/e/eb/Perth_Intl_front_side_on_2015.jpg,https://upload.wikimedia.org/wikipedia/commons/e/eb/Perth_Intl_front_side_on_2015.jpg,,MEL,6dc2a6b5-c1eb-44b4-b815-39b2eb071655,1,Austrália,Média,Pendente,,,http://www.qantas.com.au,26 de maio de 2026
VIP Lounge United Airlines,"MEX · Cidade do México, México",,,20,"Terminal 1 (Aeropuerto Internacional de la Ciudad de México), 15620 Venustiano Carranza, Ciudad de México",,"3+ fotos, 5+ fotos, cartões aceitos, comodidades, dias da semana, horário, localização exata, tempo máx",https://upload.wikimedia.org/wikipedia/commons/0/06/Aerial_View_of_Mexico_City_Airport_on_3.21.11_%28cropped%29.jpg,https://upload.wikimedia.org/wikipedia/commons/0/06/Aerial_View_of_Mexico_City_Airport_on_3.21.11_%28cropped%29.jpg,,MEX,87d752dc-71f4-4d0d-8bcc-c71fa8699fc0,1,México,Média,Pendente,,,,26 de maio de 2026
The Emirates Lounge NRT,"NRT · Narita, Japão",,,20,"古込1 (第2ターミナル本館 4F), 成田市, 千葉県, 286-0104",,"3+ fotos, 5+ fotos, cartões aceitos, comodidades, dias da semana, horário, localização exata, tempo máx",https://upload.wikimedia.org/wikipedia/commons/1/19/JA02WJ_JFK_Landing_22L_JL_A350_1041_Small_%2853548157200%29.png,https://upload.wikimedia.org/wikipedia/commons/1/19/JA02WJ_JFK_Landing_22L_JL_A350_1041_Small_%2853548157200%29.png,,NRT,328068b0-9ce7-452d-a577-8ada1712b3d9,1,Japão,Média,Pendente,,,,26 de maio de 2026
SAS Domestic Lounge,"OSL · Oslo, Noruega",,,20,"Domestic Terminal (OSL Airport), 2060 Gardermoen",,"3+ fotos, 5+ fotos, cartões aceitos, comodidades, dias da semana, horário, localização exata, tempo máx",https://upload.wikimedia.org/wikipedia/commons/0/0a/Scandinavian_Airlines_System_%2849606868433%29.jpg,https://upload.wikimedia.org/wikipedia/commons/0/0a/Scandinavian_Airlines_System_%2849606868433%29.jpg,,OSL,80a1fa38-d74b-4526-8f36-be7b0c93b644,1,Noruega,Média,Pendente,,,,26 de maio de 2026
Qantas Lounge LHR T3,"LHR · Londres, Reino Unido","OneWorld Emerald, OneWorld Sapphire","Ar condicionado, Bar, Centro de negócios, Chuveiro, Comida, Vista, Wi-Fi",50,Embarque Qantas,,"1+ foto, 3+ fotos, 5+ fotos, dias da semana, tempo máx",,,07:00-22:00,LHR,8318d9dd-d72f-43ea-9681-75d2ead9da72,0,Reino Unido,Média,Pendente,,Terminal 3,,22 de maio de 2026
Johnnie Walker Lounge,"MEX · Cidade do México, México",,,20,"Terminal 1 (Aeropuerto Internacional de la Ciudad de México), Venustiano Carranza, Ciudad de México",,"3+ fotos, 5+ fotos, cartões aceitos, comodidades, dias da semana, horário, localização exata, tempo máx",https://upload.wikimedia.org/wikipedia/commons/3/36/Lollapalooza_2015.JPG,https://upload.wikimedia.org/wikipedia/commons/3/36/Lollapalooza_2015.JPG,,MEX,434cc14f-bed9-4a07-a9a3-a0e4629fec94,1,México,Média,Pendente,,,,26 de maio de 2026
TAP Lounge,"ORY · Orly, França",,,20,"Terminal 2 (ORY Airport), Paris",,"3+ fotos, 5+ fotos, cartões aceitos, comodidades, dias da semana, horário, localização exata, tempo máx",https://upload.wikimedia.org/wikipedia/commons/8/8d/Athens_International_Airport_Eleftherios_Venizelos_%CE%94%CE%B9%CE%B5%CE%B8%CE%BD%CE%AE%CF%82_%CE%91%CE%B5%CF%81%CE%BF%CE%BB%CE%B9%CE%BC%CE%AD%CE%BD%CE%B1%CF%82_%CE%91%CE%B8%CE%B7%CE%BD%CF%8E%CE%BD_%CE%95%CE%BB%CE%B5%CF%85%CE%B8%CE%AD%CF%81%CE%B9%CE%BF%CF%82_%CE%92%CE%B5%CD%BD%CE%B9%CE%B6%CE%AD%CE%BB%CE%BF%CF%82_2019-12-01_i.jpg,https://upload.wikimedia.org/wikipedia/commons/8/8d/Athens_International_Airport_Eleftherios_Venizelos_%CE%94%CE%B9%CE%B5%CE%B8%CE%BD%CE%AE%CF%82_%CE%91%CE%B5%CF%81%CE%BF%CE%BB%CE%B9%CE%BC%CE%AD%CE%BD%CE%B1%CF%82_%CE%91%CE%B8%CE%B7%CE%BD%CF%8E%CE%BD_%CE%95%CE%BB%CE%B5%CF%85%CE%B8%CE%AD%CF%81%CE%B9%CE%BF%CF%82_%CE%92%CE%B5%CE%BD%CE%B9%CE%B6%CE%AD%CE%BB%CE%BF%CF%82_2019-12-01_i.jpg,,ORY,78e6aec4-f6f3-4449-bf46-be58d86ae5eb,1,França,Média,Pendente,,,,26 de maio de 2026
Sala VIP Puerta del Sol MAD T1,"MAD · Madrid, Espanha","DragonPass, LoungeKey, Priority Pass, Visa Airport Companion","Ar condicionado, Bar, Chuveiro, Comida, Wi-Fi",50,Embarque,,"1+ foto, 3+ fotos, 5+ fotos, dias da semana, tempo máx",,,05:00-23:00,MAD,24c1d353-3f6f-4718-9a8b-8f659f8f376c,0,Espanha,Média,Pendente,,Terminal 1,,22 de maio de 2026
Icare Lounge (Salon Icare),"ORY · Orly, França",,,20,"Terminal 1, Porte D (ORY Airport), Paris",,"3+ fotos, 5+ fotos, cartões aceitos, comodidades, dias da semana, horário, localização exata, tempo máx",https://upload.wikimedia.org/wikipedia/commons/b/b5/Air_France_Boeing_777-300ER_F-GSQM_IAD_VA1.jpg,https://upload.wikimedia.org/wikipedia/commons/b/b5/Air_France_Boeing_777-300ER_F-GSQM_IAD_VA1.jpg,,ORY,d36add2e-641b-4eed-a2fd-323a35ffb450,1,França,Média,Pendente,,,,26 de maio de 2026
Qantas International First Lounge,"MEL · Melbourne, Austrália",,,20,"Terminal 2, Melbourne Airport VIC 3045",,"3+ fotos, 5+ fotos, cartões aceitos, comodidades, dias da semana, horário, localização exata, tempo máx",https://upload.wikimedia.org/wikipedia/commons/f/fd/9V-SGB_JFK_Taxiing_In_SQ_A359_941_ULR_Small.png,https://upload.wikimedia.org/wikipedia/commons/f/fd/9V-SGB_JFK_Taxiing_In_SQ_A359_941_ULR_Small.png,,MEL,c1546954-c5e5-4124-af91-c1cb3de43e34,1,Austrália,Média,Pendente,,,http://www.qantas.com/travel/airlines/lounge-locations/melbourne/international-t2/international-first-lounge/global/en,26 de maio de 2026
Hanaq VIP Lounge,"LIM · Lima, Peru",,,10,"Terminal Internacional (LIM Airport), Lima",,"1+ foto, 3+ fotos, 5+ fotos, cartões aceitos, comodidades, dias da semana, horário, localização exata, tempo máx",,,,LIM,334eb815-4ebc-4dd5-a2c8-003ea47b5271,0,Peru,Média,Pendente,,,,26 de maio de 2026
Sala VIP Cibeles Iberia MAD T4,"MAD · Madrid, Espanha","OneWorld Emerald, OneWorld Sapphire","Ar condicionado, Bar, Centro de negócios, Chuveiro, Comida, Vista, Wi-Fi",50,Embarque internacional T4S,,"1+ foto, 3+ fotos, 5+ fotos, dias da semana, tempo máx",,,24h,MAD,3c4289b9-09c5-4552-b885-45c9ab71350f,0,Espanha,Média,Pendente,,Terminal 4S,,22 de maio de 2026
Admirals Club MIA D15,"MIA · Miami, Estados Unidos","OneWorld Emerald, OneWorld Sapphire","Ar condicionado, Bar, Centro de negócios, Comida, Wi-Fi",50,Embarque,,"1+ foto, 3+ fotos, 5+ fotos, dias da semana, tempo máx",,,04:30-22:30,MIA,ace126d2-e088-4420-9037-b8b2d39d7613,0,Estados Unidos,Média,Pendente,,Concourse D,,22 de maio de 2026
Chase Sapphire Lounge MIA,"MIA · Miami, Estados Unidos","Chase Sapphire Lounges, Priority Pass","Ar condicionado, Bar, Centro de negócios, Comida, Vista, Wi-Fi",60,Embarque,,"3+ fotos, 5+ fotos, dias da semana, tempo máx",https://upload.wikimedia.org/wikipedia/commons/f/fb/Four_Commedia_dell%E2%80%99Arte_Figures_claude-gillot.jpg,https://upload.wikimedia.org/wikipedia/commons/f/fb/Four_Commedia_dell%E2%80%99Arte_Figures_claude-gillot.jpg,05:00-22:00,MIA,7f4defac-e3ff-4373-bfc5-52fe17f7cea8,1,Estados Unidos,Média,Pendente,,Concourse D,,22 de maio de 2026
American Express Centurion Lounge MIA,"MIA · Miami, Estados Unidos","Amex Centurion, Amex Platinum","Ar condicionado, Bar, Centro de negócios, Chuveiro, Comida, Vista, Wi-Fi",60,Embarque,,"3+ fotos, 5+ fotos, dias da semana, tempo máx",https://upload.wikimedia.org/wikipedia/commons/a/a1/Miami_International_Airport_%28KMIA-MIA%29_%288204606870%29.jpg,https://upload.wikimedia.org/wikipedia/commons/a/a1/Miami_International_Airport_%28KMIA-MIA%29_%288204606870%29.jpg,05:00-22:00,MIA,535580d6-5aab-4c16-80a0-37e91bc6de7c,1,Estados Unidos,Média,Pendente,,Concourse D,,22 de maio de 2026
Admirals Club MIA D30,"MIA · Miami, Estados Unidos","OneWorld Emerald, OneWorld Sapphire","Ar condicionado, Bar, Centro de negócios, Chuveiro, Comida, Wi-Fi",50,Embarque doméstico/internacional,,"1+ foto, 3+ fotos, 5+ fotos, dias da semana, tempo máx",,,04:30-23:30,MIA,ed722924-a05e-4a4f-963b-2a2ffae208f9,0,Estados Unidos,Média,Pendente,,Concourse D,,22 de maio de 2026
Lufthansa Business Lounge (Satellit Schengen),"MUC · Munique, Alemanha",,,20,"Terminal 2 Satellite, near Gate K11 (MUC Airport), 85356 München",,"3+ fotos, 5+ fotos, cartões aceitos, comodidades, dias da semana, horário, localização exata, tempo máx",https://upload.wikimedia.org/wikipedia/commons/0/0d/Franz_Josef_Strauss_International_Airport_%28Munich%29.jpg,https://upload.wikimedia.org/wikipedia/commons/0/0d/Franz_Josef_Strauss_International_Airport_%28Munich%29.jpg,,MUC,6083435f-856b-4591-96e9-3d64f1d9b8d7,1,Alemanha,Média,Pendente,,,,26 de maio de 2026
Sumaq VIP Lounge & Business Center,"LIM · Lima, Peru",,,10,"Aeropuerto Internacional Jorge Chávez (LIM), El Callao, 1",,"1+ foto, 3+ fotos, 5+ fotos, cartões aceitos, comodidades, dias da semana, horário, localização exata, tempo máx",,,,LIM,fc38863c-0c69-40d6-86fc-117fe469ad32,0,Peru,Média,Pendente,,,,26 de maio de 2026
Flagship Lounge MIA,"MIA · Miami, Estados Unidos",OneWorld Emerald,"Ar condicionado, Bar, Centro de negócios, Chuveiro, Comida, Vista, Wi-Fi",60,First Class lounge American Airlines,,"3+ fotos, 5+ fotos, dias da semana, tempo máx",https://upload.wikimedia.org/wikipedia/commons/a/a1/Miami_International_Airport_%28KMIA-MIA%29_%288204606870%29.jpg,https://upload.wikimedia.org/wikipedia/commons/a/a1/Miami_International_Airport_%28KMIA-MIA%29_%288204606870%29.jpg,05:00-22:00,MIA,940549fe-8cb1-42e5-8fc7-6ff8cccb9bbd,1,Estados Unidos,Média,Pendente,,Concourse D,,22 de maio de 2026
Sala VIP Dali Iberia MAD T4S,"MAD · Madrid, Espanha",OneWorld Emerald,"Ar condicionado, Bar, Centro de negócios, Chuveiro, Comida, Vista, Wi-Fi",50,"Embarque internacional, primeira classe",,"1+ foto, 3+ fotos, 5+ fotos, dias da semana, tempo máx",,,05:00-23:00,MAD,982f7aa6-1b2f-486a-8ab7-d5fde3a490f2,0,Espanha,Média,Pendente,,Terminal 4S,,22 de maio de 2026
Plaza Premium Lounge,"MEL · Melbourne, Austrália",,,20,"Terminal 2, Melbourne Airport VIC 3045",,"3+ fotos, 5+ fotos, cartões aceitos, comodidades, dias da semana, horário, localização exata, tempo máx",https://upload.wikimedia.org/wikipedia/commons/2/29/Adelaide_International_Airport_1.jpg,https://upload.wikimedia.org/wikipedia/commons/2/29/Adelaide_International_Airport_1.jpg,,MEL,5fe4e60d-0ebd-4d5c-88d1-de97c3b9328b,1,Austrália,Média,Pendente,,,,26 de maio de 2026
Elite Lounge MasterCard,"MEX · Cidade do México, México",,,20,"Terminal 1 (Aeropuerto Internacional de la Ciudad de México), 15620 Venustiano Carranza, Ciudad de México",,"3+ fotos, 5+ fotos, cartões aceitos, comodidades, dias da semana, horário, localização exata, tempo máx",https://upload.wikimedia.org/wikipedia/commons/0/06/Aerial_View_of_Mexico_City_Airport_on_3.21.11_%28cropped%29.jpg,https://upload.wikimedia.org/wikipedia/commons/0/06/Aerial_View_of_Mexico_City_Airport_on_3.21.11_%28cropped%29.jpg,,MEX,43bc758f-4d7b-4466-a516-5acc26ba86b9,1,México,Média,Pendente,,,,26 de maio de 2026
Lufthansa Senator Lounge (Satellit Schengen),"MUC · Munique, Alemanha",,,10,"Terminal 2 Satellite, near Gate K11 (MUC Airport), 85356 München",,"1+ foto, 3+ fotos, 5+ fotos, cartões aceitos, comodidades, dias da semana, horário, localização exata, tempo máx",,,,MUC,fba34ca5-6999-41f1-b510-22334861e404,0,Alemanha,Média,Pendente,,,,26 de maio de 2026
OSL Lounge domestic,"OSL · Oslo, Noruega",,,20,"Domestic Terminal (OSL Airport), 2060 Gardermoen",,"3+ fotos, 5+ fotos, cartões aceitos, comodidades, dias da semana, horário, localização exata, tempo máx",https://upload.wikimedia.org/wikipedia/commons/f/f1/Oslo_Airport_terminal_night_view.jpg,https://upload.wikimedia.org/wikipedia/commons/f/f1/Oslo_Airport_terminal_night_view.jpg,,OSL,b913dafb-25c4-41ab-9e1e-8fc9fa7a7c7a,1,Noruega,Média,Pendente,,,,26 de maio de 2026
Business Lounge,"ORY · Orly, França",,,20,"Terminal 3 (ORY Airport), Paris, Île-de-France",,"3+ fotos, 5+ fotos, cartões aceitos, comodidades, dias da semana, horário, localização exata, tempo máx",https://upload.wikimedia.org/wikipedia/commons/d/de/Sala_Dal%C3%AD_-_Rinc%C3%B3n_del_Vino_%285657319902%29.jpg,https://upload.wikimedia.org/wikipedia/commons/d/de/Sala_Dal%C3%AD_-_Rinc%C3%B3n_del_Vino_%285657319902%29.jpg,,ORY,6b6dfcbe-2996-4d7b-80be-04e160f9102f,1,França,Média,Pendente,,,,26 de maio de 2026
Plaza Premium Lounge MCO,"MCO · Orlando, Estados Unidos","DragonPass, LoungeKey, Plaza Premium, Priority Pass, Visa Airport Companion","Ar condicionado, Bar, Centro de negócios, Chuveiro, Comida, Wi-Fi",50,Embarque internacional,,"1+ foto, 3+ fotos, 5+ fotos, dias da semana, tempo máx",,,05:00-22:00,MCO,f5e693c1-f08d-4757-b27a-b1427a76dbaa,0,Estados Unidos,Baixa,Pendente,,Airside 4,,22 de maio de 2026
No.1 Lounge LGW South,"LGW · London/Gatwick, Reino Unido","DragonPass, LoungeKey, Priority Pass, Visa Airport Companion","Ar condicionado, Bar, Centro de negócios, Chuveiro, Comida, Wi-Fi",60,Embarque,,"3+ fotos, 5+ fotos, dias da semana, tempo máx",https://upload.wikimedia.org/wikipedia/commons/2/21/Gatwick_Airport_%2850850159593%29.jpg,https://upload.wikimedia.org/wikipedia/commons/2/21/Gatwick_Airport_%2850850159593%29.jpg,04:00-22:00,LGW,d45a2536-6837-40cd-9a83-f64a5b71e1cf,1,Reino Unido,Baixa,Pendente,,South Terminal,,22 de maio de 2026
Sala VIP Manaus Eduardo Gomes,"MAO · Manaus, Brasil","DragonPass, Mastercard Airport Experiences, Visa Airport Companion","Ar condicionado, Comida, Wi-Fi",50,Embarque doméstico,,"1+ foto, 3+ fotos, 5+ fotos, dias da semana, tempo máx",,,05:00-22:00,MAO,e97e1f29-7ad9-4339-aa1b-b69a7673a929,0,Brasil,Baixa,Pendente,,Terminal Único,,22 de maio de 2026
Sala VIP Vinci Salvador,"SSA · Salvador, Brasil","DragonPass, Mastercard Airport Experiences, Visa Airport Companion","Ar condicionado, Bar, Comida, Wi-Fi",50,Embarque doméstico,,"1+ foto, 3+ fotos, 5+ fotos, dias da semana, tempo máx",,,05:00-22:00,SSA,9ec39601-f947-497f-955f-6109f5b684bd,0,Brasil,Baixa,Pendente,,Terminal Único,,22 de maio de 2026
American Express Centurion Lounge SFO,"SFO · San Francisco, Estados Unidos","Amex Centurion, Amex Platinum","Ar condicionado, Bar, Centro de negócios, Chuveiro, Comida, Vista, Wi-Fi",60,Embarque,,"3+ fotos, 5+ fotos, dias da semana, tempo máx",https://upload.wikimedia.org/wikipedia/commons/d/de/San_Francisco_International_Airport_-_aerial_photo.jpg,https://upload.wikimedia.org/wikipedia/commons/d/de/San_Francisco_International_Airport_-_aerial_photo.jpg,05:00-22:00,SFO,96959e39-51a3-4def-8feb-6fc738848e51,1,Estados Unidos,Baixa,Pendente,,Terminal 3,,22 de maio de 2026
Bidvest Premier Lounge JNB,"JNB · Joanesburgo, África do Sul","DragonPass, LoungeKey, Priority Pass, Visa Airport Companion","Ar condicionado, Bar, Centro de negócios, Comida, Wi-Fi",50,Embarque,,"1+ foto, 3+ fotos, 5+ fotos, dias da semana, tempo máx",,,05:00-22:00,JNB,ab4a5129-ea66-41e5-a42b-da6f758ac446,0,África do Sul,Baixa,Pendente,,International Terminal,,22 de maio de 2026
American Express Centurion Lounge MEX,"MEX · Cidade do México, México","Amex Centurion, Amex Platinum","Ar condicionado, Bar, Centro de negócios, Chuveiro, Comida, Wi-Fi",60,Embarque,,"3+ fotos, 5+ fotos, dias da semana, tempo máx",https://upload.wikimedia.org/wikipedia/commons/0/06/Aerial_View_of_Mexico_City_Airport_on_3.21.11_%28cropped%29.jpg,https://upload.wikimedia.org/wikipedia/commons/0/06/Aerial_View_of_Mexico_City_Airport_on_3.21.11_%28cropped%29.jpg,05:00-22:00,MEX,1d78d9bf-ff39-4b24-ba78-a8e887bcdf9c,1,México,Baixa,Pendente,,Terminal 2,,22 de maio de 2026
ANA Lounge NRT,"NRT · Tokyo/Narita, Japão",Star Alliance Gold,"Ar condicionado, Bar, Centro de negócios, Chuveiro, Comida, Wi-Fi",60,Embarque internacional ANA,,"3+ fotos, 5+ fotos, dias da semana, tempo máx",https://upload.wikimedia.org/wikipedia/commons/1/19/JA02WJ_JFK_Landing_22L_JL_A350_1041_Small_%2853548157200%29.png,https://upload.wikimedia.org/wikipedia/commons/1/19/JA02WJ_JFK_Landing_22L_JL_A350_1041_Small_%2853548157200%29.png,07:00-21:00,NRT,562cb016-eb5d-4398-a430-681d9774474f,1,Japão,Baixa,Pendente,,Terminal 1,,22 de maio de 2026
W Premium Lounge · Santos Dumont,"SDU · Aeroporto Santos Dumont · Rio de Janeiro, Desconhecido","DragonPass, LoungeKey, Mastercard Airport Experiences, Priority Pass, Visa Airport Companion","Ar condicionado, Bar, Comida, Vista, Wi-Fi",50,"Andar superior, próximo ao embarque doméstico | Voucher: Vista da Baía de Guanabara. Acesso via LoungeKey.",,"1+ foto, 3+ fotos, 5+ fotos, dias da semana, tempo máx",,,05:30–22:30,SDU,028d864d-269c-4adf-8cf2-0698dd083aff,0,Desconhecido,Baixa,Pendente,,Terminal Único,,23 de maio de 2026
LATAM VIP Lounge REC,"REC · Recife, Brasil","Latampass Black, OneWorld Emerald, OneWorld Sapphire","Ar condicionado, Bar, Comida, Wi-Fi",50,Embarque doméstico,,"1+ foto, 3+ fotos, 5+ fotos, dias da semana, tempo máx",,,05:00-22:00,REC,b9fcf7fe-e6d8-49b1-8b8a-38ea242d86e8,0,Brasil,Baixa,Pendente,,Terminal Único,,22 de maio de 2026
Sumaq Lounge LIM,"LIM · Lima, Peru","DragonPass, LoungeKey, Priority Pass, Visa Airport Companion","Ar condicionado, Bar, Centro de negócios, Chuveiro, Comida, Wi-Fi",50,Embarque internacional,,"1+ foto, 3+ fotos, 5+ fotos, dias da semana, tempo máx",,,05:00-23:00,LIM,977a2bb8-0280-4c2a-9cf1-77af05eaa902,0,Peru,Baixa,Pendente,,Terminal Único,,22 de maio de 2026
W Premium Lounge · São Luís,"SLZ · Aeroporto Internacional Marechal Cunha Machado · São Luís, Desconhecido","DragonPass, LoungeKey, Priority Pass, Visa Airport Companion","Ar condicionado, Bar, Comida, Wi-Fi",60,"Piso superior, embarque doméstico",,"3+ fotos, 5+ fotos, dias da semana, tempo máx",https://upload.wikimedia.org/wikipedia/commons/a/a6/N2749U%40PEK_%2820211130144100%29.jpg,https://upload.wikimedia.org/wikipedia/commons/a/a6/N2749U%40PEK_%2820211130144100%29.jpg,05:00–22:00,SLZ,a2a23595-482e-473b-96a4-17850e4e4cc0,1,Desconhecido,Baixa,Pendente,,Terminal Único,,23 de maio de 2026
SAS Gold Lounge OSL,"OSL · Oslo, Noruega",Star Alliance Gold,"Ar condicionado, Bar, Centro de negócios, Chuveiro, Comida, Vista, Wi-Fi",60,Embarque non-Schengen,,"3+ fotos, 5+ fotos, dias da semana, tempo máx",https://upload.wikimedia.org/wikipedia/commons/0/0a/Scandinavian_Airlines_System_%2849606868433%29.jpg,https://upload.wikimedia.org/wikipedia/commons/0/0a/Scandinavian_Airlines_System_%2849606868433%29.jpg,05:00-22:00,OSL,6a0dcbb3-4b9f-42b2-890f-875946d5e056,1,Noruega,Baixa,Pendente,,International,,22 de maio de 2026
American Express Centurion Lounge ORD,"ORD · Chicago, Estados Unidos","Amex Centurion, Amex Platinum","Ar condicionado, Bar, Centro de negócios, Chuveiro, Comida, Wi-Fi",50,Embarque,,"1+ foto, 3+ fotos, 5+ fotos, dias da semana, tempo máx",,,05:00-22:00,ORD,86cc1752-72ca-450a-b33c-f9c25d0c0995,0,Estados Unidos,Baixa,Pendente,,Terminal 3,,22 de maio de 2026
Malaysia Airlines Golden Lounge KUL,"KUL · Kuala Lumpur, Malásia","OneWorld Emerald, OneWorld Sapphire","Ar condicionado, Bar, Centro de negócios, Chuveiro, Comida, Sala de orações, Wi-Fi",60,Embarque internacional,,"3+ fotos, 5+ fotos, dias da semana, tempo máx",https://upload.wikimedia.org/wikipedia/commons/c/c2/Aerial_photograph_of_Malaysia_on_15_January_2026_-_02.jpg,https://upload.wikimedia.org/wikipedia/commons/c/c2/Aerial_photograph_of_Malaysia_on_15_January_2026_-_02.jpg,24h,KUL,50f10109-9dae-47cb-a83f-cde067705c8f,1,Malásia,Baixa,Pendente,,Satellite Building,,22 de maio de 2026
W Premium Lounge · Foz do Iguaçu,"IGU · Foz do Iguaçu, Brasil","LoungeKey, Priority Pass, Visa Airport Companion","Ar condicionado, Comida, Wi-Fi",50,Área de embarque doméstico,,"1+ foto, 3+ fotos, 5+ fotos, dias da semana, tempo máx",,,05:30–21:30,IGU,5bbc3907-dc3b-45b6-814a-b91065ada57f,0,Brasil,Baixa,Pendente,,Terminal Doméstico,,23 de maio de 2026
Korean Air KAL Prestige Lounge ICN,"ICN · Seul, Coreia do Sul",SkyTeam Elite Plus,"Ar condicionado, Bar, Centro de negócios, Chuveiro, Comida, Vista, Wi-Fi",50,Embarque internacional,,"1+ foto, 3+ fotos, 5+ fotos, dias da semana, tempo máx",,,24h,ICN,7071dce2-4331-4787-9c39-9fccf172e6f4,0,Coreia do Sul,Baixa,Pendente,,Terminal 2,,22 de maio de 2026
SATS Premier Lounge SIN T1,"SIN · Singapura, Singapura","DragonPass, LoungeKey, Priority Pass","Ar condicionado, Bar, Centro de negócios, Chuveiro, Comida, Wi-Fi",50,Embarque,,"1+ foto, 3+ fotos, 5+ fotos, dias da semana, tempo máx",,,24h,SIN,a2aade54-6954-4b45-9fcb-a23a8e516a90,0,Singapura,Baixa,Pendente,,Terminal 1,,22 de maio de 2026
United Polaris Lounge IAH,"IAH · Houston/George Bush, Estados Unidos",Star Alliance Gold,"Ar condicionado, Bar, Centro de negócios, Chuveiro, Comida, Vista, Wi-Fi",60,Embarque internacional,,"3+ fotos, 5+ fotos, dias da semana, tempo máx",https://upload.wikimedia.org/wikipedia/commons/a/a6/N2749U%40PEK_%2820211130144100%29.jpg,https://upload.wikimedia.org/wikipedia/commons/a/a6/N2749U%40PEK_%2820211130144100%29.jpg,07:00-22:00,IAH,91915f0c-34ae-4d16-a921-6ae06acfcdbd,1,Estados Unidos,Baixa,Pendente,,Terminal E,,22 de maio de 2026
Sala VIP Smiles Diamante POA,"POA · Porto Alegre, Brasil",Smiles Diamante,"Ar condicionado, Bar, Comida, Wi-Fi",50,Embarque doméstico,,"1+ foto, 3+ fotos, 5+ fotos, dias da semana, tempo máx",,,05:00-22:00,POA,539e4070-699f-40c8-a169-9de2d9faa081,0,Brasil,Baixa,Pendente,,Terminal 1,,22 de maio de 2026
Capital One Landing ORD,"ORD · Chicago, Estados Unidos","Capital One Lounges, Priority Pass","Ar condicionado, Bar, Centro de negócios, Comida, Wi-Fi",60,Embarque,,"3+ fotos, 5+ fotos, dias da semana, tempo máx",https://upload.wikimedia.org/wikipedia/commons/c/c2/O%27Hare_International_Airport_%28Iss069e037725%29_%28cropped%29.jpg,https://upload.wikimedia.org/wikipedia/commons/c/c2/O%27Hare_International_Airport_%28Iss069e037725%29_%28cropped%29.jpg,05:00-22:00,ORD,074d6ca1-c694-4a6e-82ee-ab4b5988b7c2,1,Estados Unidos,Baixa,Pendente,,Terminal 3,,22 de maio de 2026
Sala Montale Lounge MXP T1,"MXP · Milão, Itália","LoungeKey, Priority Pass, SkyTeam Elite Plus, Star Alliance Gold","Ar condicionado, Bar, Centro de negócios, Chuveiro, Comida, Wi-Fi",50,Embarque internacional,,"1+ foto, 3+ fotos, 5+ fotos, dias da semana, tempo máx",,,05:00-22:00,MXP,185fff3c-0c4b-4d1c-8138-f4935f2faa9d,0,Itália,Baixa,Pendente,,Terminal 1,,22 de maio de 2026
United Polaris Lounge ORD,"ORD · Chicago, Estados Unidos",Star Alliance Gold,"Ar condicionado, Bar, Centro de negócios, Chuveiro, Comida, Vista, Wi-Fi",60,Embarque internacional Polaris,,"3+ fotos, 5+ fotos, dias da semana, tempo máx",https://upload.wikimedia.org/wikipedia/commons/a/a6/N2749U%40PEK_%2820211130144100%29.jpg,https://upload.wikimedia.org/wikipedia/commons/a/a6/N2749U%40PEK_%2820211130144100%29.jpg,07:00-22:00,ORD,5c56c2a5-fdbc-48a3-880b-563aaf0fe995,1,Estados Unidos,Baixa,Pendente,,Terminal 1,,22 de maio de 2026
Qantas Business Lounge MEL,"MEL · Melbourne, Austrália","OneWorld Emerald, OneWorld Sapphire","Ar condicionado, Bar, Centro de negócios, Chuveiro, Comida, Vista, Wi-Fi",60,Embarque Qantas,,"3+ fotos, 5+ fotos, dias da semana, tempo máx",https://upload.wikimedia.org/wikipedia/commons/f/fd/9V-SGB_JFK_Taxiing_In_SQ_A359_941_ULR_Small.png,https://upload.wikimedia.org/wikipedia/commons/f/fd/9V-SGB_JFK_Taxiing_In_SQ_A359_941_ULR_Small.png,05:00-23:00,MEL,6f93a86f-bea5-4e98-99bb-bcd56027a683,1,Austrália,Baixa,Pendente,,T2 International,,22 de maio de 2026
W Premium Lounge · Manaus,"MAO · Manaus, Brasil","DragonPass, LoungeKey, Priority Pass, Visa Airport Companion","Ar condicionado, Bar, Comida, Wi-Fi",60,"Andar superior, acesso pela escada após check-in | Voucher: Acesso via LoungeKey ou Priority Pass",,"3+ fotos, 5+ fotos, dias da semana, tempo máx",https://upload.wikimedia.org/wikipedia/commons/c/c5/Berlin_Brandenburg_Airport_TAP_Air_Portugal_Airbus_A321-251NX_CS-TXD_%28DSC06323%29.jpg,https://upload.wikimedia.org/wikipedia/commons/c/c5/Berlin_Brandenburg_Airport_TAP_Air_Portugal_Airbus_A321-251NX_CS-TXD_%28DSC06323%29.jpg,05:00–23:00,MAO,424dfa2b-a565-4583-9f5e-8bb129b167fd,1,Brasil,Baixa,Pendente,,Terminal 1,,23 de maio de 2026
Sala VIP Londrina,"LDB · Londrina/Governador José Richa, Desconhecido","DragonPass, Visa Airport Companion","Ar condicionado, Comida, Wi-Fi",50,Embarque doméstico,,"1+ foto, 3+ fotos, 5+ fotos, dias da semana, tempo máx",,,06:00-21:00,LDB,0925dc06-d72d-4da7-8a4d-a4af5ce47708,0,Desconhecido,Baixa,Pendente,,Terminal Único,,22 de maio de 2026
W Premium Lounge · Maceió,"MCZ · Maceió, Brasil","DragonPass, LoungeKey, Priority Pass, Visa Airport Companion","Ar condicionado, Bar, Comida, Wi-Fi",60,"Andar superior, embarque doméstico",,"3+ fotos, 5+ fotos, dias da semana, tempo máx",https://upload.wikimedia.org/wikipedia/commons/1/1f/ZeppelinLZ127a.jpg,https://upload.wikimedia.org/wikipedia/commons/1/1f/ZeppelinLZ127a.jpg,05:30–22:00,MCZ,9c2f3d5e-c129-46a8-842b-9aaf5275dc4d,1,Brasil,Baixa,Pendente,,Terminal Único,,23 de maio de 2026
Air France Lounge ORY 3,"ORY · Paris/Orly, França",SkyTeam Elite Plus,"Ar condicionado, Bar, Centro de negócios, Chuveiro, Comida, Wi-Fi",60,Embarque,,"3+ fotos, 5+ fotos, dias da semana, tempo máx",https://upload.wikimedia.org/wikipedia/commons/8/8d/Athens_International_Airport_Eleftherios_Venizelos_%CE%94%CE%B9%CE%B5%CE%B8%CE%BD%CE%AE%CF%82_%CE%91%CE%B5%CF%81%CE%BF%CE%BB%CE%B9%CE%BC%CE%AD%CE%BD%CE%B1%CF%82_%CE%91%CE%B8%CE%B7%CE%BD%CF%8E%CE%BD_%CE%95%CE%BB%CE%B5%CF%85%CE%B8%CE%AD%CF%81%CE%B9%CE%BF%CF%82_%CE%92%CE%B5%CE%BD%CE%B9%CE%B6%CE%AD%CE%BB%CE%BF%CF%82_2019-12-01_i.jpg,https://upload.wikimedia.org/wikipedia/commons/8/8d/Athens_International_Airport_Eleftherios_Venizelos_%CE%94%CE%B9%CE%B5%CE%B8%CE%BD%CE%AE%CF%82_%CE%91%CE%B5%CF%81%CE%BF%CE%BB%CE%B9%CE%BC%CE%AD%CE%BD%CE%B1%CF%82_%CE%91%CE%B8%CE%B7%CE%BD%CF%8E%CE%BD_%CE%95%CE%BB%CE%B5%CF%85%CE%B8%CE%AD%CF%81%CE%B9%CE%BF%CF%82_%CE%92%CE%B5%CE%BD%CE%B9%CE%B6%CE%AD%CE%BB%CE%BF%CF%82_2019-12-01_i.jpg,05:30-22:00,ORY,3a1ac93c-b7da-470e-a6e1-8027d8efba2f,1,França,Baixa,Pendente,,Terminal 3,,22 de maio de 2026
ANA Lounge OPO,"OPO · Porto, Portugal","LoungeKey, Priority Pass, Star Alliance Gold","Ar condicionado, Bar, Centro de negócios, Comida, Wi-Fi",50,Embarque,,"1+ foto, 3+ fotos, 5+ fotos, dias da semana, tempo máx",,,05:00-22:00,OPO,90e125bc-156e-45dc-8cf5-755e13a90747,0,Portugal,Baixa,Pendente,,Terminal Único,,22 de maio de 2026
Chase Sapphire Lounge LGA,"LGA · New York/LaGuardia, Estados Unidos","Chase Sapphire Lounges, Priority Pass","Ar condicionado, Bar, Centro de negócios, Comida, Wi-Fi",50,Embarque,,"1+ foto, 3+ fotos, 5+ fotos, dias da semana, tempo máx",,,05:00-22:00,LGA,7a44f099-b6a2-4bd1-8f90-46b8145fe999,0,Estados Unidos,Baixa,Pendente,,Terminal B,,22 de maio de 2026
Turkish Airlines Lounge Miles & Smiles IST,"IST · Istambul, Turquia",Star Alliance Gold,"Ar condicionado, Bar, Centro de negócios, Chuveiro, Comida, Sala de orações, Wi-Fi",60,Lounge para Miles&Smiles Elite,,"3+ fotos, 5+ fotos, dias da semana, tempo máx",https://upload.wikimedia.org/wikipedia/commons/6/60/Hoofddorp_Thalys_TGV-PBA_4534_trein_9340_Paris-Nord_-_Flickr_-_Rob_Dammers.jpg,https://upload.wikimedia.org/wikipedia/commons/6/60/Hoofddorp_Thalys_TGV-PBA_4534_trein_9340_Paris-Nord_-_Flickr_-_Rob_Dammers.jpg,24h,IST,9e7238a6-f667-4133-a65b-3c3fc994d121,1,Turquia,Baixa,Pendente,,International Departures,,22 de maio de 2026
Living Heineken · Foz do Iguaçu,"IGU · Foz do Iguaçu, Brasil","DragonPass, Heineken Voucher, LoungeKey","Ar condicionado, Bar, Comida, Wi-Fi",50,"Andar superior, vista para o saguão | Voucher: Voucher Heineken aceito. Acesso via LoungeKey.",,"1+ foto, 3+ fotos, 5+ fotos, dias da semana, tempo máx",,,06:00–22:00,IGU,120100d7-3e8f-4923-9146-ad2f5b9e3b02,0,Brasil,Baixa,Pendente,,Terminal Internacional,,23 de maio de 2026
LATAM VIP Lounge POA,"POA · Porto Alegre, Brasil","Latampass Black, OneWorld Emerald, OneWorld Sapphire","Ar condicionado, Bar, Comida, Wi-Fi",50,Embarque doméstico,,"1+ foto, 3+ fotos, 5+ fotos, dias da semana, tempo máx",,,05:00-22:00,POA,c4748d3b-d32c-45c0-8407-176013c4c0bb,0,Brasil,Baixa,Pendente,,Terminal 1,,22 de maio de 2026
Chase Sapphire Lounge LAX,"LAX · Los Angeles, Estados Unidos","Chase Sapphire Lounges, Priority Pass","Ar condicionado, Bar, Centro de negócios, Comida, Vista, Wi-Fi",60,Embarque,,"3+ fotos, 5+ fotos, dias da semana, tempo máx",https://upload.wikimedia.org/wikipedia/commons/9/92/Washington_Dulles_International_Airport_at_Dusk.jpg,https://upload.wikimedia.org/wikipedia/commons/9/92/Washington_Dulles_International_Airport_at_Dusk.jpg,05:00-22:00,LAX,748f3437-b11b-4e9c-81df-54ccf278e0f5,1,Estados Unidos,Baixa,Pendente,,Tom Bradley International,,22 de maio de 2026
Aeromexico Premier Lounge MEX,"MEX · Cidade do México, México",SkyTeam Elite Plus,"Ar condicionado, Bar, Centro de negócios, Chuveiro, Comida, Wi-Fi",60,Embarque Aeromexico Internacional,,"3+ fotos, 5+ fotos, dias da semana, tempo máx",https://upload.wikimedia.org/wikipedia/commons/0/06/Aerial_View_of_Mexico_City_Airport_on_3.21.11_%28cropped%29.jpg,https://upload.wikimedia.org/wikipedia/commons/0/06/Aerial_View_of_Mexico_City_Airport_on_3.21.11_%28cropped%29.jpg,05:00-22:00,MEX,5d670c8b-71dc-4d9d-968b-8c08d77c9a57,1,México,Baixa,Pendente,,Terminal 2,,22 de maio de 2026
Plaza Premium Lounge REC,"REC · Recife, Brasil","DragonPass, LoungeKey, Plaza Premium, Priority Pass, Visa Airport Companion","Ar condicionado, Bar, Centro de negócios, Chuveiro, Comida, Wi-Fi",60,Embarque doméstico,,"3+ fotos, 5+ fotos, dias da semana, tempo máx",https://upload.wikimedia.org/wikipedia/commons/8/8b/DHS_Agencies_Support_Super_Bowl_LIX_Security_February_2025_-_108.jpg,https://upload.wikimedia.org/wikipedia/commons/8/8b/DHS_Agencies_Support_Super_Bowl_LIX_Security_February_2025_-_108.jpg,04:00-23:00,REC,6a243d7d-b705-491d-968b-7fcbec18b018,1,Brasil,Baixa,Pendente,,Terminal Único,,22 de maio de 2026
Sala VIP Smiles Diamante REC,"REC · Recife, Brasil",Smiles Diamante,"Ar condicionado, Bar, Comida, Wi-Fi",50,Embarque doméstico,,"1+ foto, 3+ fotos, 5+ fotos, dias da semana, tempo máx",,,05:00-22:00,REC,a9972b6c-0391-4ad8-9497-4312bc0f1afe,0,Brasil,Baixa,Pendente,,Terminal Único,,22 de maio de 2026
Plaza Premium Lounge PVG T2,"PVG · Shanghai, China","DragonPass, LoungeKey, Plaza Premium, Priority Pass","Ar condicionado, Bar, Centro de negócios, Chuveiro, Comida, Wi-Fi",50,Embarque internacional,,"1+ foto, 3+ fotos, 5+ fotos, dias da semana, tempo máx",,,06:00-23:00,PVG,4389e6b0-ce5e-4af1-b33c-19e7644e79ac,0,China,Baixa,Pendente,,Terminal 2,,22 de maio de 2026
Clubrooms LGW,"LGW · London/Gatwick, Reino Unido","LoungeKey, Priority Pass","Ar condicionado, Bar, Centro de negócios, Chuveiro, Comida, Wi-Fi",50,Embarque premium,,"1+ foto, 3+ fotos, 5+ fotos, dias da semana, tempo máx",,,05:00-21:00,LGW,aa891c83-0a4f-4c19-8e17-b86f9ebe38ef,0,Reino Unido,Baixa,Pendente,,South Terminal,,22 de maio de 2026
Asiana Business Lounge ICN,"ICN · Seul, Coreia do Sul",Star Alliance Gold,"Ar condicionado, Bar, Centro de negócios, Chuveiro, Comida, Wi-Fi",60,Embarque internacional Asiana,,"3+ fotos, 5+ fotos, dias da semana, tempo máx",https://upload.wikimedia.org/wikipedia/commons/b/bc/%EC%9D%B8%EC%B2%9C%EA%B5%AD%EC%A0%9C%EA%B3%B5%ED%95%AD_%281472%29.jpeg,https://upload.wikimedia.org/wikipedia/commons/b/bc/%EC%9D%B8%EC%B2%9C%EA%B5%AD%EC%A0%9C%EA%B3%B5%ED%95%AD_%281472%29.jpeg,06:00-22:00,ICN,960fe8cf-128a-49a3-86ca-ef7bd6ae52c1,1,Coreia do Sul,Baixa,Pendente,,Terminal 1,,22 de maio de 2026
Sala VIP João Pessoa,"JPA · João Pessoa, Brasil","DragonPass, Visa Airport Companion","Ar condicionado, Comida, Wi-Fi",60,Embarque doméstico,,"3+ fotos, 5+ fotos, dias da semana, tempo máx",https://upload.wikimedia.org/wikipedia/commons/9/95/Imagens_da_Cidade_de_S%C3%A3o_Paulo_e_Zool%C3%B3gico_da_Capital_Paulista._%2847480340301%29.jpg,https://upload.wikimedia.org/wikipedia/commons/9/95/Imagens_da_Cidade_de_S%C3%A3o_Paulo_e_Zool%C3%B3gico_da_Capital_Paulista._%2847480340301%29.jpg,05:00-22:00,JPA,cca3adb4-570e-48da-af9c-3bc190dfbd68,1,Brasil,Baixa,Pendente,,Terminal Único,,22 de maio de 2026
W Premium Lounge · Natal,"NAT · Natal, Brasil","DragonPass, LoungeKey, Mastercard Airport Experiences, Priority Pass, Visa Airport Companion","Ar condicionado, Bar, Comida, Wi-Fi",60,"Andar superior, área de embarque internacional | Voucher: Atende voos domésticos e internacionais. Acesso via LoungeKey.",,"3+ fotos, 5+ fotos, dias da semana, tempo máx",https://upload.wikimedia.org/wikipedia/commons/9/9d/LOT_Boeing_787-8_%28SP-LRA%29_arrives_London_Heathrow_11Apr2015_arp.jpg,https://upload.wikimedia.org/wikipedia/commons/9/9d/LOT_Boeing_787-8_%28SP-LRA%29_arrives_London_Heathrow_11Apr2015_arp.jpg,05:00–22:00,NAT,4c967e4f-d754-44d6-a0e0-4340d5caec1c,1,Brasil,Baixa,Pendente,,Terminal Internacional,,23 de maio de 2026
Sala VIP GOL · São Luís,"SLZ · Aeroporto Internacional Marechal Cunha Machado · São Luís, Desconhecido","GOL Diamante, LoungeKey, Smiles Diamante","Comida, Wi-Fi",50,"Área de embarque, corredor A",,"1+ foto, 3+ fotos, 5+ fotos, dias da semana, tempo máx",,,06:00–20:00,SLZ,fbb72257-5cf2-4870-8c3c-2429d86e7b06,0,Desconhecido,Baixa,Pendente,,Terminal Único,,23 de maio de 2026
JAL Sakura Lounge NRT T2,"NRT · Tokyo/Narita, Japão","OneWorld Emerald, OneWorld Sapphire","Ar condicionado, Bar, Centro de negócios, Chuveiro, Comida, Sala de orações, Wi-Fi",50,Embarque internacional JAL,,"1+ foto, 3+ fotos, 5+ fotos, dias da semana, tempo máx",,,07:00-21:30,NRT,8771c39b-72d9-4375-a9f9-123e29a6f47e,0,Japão,Baixa,Pendente,,Terminal 2,,22 de maio de 2026
Copa Club PTY,"PTY · Panama City/Tocumen, Panamá",Star Alliance Gold,"Ar condicionado, Bar, Centro de negócios, Comida, Wi-Fi",60,Embarque Copa Airlines,,"3+ fotos, 5+ fotos, dias da semana, tempo máx",https://upload.wikimedia.org/wikipedia/commons/0/03/HP-9925CMP_Copa_Airlines_Boeing_737_MAX_9_at_Tocumen_International_Airport_01.jpg,https://upload.wikimedia.org/wikipedia/commons/0/03/HP-9925CMP_Copa_Airlines_Boeing_737_MAX_9_at_Tocumen_International_Airport_01.jpg,04:00-23:00,PTY,1ff2fdf6-01a6-439f-b791-741477ed9c3a,1,Panamá,Baixa,Pendente,,Terminal 1,,22 de maio de 2026
Living Heineken (HNK) SLZ,"SLZ · São Luís/Marechal Cunha Machado, Desconhecido","DragonPass, Heineken Voucher, LoungeKey, Priority Pass, Visa Airport Companion","Ar condicionado, Bar, Comida, Wi-Fi",50,Área de embarque | Voucher: Voucher de consumo,,"1+ foto, 3+ fotos, 5+ fotos, dias da semana, tempo máx",,,05:00-22:00,SLZ,fc2cd165-a726-4fef-8192-662e011ace8a,0,Desconhecido,Baixa,Pendente,,Terminal Único,,22 de maio de 2026
W Premium Lounge · João Pessoa,"JPA · João Pessoa, Brasil","DragonPass, LoungeKey, Priority Pass, Visa Airport Companion","Ar condicionado, Bar, Comida, Wi-Fi",50,Piso superior do embarque,,"1+ foto, 3+ fotos, 5+ fotos, dias da semana, tempo máx",,,05:30–22:00,JPA,aff9f0f9-2a53-43fa-8407-536d12bbb1fa,0,Brasil,Baixa,Pendente,,Terminal Único,,23 de maio de 2026
Delta Sky Club SEA A,"SEA · Seattle, Estados Unidos",SkyTeam Elite Plus,"Ar condicionado, Bar, Centro de negócios, Comida, Vista, Wi-Fi",60,Embarque,,"3+ fotos, 5+ fotos, dias da semana, tempo máx",https://upload.wikimedia.org/wikipedia/commons/2/24/Big_Sky_Airlines_Beech_1900D.jpg,https://upload.wikimedia.org/wikipedia/commons/2/24/Big_Sky_Airlines_Beech_1900D.jpg,05:00-22:30,SEA,23cebf87-05f5-400d-bed1-bca7cf1bacb8,1,Estados Unidos,Baixa,Pendente,,Concourse A,,22 de maio de 2026
SilverKris Business Class Lounge SIN T3,"SIN · Singapura, Singapura",Star Alliance Gold,"Ar condicionado, Bar, Centro de negócios, Chuveiro, Comida, Vista, Wi-Fi",60,Embarque Singapore Airlines Business,,"3+ fotos, 5+ fotos, dias da semana, tempo máx",https://upload.wikimedia.org/wikipedia/commons/e/eb/Perth_Intl_front_side_on_2015.jpg,https://upload.wikimedia.org/wikipedia/commons/e/eb/Perth_Intl_front_side_on_2015.jpg,24h,SIN,dfbdf367-813d-4b4b-9957-612474cc530a,1,Singapura,Baixa,Pendente,,Terminal 3,,22 de maio de 2026
Plaza Premium First KUL,"KUL · Kuala Lumpur, Malásia","DragonPass, LoungeKey, Plaza Premium, Priority Pass","Ar condicionado, Bar, Centro de negócios, Chuveiro, Comida, Sala de orações, Wi-Fi",60,Lounge premium,,"3+ fotos, 5+ fotos, dias da semana, tempo máx",https://upload.wikimedia.org/wikipedia/commons/e/ed/Sakurai_Takahiro_from_%22GODZILLA_The_Planet_Eater%22_at_Opening_Ceremony_of_the_Tokyo_International_Film_Festival_2018_%2831747117738%29.jpg,https://upload.wikimedia.org/wikipedia/commons/e/ed/Sakurai_Takahiro_from_%22GODZILLA_The_Planet_Eater%22_at_Opening_Ceremony_of_the_Tokyo_International_Film_Festival_2018_%2831747117738%29.jpg,24h,KUL,c9cc7942-3e02-4d02-9fa1-690fec655c67,1,Malásia,Baixa,Pendente,,Main Terminal,,22 de maio de 2026
United Polaris Lounge SFO,"SFO · San Francisco, Estados Unidos",Star Alliance Gold,"Ar condicionado, Bar, Centro de negócios, Chuveiro, Comida, Vista, Wi-Fi",60,Embarque internacional,,"3+ fotos, 5+ fotos, dias da semana, tempo máx",https://upload.wikimedia.org/wikipedia/commons/a/a6/N2749U%40PEK_%2820211130144100%29.jpg,https://upload.wikimedia.org/wikipedia/commons/a/a6/N2749U%40PEK_%2820211130144100%29.jpg,06:00-23:00,SFO,0ed0a773-7cf9-4877-b783-e7032b2940f8,1,Estados Unidos,Baixa,Pendente,,Terminal G International,,22 de maio de 2026
American Express Centurion Lounge IAH,"IAH · Houston/George Bush, Estados Unidos","Amex Centurion, Amex Platinum","Ar condicionado, Bar, Centro de negócios, Chuveiro, Comida, Wi-Fi",60,Embarque internacional,,"3+ fotos, 5+ fotos, dias da semana, tempo máx",https://upload.wikimedia.org/wikipedia/commons/b/b9/JFK_Aerial_Nov_14_2018.jpg,https://upload.wikimedia.org/wikipedia/commons/b/b9/JFK_Aerial_Nov_14_2018.jpg,05:00-22:00,IAH,65e81c5e-e5ee-40ce-8f52-5a458d911c55,1,Estados Unidos,Baixa,Pendente,,Terminal D,,22 de maio de 2026
American Express Centurion Lounge LAX,"LAX · Los Angeles, Estados Unidos","Amex Centurion, Amex Platinum","Ar condicionado, Bar, Centro de negócios, Chuveiro, Comida, Vista, Wi-Fi",60,Embarque internacional,,"3+ fotos, 5+ fotos, dias da semana, tempo máx",https://upload.wikimedia.org/wikipedia/commons/d/de/San_Francisco_International_Airport_-_aerial_photo.jpg,https://upload.wikimedia.org/wikipedia/commons/d/de/San_Francisco_International_Airport_-_aerial_photo.jpg,05:00-23:00,LAX,c0d0fa62-437f-424d-8b76-db22f160d8e5,1,Estados Unidos,Baixa,Pendente,,Tom Bradley International,,22 de maio de 2026
SAA Premium Lounge JNB,"JNB · Joanesburgo, África do Sul",Star Alliance Gold,"Ar condicionado, Bar, Centro de negócios, Chuveiro, Comida, Wi-Fi",60,Embarque internacional,,"3+ fotos, 5+ fotos, dias da semana, tempo máx",https://upload.wikimedia.org/wikipedia/commons/f/fd/9V-SGB_JFK_Taxiing_In_SQ_A359_941_ULR_Small.png,https://upload.wikimedia.org/wikipedia/commons/f/fd/9V-SGB_JFK_Taxiing_In_SQ_A359_941_ULR_Small.png,05:00-22:00,JNB,da5a1df1-abf1-49b4-a419-c24b0b4dd6a9,1,África do Sul,Baixa,Pendente,,Terminal A,,22 de maio de 2026
LATAM VIP Lounge LIM,"LIM · Lima, Peru","Latampass Black, OneWorld Emerald, OneWorld Sapphire","Ar condicionado, Bar, Centro de negócios, Comida, Wi-Fi",60,Embarque LATAM,,"3+ fotos, 5+ fotos, dias da semana, tempo máx",https://upload.wikimedia.org/wikipedia/commons/9/9d/LOT_Boeing_787-8_%28SP-LRA%29_arrives_London_Heathrow_11Apr2015_arp.jpg,https://upload.wikimedia.org/wikipedia/commons/9/9d/LOT_Boeing_787-8_%28SP-LRA%29_arrives_London_Heathrow_11Apr2015_arp.jpg,05:00-23:00,LIM,5bc81007-e6ee-49ba-8a0b-d2e7a51b5cf5,1,Peru,Baixa,Pendente,,Terminal Único,,22 de maio de 2026
IGA Lounge IST,"IST · Istambul, Turquia","DragonPass, LoungeKey, Mastercard Airport Experiences, Priority Pass, Visa Airport Companion","Ar condicionado, Bar, Centro de negócios, Chuveiro, Comida, Sala de orações, Wi-Fi",60,Lounge premium pago,,"3+ fotos, 5+ fotos, dias da semana, tempo máx",https://upload.wikimedia.org/wikipedia/commons/a/ac/%C4%B0stanbul_Yeni_Havaliman%C4%B1_airport_Dec_2019.jpg,https://upload.wikimedia.org/wikipedia/commons/a/ac/%C4%B0stanbul_Yeni_Havaliman%C4%B1_airport_Dec_2019.jpg,24h,IST,34a868b7-c918-4134-9bf9-c8754f4dd3a6,1,Turquia,Baixa,Pendente,,International Departures,,22 de maio de 2026
W Premium Lounge · Navegantes,"NVT · Aeroporto Internacional de Navegantes, Desconhecido","DragonPass, LoungeKey, Visa Airport Companion","Ar condicionado, Comida, Wi-Fi",50,Mezanino do embarque,,"1+ foto, 3+ fotos, 5+ fotos, dias da semana, tempo máx",,,06:00–21:00,NVT,b7bf7f66-6e5e-4edf-a8f5-c18249cb44b8,0,Desconhecido,Baixa,Pendente,,Terminal Único,,23 de maio de 2026
Sala VIP Joinville,"JOI · Joinville/Lauro Carneiro de Loyola, Desconhecido","DragonPass, Visa Airport Companion","Ar condicionado, Comida, Wi-Fi",50,Embarque doméstico,,"1+ foto, 3+ fotos, 5+ fotos, dias da semana, tempo máx",,,06:00-21:00,JOI,2cb60309-3813-4c9c-b3aa-3798686535fe,0,Desconhecido,Baixa,Pendente,,Terminal Único,,22 de maio de 2026
Sala VIP Lounge MCZ,"MCZ · Maceió, Brasil","DragonPass, Mastercard Airport Experiences, Visa Airport Companion","Ar condicionado, Comida, Wi-Fi",50,Embarque doméstico,,"1+ foto, 3+ fotos, 5+ fotos, dias da semana, tempo máx",,,05:00-22:00,MCZ,8bc1c5e1-155b-4a67-b637-9a4f603774a0,0,Brasil,Baixa,Pendente,,Terminal Único,,22 de maio de 2026
Qantas Business Lounge SYD,"SYD · Sydney, Austrália","OneWorld Emerald, OneWorld Sapphire","Ar condicionado, Bar, Centro de negócios, Chuveiro, Comida, Vista, Wi-Fi",60,Qantas Business,,"3+ fotos, 5+ fotos, dias da semana, tempo máx",https://upload.wikimedia.org/wikipedia/commons/2/2d/Sydney_Airport_%28Kingsford_Smith%29_-_aerial_view_%28cropped%29.jpg,https://upload.wikimedia.org/wikipedia/commons/2/2d/Sydney_Airport_%28Kingsford_Smith%29_-_aerial_view_%28cropped%29.jpg,05:00-23:00,SYD,00b68dad-54ec-4c74-8b52-9a92afb75152,1,Austrália,Baixa,Pendente,,T1 International,,22 de maio de 2026
Sala VIP GOL · Maceió,"MCZ · Maceió, Brasil","GOL Diamante, LoungeKey, Smiles Diamante","Comida, Wi-Fi",50,"Corredor de embarque, lado esquerdo",,"1+ foto, 3+ fotos, 5+ fotos, dias da semana, tempo máx",,,06:00–20:00,MCZ,e144d719-af3a-4e70-af0f-bd205a2776c3,0,Brasil,Baixa,Pendente,,Terminal Único,,23 de maio de 2026
1903 Lounge MAN T3,"MAN · Manchester, Reino Unido","LoungeKey, Priority Pass","Ar condicionado, Bar, Centro de negócios, Chuveiro, Comida, Wi-Fi",60,Embarque premium,,"3+ fotos, 5+ fotos, dias da semana, tempo máx",https://upload.wikimedia.org/wikipedia/commons/7/71/Image-Grand_central_Station_Outside_Night_2.jpg,https://upload.wikimedia.org/wikipedia/commons/7/71/Image-Grand_central_Station_Outside_Night_2.jpg,05:00-22:00,MAN,a9464ae9-02d7-4082-9c0a-c167ce8ebf51,1,Reino Unido,Baixa,Pendente,,Terminal 3,,22 de maio de 2026
Sala VIP IGU,"IGU · Foz do Iguaçu, Brasil","DragonPass, Visa Airport Companion","Ar condicionado, Comida, Wi-Fi",50,Embarque doméstico,,"1+ foto, 3+ fotos, 5+ fotos, dias da semana, tempo máx",,,06:00-22:00,IGU,0ebb27b4-2a0d-43c5-b199-d4f49f998d25,0,Brasil,Baixa,Pendente,,Terminal Único,,22 de maio de 2026
Star Alliance Lounge LAX,"LAX · Los Angeles, Estados Unidos",Star Alliance Gold,"Ar condicionado, Bar, Centro de negócios, Chuveiro, Comida, Vista, Wi-Fi",60,Embarque internacional,,"3+ fotos, 5+ fotos, dias da semana, tempo máx",https://upload.wikimedia.org/wikipedia/commons/0/08/20240107_Boeing_787-10_of_EVA_Air_%28B-17813%29_at_SHA_01.jpg,https://upload.wikimedia.org/wikipedia/commons/0/08/20240107_Boeing_787-10_of_EVA_Air_%28B-17813%29_at_SHA_01.jpg,06:00-01:30,LAX,63755bb4-ba6e-4db4-b9eb-9963fee347ed,1,Estados Unidos,Baixa,Pendente,,Tom Bradley International,,22 de maio de 2026
Capital One Lounge SEA,"SEA · Seattle, Estados Unidos","Capital One Lounges, Priority Pass","Ar condicionado, Bar, Centro de negócios, Comida, Wi-Fi",60,Embarque,,"3+ fotos, 5+ fotos, dias da semana, tempo máx",https://upload.wikimedia.org/wikipedia/commons/6/63/Douglas_Sea_Terminal_-_Isle_of_Man_-_kingsley_-_20-APR-09.jpg,https://upload.wikimedia.org/wikipedia/commons/6/63/Douglas_Sea_Terminal_-_Isle_of_Man_-_kingsley_-_20-APR-09.jpg,05:00-22:00,SEA,b4bfc839-d32c-401c-bb4f-5e65b1c05fbf,1,Estados Unidos,Baixa,Pendente,,Concourse B,,22 de maio de 2026
LATAM VIP Lounge SSA,"SSA · Salvador, Brasil","Latampass Black, OneWorld Emerald, OneWorld Sapphire","Ar condicionado, Bar, Comida, Wi-Fi",50,Embarque doméstico,,"1+ foto, 3+ fotos, 5+ fotos, dias da semana, tempo máx",,,05:00-22:00,SSA,9bf2e82f-60ba-44cf-be3f-49a02f7a4edb,0,Brasil,Baixa,Pendente,,Terminal Único,,22 de maio de 2026
Extime Lounge ORY 4,"ORY · Paris/Orly, França","DragonPass, LoungeKey, Priority Pass, Visa Airport Companion","Ar condicionado, Bar, Centro de negócios, Comida, Wi-Fi",50,Embarque,,"1+ foto, 3+ fotos, 5+ fotos, dias da semana, tempo máx",,,05:00-22:00,ORY,97c4f4c2-7809-43f2-8d1d-8845e8779ee5,0,França,Baixa,Pendente,,Terminal 4,,22 de maio de 2026
SKYHUB Lounge ICN,"ICN · Seul, Coreia do Sul","DragonPass, LoungeKey, Priority Pass","Ar condicionado, Bar, Chuveiro, Comida, Wi-Fi",50,Lounge pago,,"1+ foto, 3+ fotos, 5+ fotos, dias da semana, tempo máx",,,06:00-22:00,ICN,0a1d0f4b-62f2-4ba9-8b83-0ac15006b6db,0,Coreia do Sul,Baixa,Pendente,,Terminal 1,,22 de maio de 2026
Qantas First Lounge LAX,"LAX · Los Angeles, Estados Unidos",OneWorld Emerald,"Ar condicionado, Bar, Centro de negócios, Chuveiro, Comida, Vista, Wi-Fi",60,First Class Qantas,,"3+ fotos, 5+ fotos, dias da semana, tempo máx",https://upload.wikimedia.org/wikipedia/commons/3/36/Qantas_Boeing_787-9_VH-ZNA_%2840626785014%29.jpg,https://upload.wikimedia.org/wikipedia/commons/3/36/Qantas_Boeing_787-9_VH-ZNA_%2840626785014%29.jpg,17:00-23:00,LAX,d9943aa5-cec0-434e-8af2-55d1741e311a,1,Estados Unidos,Baixa,Pendente,,Tom Bradley International,,22 de maio de 2026
Air China First Class Lounge PEK,"PEK · Pequim, China",Star Alliance Gold,"Ar condicionado, Bar, Centro de negócios, Chuveiro, Comida, Wi-Fi",60,Embarque internacional,,"3+ fotos, 5+ fotos, dias da semana, tempo máx",https://upload.wikimedia.org/wikipedia/commons/8/8f/Chess_at_Chinatown%2C_Singapore.jpg,https://upload.wikimedia.org/wikipedia/commons/8/8f/Chess_at_Chinatown%2C_Singapore.jpg,06:00-23:00,PEK,577b5ac0-9f7b-4c6c-ac9e-a0b08f552953,1,China,Baixa,Pendente,,Terminal 3,,22 de maio de 2026
Turkish Airlines Lounge Business IST,"IST · Istambul, Turquia",Star Alliance Gold,"Ar condicionado, Bar, Centro de negócios, Chuveiro, Comida, Nap, Sala de orações, Vista, Wi-Fi, Área kids",60,"Lounge Business Turkish (lendário, 2 andares, golf simulator)",,"3+ fotos, 5+ fotos, dias da semana, tempo máx",https://upload.wikimedia.org/wikipedia/commons/a/ac/%C4%B0stanbul_Yeni_Havaliman%C4%B1_airport_Dec_2019.jpg,https://upload.wikimedia.org/wikipedia/commons/a/ac/%C4%B0stanbul_Yeni_Havaliman%C4%B1_airport_Dec_2019.jpg,24h,IST,147cc5de-0038-4d42-8dbd-8727aab7b626,1,Turquia,Baixa,Pendente,,International Departures,,22 de maio de 2026
Plaza Premium Lounge SIN T1,"SIN · Singapura, Singapura","DragonPass, LoungeKey, Plaza Premium, Priority Pass, Visa Airport Companion","Ar condicionado, Bar, Centro de negócios, Chuveiro, Comida, Wi-Fi",60,Embarque,,"3+ fotos, 5+ fotos, dias da semana, tempo máx",https://upload.wikimedia.org/wikipedia/commons/2/29/Adelaide_International_Airport_1.jpg,https://upload.wikimedia.org/wikipedia/commons/2/29/Adelaide_International_Airport_1.jpg,24h,SIN,c5aff31e-e029-4bd0-8bd2-9f2e1d701852,1,Singapura,Baixa,Pendente,,Terminal 1,,22 de maio de 2026
Airport Lounge World MUC T1,"MUC · Munique, Alemanha","DragonPass, LoungeKey, Priority Pass, Visa Airport Companion","Ar condicionado, Bar, Chuveiro, Comida, Wi-Fi",50,Embarque,,"1+ foto, 3+ fotos, 5+ fotos, dias da semana, tempo máx",,,05:00-22:00,MUC,066fe63e-f0ca-4440-a862-0ba44021ab51,0,Alemanha,Baixa,Pendente,,Terminal 1,,22 de maio de 2026
United Club ORD C,"ORD · Chicago, Estados Unidos",Star Alliance Gold,"Ar condicionado, Bar, Centro de negócios, Comida, Wi-Fi",60,Embarque,,"3+ fotos, 5+ fotos, dias da semana, tempo máx",https://upload.wikimedia.org/wikipedia/commons/a/a8/The_Hellfire_Club%2C_Dublin.jpg,https://upload.wikimedia.org/wikipedia/commons/a/a8/The_Hellfire_Club%2C_Dublin.jpg,04:30-22:00,ORD,12f59b61-f237-4fa6-b280-61ca756d0373,1,Estados Unidos,Baixa,Pendente,,Terminal 1,,22 de maio de 2026
JAL First Class Lounge NRT,"NRT · Tokyo/Narita, Japão",OneWorld Emerald,"Ar condicionado, Bar, Centro de negócios, Chuveiro, Comida, Vista, Wi-Fi",60,First Class JAL,,"3+ fotos, 5+ fotos, dias da semana, tempo máx",https://upload.wikimedia.org/wikipedia/commons/1/19/JA02WJ_JFK_Landing_22L_JL_A350_1041_Small_%2853548157200%29.png,https://upload.wikimedia.org/wikipedia/commons/1/19/JA02WJ_JFK_Landing_22L_JL_A350_1041_Small_%2853548157200%29.png,07:00-21:30,NRT,0fd507fd-7167-4923-8f2c-c424d3673e3e,1,Japão,Baixa,Pendente,,Terminal 2,,22 de maio de 2026
Plaza Premium Lounge POA,"POA · Porto Alegre, Brasil","DragonPass, LoungeKey, Plaza Premium, Priority Pass, Visa Airport Companion","Ar condicionado, Bar, Centro de negócios, Chuveiro, Comida, Wi-Fi",50,Embarque doméstico,,"1+ foto, 3+ fotos, 5+ fotos, dias da semana, tempo máx",,,05:00-23:00,POA,aea7a424-711d-4bdf-a9d0-d405d64f9c79,0,Brasil,Baixa,Pendente,,Terminal 1,,22 de maio de 2026
American Express Centurion Lounge LGA,"LGA · New York/LaGuardia, Estados Unidos","Amex Centurion, Amex Platinum","Ar condicionado, Bar, Centro de negócios, Chuveiro, Comida, Vista, Wi-Fi",60,Embarque,,"3+ fotos, 5+ fotos, dias da semana, tempo máx",https://upload.wikimedia.org/wikipedia/commons/d/d4/Aeroporto_de_Campinas.jpg,https://upload.wikimedia.org/wikipedia/commons/d/d4/Aeroporto_de_Campinas.jpg,05:00-22:00,LGA,8c52912d-f8c8-4927-879b-09a9566524f0,1,Estados Unidos,Baixa,Pendente,,Terminal B,,22 de maio de 2026
IASS Executive Lounge NRT,"NRT · Tokyo/Narita, Japão","DragonPass, LoungeKey, Priority Pass","Ar condicionado, Comida, Wi-Fi",50,Lounge pago,,"1+ foto, 3+ fotos, 5+ fotos, dias da semana, tempo máx",,,07:00-21:00,NRT,3a671d35-d42b-4035-980e-8ba261813cb9,0,Japão,Baixa,Pendente,,Terminal 1,,22 de maio de 2026
Lufthansa Senator Lounge MUC H,"MUC · Munique, Alemanha",Star Alliance Gold,"Ar condicionado, Bar, Centro de negócios, Chuveiro, Comida, Vista, Wi-Fi",60,Embarque non-Schengen,,"3+ fotos, 5+ fotos, dias da semana, tempo máx",https://upload.wikimedia.org/wikipedia/commons/7/75/OE-LPM_%40_VIE%2C_2024-08-30.jpg,https://upload.wikimedia.org/wikipedia/commons/7/75/OE-LPM_%40_VIE%2C_2024-08-30.jpg,05:00-22:00,MUC,8e300524-9a4a-4c99-8ca0-7cc716accbc0,1,Alemanha,Baixa,Pendente,,Terminal 2 Satellite,,22 de maio de 2026
Sala VIP NVT,"NVT · Navegantes/Ministro Vitor Konder, Desconhecido","DragonPass, Visa Airport Companion","Ar condicionado, Comida, Wi-Fi",50,Embarque doméstico,,"1+ foto, 3+ fotos, 5+ fotos, dias da semana, tempo máx",,,05:00-21:00,NVT,dcdd2242-1b64-4e4a-b238-66bbaf6d80e8,0,Desconhecido,Baixa,Pendente,,Terminal Único,,22 de maio de 2026
Sala VIP Azul · Manaus,"MAO · Manaus, Brasil","LoungeKey, Tudoazul Diamante","Ar condicionado, Comida, Wi-Fi",50,Área de embarque doméstico,,"1+ foto, 3+ fotos, 5+ fotos, dias da semana, tempo máx",,,06:00–22:00,MAO,f1b54bf4-7d48-4bad-b3b2-1392d21f4438,0,Brasil,Baixa,Pendente,,Terminal 1,,23 de maio de 2026
Sala VIP Natal Trade Center,"NAT · Natal, Brasil","DragonPass, Mastercard Airport Experiences, Visa Airport Companion","Ar condicionado, Comida, Wi-Fi",50,Embarque doméstico,,"1+ foto, 3+ fotos, 5+ fotos, dias da semana, tempo máx",,,05:00-22:00,NAT,ffc6ea57-08a9-4abf-94c8-37ecccf1cfa5,0,Brasil,Baixa,Pendente,,Terminal Único,,22 de maio de 2026
Sala VIP LATAM · Santos Dumont,"SDU · Aeroporto Santos Dumont · Rio de Janeiro, Desconhecido","Latampass Black, OneWorld Emerald, OneWorld Sapphire, Star Alliance Gold","Bar, Comida, Wi-Fi",50,"Corredor B, próximo portão 6",,"1+ foto, 3+ fotos, 5+ fotos, dias da semana, tempo máx",,,05:00–21:00,SDU,f62fa434-d9cd-4ad7-b42e-8721dcb7f2db,0,Desconhecido,Baixa,Pendente,,Terminal Único,,23 de maio de 2026
Mastercard Lounge PRG T1,"PRG · Praga, Tchéquia","LoungeKey, Mastercard Airport Experiences, Priority Pass","Ar condicionado, Bar, Comida, Wi-Fi",50,Embarque non-Schengen,,"1+ foto, 3+ fotos, 5+ fotos, dias da semana, tempo máx",,,05:00-22:00,PRG,ce5b7f16-6ae5-4970-9cd7-4e2e71dc627f,0,Tchéquia,Baixa,Pendente,,Terminal 1,,22 de maio de 2026
Chase Sapphire Lounge SFO,"SFO · San Francisco, Estados Unidos","Chase Sapphire Lounges, Priority Pass","Ar condicionado, Bar, Centro de negócios, Comida, Vista, Wi-Fi",50,Embarque,,"1+ foto, 3+ fotos, 5+ fotos, dias da semana, tempo máx",,,05:30-22:00,SFO,155b41b9-83b1-4c6c-b02c-3e764ce80e20,0,Estados Unidos,Baixa,Pendente,,Terminal 3,,22 de maio de 2026
The Club MCO,"MCO · Orlando, Estados Unidos","DragonPass, LoungeKey, Priority Pass, Visa Airport Companion","Ar condicionado, Bar, Comida, Wi-Fi",60,Embarque,,"3+ fotos, 5+ fotos, dias da semana, tempo máx",https://upload.wikimedia.org/wikipedia/commons/6/63/%27Lando_%2821071002804%29.jpg,https://upload.wikimedia.org/wikipedia/commons/6/63/%27Lando_%2821071002804%29.jpg,05:00-22:00,MCO,cbc18da3-0493-493d-8ca7-c09dbbf3430d,1,Estados Unidos,Baixa,Pendente,,Airside 4,,22 de maio de 2026
VIP Lounge MEX T1,"MEX · Cidade do México, México","DragonPass, LoungeKey, Priority Pass, Visa Airport Companion","Ar condicionado, Bar, Comida, Wi-Fi",60,Embarque,,"3+ fotos, 5+ fotos, dias da semana, tempo máx",https://upload.wikimedia.org/wikipedia/commons/0/06/Aerial_View_of_Mexico_City_Airport_on_3.21.11_%28cropped%29.jpg,https://upload.wikimedia.org/wikipedia/commons/0/06/Aerial_View_of_Mexico_City_Airport_on_3.21.11_%28cropped%29.jpg,05:00-23:00,MEX,92673584-c2ec-4923-9209-bf8078b5ad94,1,México,Baixa,Pendente,,Terminal 1,,22 de maio de 2026
LATAM VIP Lounge SDU,"SDU · Rio de Janeiro/Santos Dumont, Desconhecido","Latampass Black, OneWorld Emerald, OneWorld Sapphire","Ar condicionado, Bar, Comida, Vista, Wi-Fi",50,Embarque doméstico,,"1+ foto, 3+ fotos, 5+ fotos, dias da semana, tempo máx",,,05:00-22:00,SDU,67755391-8e12-432a-b564-fffb0dce5331,0,Desconhecido,Baixa,Pendente,,Terminal Único,,22 de maio de 2026
Delta Sky Club LAX T3,"LAX · Los Angeles, Estados Unidos",SkyTeam Elite Plus,"Ar condicionado, Bar, Centro de negócios, Chuveiro, Comida, Wi-Fi",60,Embarque Delta,,"3+ fotos, 5+ fotos, dias da semana, tempo máx",https://upload.wikimedia.org/wikipedia/commons/b/b9/JFK_Aerial_Nov_14_2018.jpg,https://upload.wikimedia.org/wikipedia/commons/b/b9/JFK_Aerial_Nov_14_2018.jpg,04:30-23:00,LAX,6e326db2-0604-4ee3-86c5-b7af89d94ab7,1,Estados Unidos,Baixa,Pendente,,Terminal 3,,22 de maio de 2026
The Private Room SIN,"SIN · Singapura, Singapura",Star Alliance Gold,"Ar condicionado, Bar, Centro de negócios, Chuveiro, Comida, Vista, Wi-Fi",60,First Class Singapore Airlines exclusivo,,"3+ fotos, 5+ fotos, dias da semana, tempo máx",https://upload.wikimedia.org/wikipedia/commons/6/6d/Jan_Brueghel_de_Oude_en_Peter_Paul_Rubens_-_Het_aards_paradijs_met_de_zondeval_van_Adam_en_Eva.jpg,https://upload.wikimedia.org/wikipedia/commons/6/6d/Jan_Brueghel_de_Oude_en_Peter_Paul_Rubens_-_Het_aards_paradijs_met_de_zondeval_van_Adam_en_Eva.jpg,24h,SIN,9e1b15cc-ceee-4956-968a-989cd973d37d,1,Singapura,Baixa,Pendente,,Terminal 3,,22 de maio de 2026
United Polaris Lounge IAD,"IAD · Washington DC, Estados Unidos",Star Alliance Gold,"Ar condicionado, Bar, Centro de negócios, Chuveiro, Comida, Wi-Fi",60,Embarque internacional,,"3+ fotos, 5+ fotos, dias da semana, tempo máx",https://upload.wikimedia.org/wikipedia/commons/9/92/Washington_Dulles_International_Airport_at_Dusk.jpg,https://upload.wikimedia.org/wikipedia/commons/9/92/Washington_Dulles_International_Airport_at_Dusk.jpg,06:00-22:00,IAD,9b3477f9-565b-42f6-9255-5a8ba48ff748,1,Estados Unidos,Baixa,Pendente,,Concourse C/D,,22 de maio de 2026
ANA Suite Lounge HND,"HND · Tóquio, Japão",Star Alliance Gold,"Ar condicionado, Bar, Centro de negócios, Chuveiro, Comida, Vista, Wi-Fi",50,First Class ANA,,"1+ foto, 3+ fotos, 5+ fotos, dias da semana, tempo máx",,,06:00-01:30,HND,bf3b773d-e3fd-49fb-a2a9-382da76bdbdd,0,Japão,Baixa,Pendente,,Terminal 3,,22 de maio de 2026
JAL First Class Lounge HND,"HND · Tóquio, Japão",OneWorld Emerald,"Ar condicionado, Bar, Centro de negócios, Chuveiro, Comida, Vista, Wi-Fi",50,First Class JAL Internacional,,"1+ foto, 3+ fotos, 5+ fotos, dias da semana, tempo máx",,,06:00-01:30,HND,3d71efbf-79b7-46c4-bd24-28a36be87a69,0,Japão,Baixa,Pendente,,Terminal 3,,22 de maio de 2026
Finnair Platinum Wing HEL,"HEL · Helsinki, Finlândia",OneWorld Emerald,"Ar condicionado, Bar, Centro de negócios, Chuveiro, Comida, Vista, Wi-Fi",50,First Class/Platinum exclusivo Finnair,,"1+ foto, 3+ fotos, 5+ fotos, dias da semana, tempo máx",,,05:00-22:00,HEL,758b8c40-6ad8-4cd3-b8a5-9fda21389a6e,0,Finlândia,Baixa,Pendente,,Terminal 2,,22 de maio de 2026
Swiss Business Lounge GVA,"GVA · Genebra, Suíça",Star Alliance Gold,"Ar condicionado, Bar, Centro de negócios, Chuveiro, Comida, Vista, Wi-Fi",60,Embarque internacional,,"3+ fotos, 5+ fotos, dias da semana, tempo máx",https://upload.wikimedia.org/wikipedia/commons/9/98/Geneva_airport_from_air.jpg,https://upload.wikimedia.org/wikipedia/commons/9/98/Geneva_airport_from_air.jpg,05:00-22:00,GVA,f9a2f712-7797-421c-99e7-88d43ee5db77,1,Suíça,Baixa,Pendente,,Main Terminal,,22 de maio de 2026
Cathay Pacific The Wing First HKG,"HKG · Hong Kong, Hong Kong",OneWorld Emerald,"Ar condicionado, Bar, Centro de negócios, Chuveiro, Comida, Vista, Wi-Fi",60,Cathay First Class,,"3+ fotos, 5+ fotos, dias da semana, tempo máx",https://upload.wikimedia.org/wikipedia/commons/b/b8/Cathay_Pacific_A350-1000XWB_B-LXA.jpg,https://upload.wikimedia.org/wikipedia/commons/b/b8/Cathay_Pacific_A350-1000XWB_B-LXA.jpg,05:30-00:30,HKG,6a454561-d124-4d1f-ba8d-2b5e009f720c,1,Hong Kong,Baixa,Pendente,,Departures Level,,22 de maio de 2026
Plaza Premium Lounge FOR,"FOR · Fortaleza, Brasil","DragonPass, LoungeKey, Plaza Premium, Priority Pass, Visa Airport Companion","Ar condicionado, Bar, Centro de negócios, Chuveiro, Comida, Wi-Fi",60,Embarque doméstico,,"3+ fotos, 5+ fotos, dias da semana, tempo máx",https://upload.wikimedia.org/wikipedia/commons/9/9f/Winnipeg_James_Armstrong_Richardson_International_Airport%2C_Winnipeg%2C_Manitoba_%2829035393407%29.jpg,https://upload.wikimedia.org/wikipedia/commons/9/9f/Winnipeg_James_Armstrong_Richardson_International_Airport%2C_Winnipeg%2C_Manitoba_%2829035393407%29.jpg,05:00-23:00,FOR,32b0e324-7cf0-4b4d-80fb-4627733f67b2,1,Brasil,Baixa,Pendente,,Terminal Único,,22 de maio de 2026
Sala VIP GOL · Goiânia,"GYN · Goiânia, Brasil","GOL Diamante, LoungeKey, Smiles Diamante","Bar, Comida, Wi-Fi",50,"Portão 1, lado direito antes do embarque",,"1+ foto, 3+ fotos, 5+ fotos, dias da semana, tempo máx",,,05:00–22:00,GYN,6d67dc2c-fd8e-4fef-8092-d249bfd3f764,0,Brasil,Baixa,Pendente,,Terminal Único,,23 de maio de 2026
Cathay Pacific The Pier HKG,"HKG · Hong Kong, Hong Kong","OneWorld Emerald, OneWorld Sapphire","Ar condicionado, Bar, Centro de negócios, Chuveiro, Comida, Vista, Wi-Fi",60,Cathay Business Class,,"3+ fotos, 5+ fotos, dias da semana, tempo máx",https://upload.wikimedia.org/wikipedia/commons/b/b8/Cathay_Pacific_A350-1000XWB_B-LXA.jpg,https://upload.wikimedia.org/wikipedia/commons/b/b8/Cathay_Pacific_A350-1000XWB_B-LXA.jpg,05:30-00:30,HKG,2860cf41-f5ee-45e2-97e1-c5c98abd33a8,1,Hong Kong,Baixa,Pendente,,Departures Level,,22 de maio de 2026
Plaza Premium First HKG,"HKG · Hong Kong, Hong Kong","DragonPass, LoungeKey, Plaza Premium, Priority Pass, Visa Airport Companion","Ar condicionado, Bar, Centro de negócios, Chuveiro, Comida, Vista, Wi-Fi",60,Lounge premium,,"3+ fotos, 5+ fotos, dias da semana, tempo máx",https://upload.wikimedia.org/wikipedia/commons/1/1b/Chubu_International_Airport_Aerial_photograph.2010.jpg,https://upload.wikimedia.org/wikipedia/commons/1/1b/Chubu_International_Airport_Aerial_photograph.2010.jpg,24h,HKG,bb0376a9-123d-4fe5-8ab8-d4dd3f75ad7e,1,Hong Kong,Baixa,Pendente,,Departures Level,,22 de maio de 2026
Finnair Lounge HEL,"HEL · Helsinki, Finlândia","OneWorld Emerald, OneWorld Sapphire","Ar condicionado, Bar, Centro de negócios, Chuveiro, Comida, Vista, Wi-Fi",60,Embarque non-Schengen,,"3+ fotos, 5+ fotos, dias da semana, tempo máx",https://upload.wikimedia.org/wikipedia/commons/7/76/Helsinki-Vantaa_airport.jpg,https://upload.wikimedia.org/wikipedia/commons/7/76/Helsinki-Vantaa_airport.jpg,05:00-22:00,HEL,117a7cf0-7012-425c-91ed-398c60cba31f,1,Finlândia,Baixa,Pendente,,Terminal 2,,22 de maio de 2026
Sala VIP Smiles Diamante FOR,"FOR · Fortaleza, Brasil",Smiles Diamante,"Ar condicionado, Bar, Comida, Wi-Fi",50,Embarque doméstico,,"1+ foto, 3+ fotos, 5+ fotos, dias da semana, tempo máx",,,05:00-22:00,FOR,27b266c5-79fa-473e-a226-500e2e83376c,0,Brasil,Baixa,Pendente,,Terminal Único,,22 de maio de 2026
W Premium Lounge · Goiânia,"GYN · Goiânia, Brasil","DragonPass, LoungeKey, Mastercard Airport Experiences, Priority Pass, Visa Airport Companion","Ar condicionado, Bar, Centro de negócios, Comida, Wi-Fi",50,"Área VIP no embarque, andar superior | Voucher: Acesso via LoungeKey ou DragonPass",,"1+ foto, 3+ fotos, 5+ fotos, dias da semana, tempo máx",,,06:00–22:00,GYN,2a967543-0eab-4dd0-8365-00465e9fd56d,0,Brasil,Baixa,Pendente,,Terminal Único,,23 de maio de 2026
BRB Lounge · Goiânia,"GYN · Goiânia, Brasil","DragonPass, LoungeKey, Priority Pass, Visa Airport Companion","Ar condicionado, Bar, Comida, Wi-Fi",50,"Mezanino, próximo ao embarque doméstico | Voucher: Acesso via LoungeKey, Priority Pass e Visa Airport Companion",,"1+ foto, 3+ fotos, 5+ fotos, dias da semana, tempo máx",,,05:30–23:30,GYN,75b70d4c-d312-4686-9860-f50ec9debf7d,0,Brasil,Baixa,Pendente,,Terminal Único,,23 de maio de 2026
Living Heineken (HNK) GYN,"GYN · Goiânia, Brasil","DragonPass, Heineken Voucher, LoungeKey, Mastercard Airport Experiences, Priority Pass, Visa Airport Companion","Ar condicionado, Bar, Comida, Wi-Fi",50,"Lado ar, próximo ao portão 3 | Voucher: Voucher de consumo via Visa Companion",,"1+ foto, 3+ fotos, 5+ fotos, dias da semana, tempo máx",,,24h,GYN,7cf266bb-d6ee-4b83-bb39-9ee3ebaceeae,0,Brasil,Baixa,Pendente,,Terminal Único,,22 de maio de 2026